date,pnl_bp,open_positions,mtm_bp
2020-01-29,0.0,0,0.0
2020-01-30,0.0,0,0.0
2020-01-31,0.0,0,0.0
2020-02-03,0.0,0,0.0
2020-02-04,0.0,0,0.0
2020-02-05,0.0,0,0.0
2020-02-06,0.0,0,0.0
2020-02-07,0.0,0,0.0
2020-02-10,0.0,0,0.0
2020-02-11,0.0,0,0.0
2020-02-12,0.0,0,0.0
2020-02-13,0.0,0,0.0
2020-02-14,0.0,0,0.0
2020-02-18,0.0,0,0.0
2020-02-19,0.0,0,0.0
2020-02-20,0.0,0,0.0
2020-02-21,0.0,0,0.0
2020-02-24,0.0,0,0.0
2020-02-25,0.0,0,0.0
2020-02-26,0.0,0,0.0
2020-02-27,0.0,0,0.0
2020-02-28,0.0,0,0.0
2020-03-02,0.0,0,0.0
2020-03-03,0.0,0,0.0
2020-03-04,0.0,0,0.0
2020-03-05,0.0,0,0.0
2020-03-06,0.0,0,0.0
2020-03-09,0.0,0,0.0
2020-03-10,0.0,0,0.0
2020-03-11,0.0,0,0.0
2020-03-12,0.0,0,0.0
2020-03-13,0.0,0,0.0
2020-03-16,0.0,0,0.0
2020-03-17,0.0,0,0.0
2020-03-18,0.0,0,0.0
2020-03-19,0.0,0,0.0
2020-03-20,0.0,0,0.0
2020-03-23,0.0,0,0.0
2020-03-24,0.0,0,0.0
2020-03-25,0.0,0,0.0
2020-03-26,0.0,0,0.0
2020-03-27,0.0,0,0.0
2020-03-30,0.0,0,0.0
2020-03-31,0.0,0,0.0
2020-04-01,0.0,0,0.0
2020-04-02,0.0,0,0.0
2020-04-03,0.0,0,0.0
2020-04-06,0.0,0,0.0
2020-04-07,0.0,0,0.0
2020-04-08,0.0,0,0.0
2020-04-09,0.0,0,0.0
2020-04-13,0.0,0,0.0
2020-04-14,0.0,0,0.0
2020-04-15,0.0,0,0.0
2020-04-16,0.0,0,0.0
2020-04-17,0.0,0,0.0
2020-04-20,0.0,0,0.0
2020-04-21,0.0,0,0.0
2020-04-22,0.0,0,0.0
2020-04-23,0.0,0,0.0
2020-04-24,0.0,0,0.0
2020-04-27,0.0,0,0.0
2020-04-28,0.0,0,0.0
2020-04-29,0.0,0,0.0
2020-04-30,0.0,0,0.0
2020-05-01,0.0,0,0.0
2020-05-04,0.0,0,0.0
2020-05-05,0.0,0,0.0
2020-05-06,0.0,0,0.0
2020-05-07,0.0,0,0.0
2020-05-08,0.0,0,0.0
2020-05-11,0.0,0,0.0
2020-05-12,0.0,0,0.0
2020-05-13,0.0,0,0.0
2020-05-14,0.0,0,0.0
2020-05-15,0.0,0,0.0
2020-05-18,0.0,0,0.0
2020-05-19,0.0,0,0.0
2020-05-20,0.0,0,0.0
2020-05-21,0.0,0,0.0
2020-05-22,0.0,0,0.0
2020-05-26,0.0,0,0.0
2020-05-27,0.0,0,0.0
2020-05-28,0.0,0,0.0
2020-05-29,0.0,0,0.0
2020-06-01,0.0,0,0.0
2020-06-02,0.0,0,0.0
2020-06-03,0.0,0,0.0
2020-06-04,0.0,0,0.0
2020-06-05,0.0,0,0.0
2020-06-08,0.0,0,0.0
2020-06-09,0.0,0,0.0
2020-06-10,0.0,0,0.0
2020-06-11,0.0,0,0.0
2020-06-12,0.0,0,0.0
2020-06-15,0.0,0,0.0
2020-06-16,0.0,0,0.0
2020-06-17,0.0,0,0.0
2020-06-18,0.0,0,0.0
2020-06-19,0.0,0,0.0
2020-06-22,0.0,0,0.0
2020-06-23,0.0,0,0.0
2020-06-24,0.0,0,0.0
2020-06-25,0.0,0,0.0
2020-06-26,0.0,0,0.0
2020-06-29,0.0,0,0.0
2020-06-30,0.0,0,0.0
2020-07-01,0.0,0,0.0
2020-07-02,0.0,0,0.0
2020-07-06,0.0,0,0.0
2020-07-07,0.0,0,0.0
2020-07-08,0.0,0,0.0
2020-07-09,0.0,0,0.0
2020-07-10,0.0,0,0.0
2020-07-13,0.0,0,0.0
2020-07-14,0.0,0,0.0
2020-07-15,0.0,0,0.0
2020-07-16,0.0,0,0.0
2020-07-17,0.0,0,0.0
2020-07-20,0.0,0,0.0
2020-07-21,0.0,0,0.0
2020-07-22,0.0,0,0.0
2020-07-23,0.0,0,0.0
2020-07-24,0.0,0,0.0
2020-07-27,0.0,0,0.0
2020-07-28,0.0,0,0.0
2020-07-29,-0.04699039569527941,2,-0.04699039569527941
2020-07-30,0.026921946294915747,2,-0.02006844940036366
2020-07-31,-0.04618937055818466,2,-0.06625781995854832
2020-08-03,0.015197852957722524,2,-0.051059967000825796
2020-08-04,9.888685955095067e-05,2,-0.050961080141274845
2020-08-05,-0.028551961620617676,2,-0.07951304176189253
2020-08-06,-0.0008013172898023377,2,-0.08031435905169487
2020-08-07,0.06171947997439839,2,-0.018594879077296483
2020-08-10,0.0009181480027612016,2,-0.017676731074535282
2020-08-11,0.029545999523866467,2,0.011869268449331186
2020-08-12,-0.011031674094826777,2,0.000837594354504409
2020-08-13,0.005166998530467259,2,0.006004592884971668
2020-08-14,0.039971223027672004,2,0.04597581591264367
2020-08-17,-0.012871272413678497,2,0.033104543498965175
2020-08-18,0.061611526417656076,2,0.09471606991662125
2020-08-19,0.04228648368143208,2,0.13700255359805333
2020-08-20,-0.02602647195453707,2,0.11097608164351626
2020-08-21,0.0037579656082997737,2,0.11473404725181603
2020-08-24,0.09977512082956164,2,0.21450916808137765
2020-08-25,0.01925547902715699,2,0.23376464710853465
2020-08-26,0.10791235066535436,4,0.341676997773889
2020-08-27,-0.06778338694152591,4,0.2738936108323631
2020-08-28,0.11166519706778014,4,0.3855588079001432
2020-08-31,0.01605303197813253,4,0.4016118398782757
2020-09-01,-0.0091979816856406,4,0.3924138581926351
2020-09-02,-0.24674668971775207,7,0.145667168474883
2020-09-03,-0.18817414557248446,7,-0.042506977097601456
2020-09-04,0.15848228442855497,7,0.11597530733095351
2020-09-08,-0.11792383305583147,7,-0.0019485257248779558
2020-09-09,0.1192199482054621,7,0.11727142248058414
2020-09-10,-0.05047511545703252,10,0.06679630702355163
2020-09-11,-0.15942713306103345,10,-0.09263082603748182
2020-09-14,0.2539321068927556,10,0.16130128085527376
2020-09-15,-0.06818318440691352,10,0.09311809644836024
2020-09-16,0.07864142426471292,10,0.17175952071307315
2020-09-17,-0.01242210925561578,13,0.1593374114574574
2020-09-18,0.025122787327889473,13,0.18446019878534686
2020-09-21,-0.1150184970765597,13,0.06944170170878716
2020-09-22,0.21080199184270615,13,0.2802436935514933
2020-09-23,-0.1447107114328599,13,0.1355329821186334
2020-09-24,0.2254652019919272,13,0.3609981841105606
2020-09-25,-0.5354645780941227,13,-0.17446639398356212
2020-09-28,-0.06042128671625468,11,-0.2348876806998168
2020-09-29,0.21774804158541783,11,-0.017139639114398975
2020-09-30,-0.1780220896130689,11,-0.19516172872746787
2020-10-01,-0.012042011826703808,11,-0.20720374055417168
2020-10-02,0.03163135843841054,11,-0.17557238211576115
2020-10-05,-0.023152231903962782,11,-0.19872461401972394
2020-10-06,0.06022516139738682,11,-0.13849945262233712
2020-10-07,-0.04940514707614299,11,-0.1879045996984801
2020-10-08,0.12482801234876172,14,-0.0630765873497184
2020-10-09,0.0669998209913364,14,0.003923233641618007
2020-10-13,0.09317337799852446,14,0.09709661164014247
2020-10-14,-0.1553558667295658,14,-0.05825925508942334
2020-10-15,0.26806580413648096,14,0.20980654904705762
2020-10-16,-0.024292638761250276,14,0.18551391028580733
2020-10-19,0.003971451129597216,14,0.18948536141540454
2020-10-20,-0.05396105288026247,14,0.13552430853514208
2020-10-21,-0.14547219153985586,14,-0.009947883004713776
2020-10-22,0.13852557714465225,14,0.12857769413993847
2020-10-23,-0.04079461280348677,14,0.0877830813364517
2020-10-26,-0.3408218659209844,14,-0.2530387845845327
2020-10-27,-0.045434798153429136,12,-0.2984735827379619
2020-10-28,0.015241595110143696,12,-0.2832319876278182
2020-10-29,-0.05268835323830505,12,-0.33592034086612327
2020-10-30,0.012284342329835843,13,-0.32363599853628744
2020-11-02,-1.4979825110555463,13,-1.8216185095918336
2020-11-03,-0.009966563337070633,10,-1.8315850729289043
2020-11-04,-0.11584589824629457,10,-1.947430971175199
2020-11-05,0.046400920739046114,10,-1.9010300504361528
2020-11-06,-0.08451435802677106,10,-1.985544408462924
2020-11-09,-1.8015999012526498,10,-3.7871443097155737
2020-11-10,0.11348212709419755,7,-3.673662182621376
2020-11-12,0.022532323478189217,7,-3.651129859143187
2020-11-13,0.023390760651273705,7,-3.6277390984919133
2020-11-16,0.016605360884478018,7,-3.6111337376074353
2020-11-17,-1.584159670041082,7,-5.195293407648517
2020-11-18,-0.02435788847819554,4,-5.219651296126712
2020-11-19,-0.16618528882810252,4,-5.385836584954815
2020-11-20,-0.0351363518315507,4,-5.420972936786366
2020-11-23,0.013735790730322588,6,-5.407237146056043
2020-11-24,-0.1741062267122277,6,-5.581343372768271
2020-11-25,-0.02905718449776251,6,-5.610400557266034
2020-11-27,0.06300234219839305,6,-5.54739821506764
2020-11-30,0.0019656449972318933,6,-5.545432570070409
2020-12-01,-0.14744972039888768,6,-5.692882290469297
2020-12-02,0.36787302974889663,6,-5.3250092607204
2020-12-03,0.06053351270831542,6,-5.264475748012084
2020-12-04,-0.11530139532167755,6,-5.379777143333762
2020-12-07,0.09387520343657707,6,-5.285901939897185
2020-12-08,-0.3183583022047064,6,-5.604260242101891
2020-12-09,-0.8187009670110452,6,-6.422961209112937
2020-12-10,-0.1183724288694146,3,-6.541333637982351
2020-12-11,0.3500399074221661,3,-6.191293730560185
2020-12-14,-0.08391987176827514,3,-6.27521360232846
2020-12-15,0.0041576451794691355,7,-6.271055957148991
2020-12-16,0.2355981931160936,7,-6.0354577640328975
2020-12-17,-0.17839025502316985,7,-6.213848019056067
2020-12-18,0.21244957000994277,7,-6.001398449046125
2020-12-21,-0.18893219269300593,7,-6.190330641739131
2020-12-22,0.29358622135359513,7,-5.896744420385535
2020-12-23,-0.1756674631714031,7,-6.0724118835569385
2020-12-24,0.2208501533622641,7,-5.851561730194675
2020-12-28,0.08512698649322847,7,-5.7664347437014465
2020-12-29,0.015689406149654674,7,-5.750745337551792
2020-12-30,0.4938021300633083,8,-5.256943207488484
2020-12-31,-0.4897134421126093,8,-5.746656649601094
2021-01-04,-0.6641083252064894,7,-6.410764974807583
2021-01-05,0.15157738395116122,7,-6.259187590856421
2021-01-06,-0.11421719691316849,7,-6.37340478776959
2021-01-07,0.08995690442688975,10,-6.2834478833427
2021-01-08,-0.023836888339334963,10,-6.307284771682035
2021-01-11,-0.04011543592786814,10,-6.347400207609903
2021-01-12,0.016221142036079522,10,-6.331179065573823
2021-01-13,-0.06277873026140884,10,-6.393957795835232
2021-01-14,0.10010268818560832,10,-6.293855107649623
2021-01-15,0.10611774178135697,10,-6.187737365868267
2021-01-19,-0.05629470044142837,10,-6.244032066309695
2021-01-20,-0.10203767773254861,10,-6.346069744042244
2021-01-21,0.18449029938360584,10,-6.161579444658638
2021-01-22,-0.07353240508828315,10,-6.235111849746921
2021-01-25,-1.3742898338649292,10,-7.60940168361185
2021-01-26,-0.169421710425771,8,-7.778823394037621
2021-01-27,0.11032297458796894,8,-7.668500419449653
2021-01-28,0.14938455109718154,8,-7.519115868352471
2021-01-29,0.07754073469159065,9,-7.44157513366088
2021-02-01,-0.13609947656052718,9,-7.577674610221407
2021-02-02,0.12186196097966241,9,-7.455812649241745
2021-02-03,0.1312890021230414,9,-7.324523647118704
2021-02-04,-0.2778417346545005,9,-7.602365381773204
2021-02-05,-0.04493460683996408,9,-7.647299988613168
2021-02-08,0.023888492403764283,9,-7.623411496209403
2021-02-09,0.28548365704703416,9,-7.3379278391623695
2021-02-10,-0.08462557569853965,9,-7.422553414860909
2021-02-11,-0.06718655169353122,9,-7.48973996655444
2021-02-12,-0.005930333978232463,9,-7.495670300532673
2021-02-16,-1.89552824222829,9,-9.391198542760963
2021-02-17,0.004010986319495827,5,-9.387187556441466
2021-02-18,-0.06145901862673189,5,-9.448646575068198
2021-02-19,0.10876763222142738,5,-9.33987894284677
2021-02-22,-0.12359052077139449,9,-9.463469463618164
2021-02-23,0.059489495843298934,9,-9.403979967774866
2021-02-24,0.08970527195894828,9,-9.314274695815918
2021-02-25,0.27001669615577356,9,-9.044257999660145
2021-02-26,-0.3667124029733898,9,-9.410970402633534
2021-03-01,0.03523415325914876,9,-9.375736249374386
2021-03-02,-0.5717190906413718,9,-9.947455340015757
2021-03-03,0.042541221577455685,8,-9.904914118438302
2021-03-04,0.16734356472352438,8,-9.737570553714779
2021-03-05,-0.27227455097269143,8,-10.00984510468747
2021-03-08,-0.20495453313543494,8,-10.214799637822905
2021-03-09,-1.1294086524760856,8,-11.34420829029899
2021-03-10,-0.09453739460632024,5,-11.43874568490531
2021-03-11,-0.027682630038503034,5,-11.466428314943814
2021-03-12,0.03559612932957029,5,-11.430832185614243
2021-03-15,0.04941086994814553,6,-11.381421315666097
2021-03-16,-0.041842613955254154,6,-11.423263929621351
2021-03-17,0.06892652993582499,6,-11.354337399685527
2021-03-18,0.02175906431375703,6,-11.33257833537177
2021-03-19,0.07697925956335545,6,-11.255599075808414
2021-03-22,0.01905422219064823,6,-11.236544853617765
2021-03-23,0.10172890966033715,6,-11.134815943957427
2021-03-24,0.034344158317613754,6,-11.100471785639813
2021-03-25,-0.05949644063725926,6,-11.159968226277073
2021-03-26,-0.0318724321133296,6,-11.191840658390403
2021-03-29,0.08639392523795979,6,-11.105446733152442
2021-03-30,-0.46913544105857385,6,-11.574582174211017
2021-03-31,-0.006930136047546505,5,-11.581512310258564
2021-04-01,-0.009342258596494873,5,-11.59085456885506
2021-04-02,0.23301399833066505,5,-11.357840570524393
2021-04-05,0.07545907611054614,7,-11.282381494413848
2021-04-06,0.2126897211062698,7,-11.069691773307579
2021-04-07,0.1400771088831655,7,-10.929614664424413
2021-04-08,-0.0059443876013753755,7,-10.935559052025788
2021-04-09,0.17539266972961207,7,-10.760166382296175
2021-04-12,-0.11024201032463046,7,-10.870408392620806
2021-04-13,-0.25064762909542876,7,-11.121056021716235
2021-04-14,-0.07474353280597794,7,-11.195799554522214
2021-04-15,0.23245747032196684,7,-10.963342084200248
2021-04-16,0.005064333587368006,7,-10.95827775061288
2021-04-19,-0.09311963287625356,7,-11.051397383489133
2021-04-20,-1.7022425952738958,7,-12.75363997876303
2021-04-21,0.13638151127491932,3,-12.61725846748811
2021-04-22,0.055058179240752014,3,-12.562200288247357
2021-04-23,-0.14868495984008157,3,-12.71088524808744
2021-04-26,0.060053537326158424,6,-12.650831710761281
2021-04-27,0.0004262080090058351,6,-12.650405502752275
2021-04-28,-0.07972255809349181,6,-12.730128060845766
2021-04-29,-0.1614500597225756,6,-12.891578120568342
2021-04-30,0.08024192890649619,6,-12.811336191661846
2021-05-03,0.048845321035849196,6,-12.762490870625998
2021-05-04,0.18919760089128168,6,-12.573293269734716
2021-05-05,0.05252629254115529,6,-12.52076697719356
2021-05-06,0.06430239699046962,6,-12.45646458020309
2021-05-07,0.0762076994679213,6,-12.380256880735168
2021-05-10,0.07463471471233464,8,-12.305622166022832
2021-05-11,-0.9333447406512513,8,-13.238966906674083
2021-05-12,-0.21046667299061733,7,-13.449433579664701
2021-05-13,0.020186048555231026,7,-13.42924753110947
2021-05-14,0.24116718077719945,7,-13.18808035033227
2021-05-17,0.44789902956259553,7,-12.740181320769674
2021-05-18,-0.12843532193549995,7,-12.868616642705174
2021-05-19,-0.006328874944981841,7,-12.874945517650156
2021-05-20,0.08812401498321779,7,-12.786821502666939
2021-05-21,-0.06528503641934846,7,-12.852106539086288
2021-05-24,0.10096210756735703,11,-12.75114443151893
2021-05-25,0.08514223700346338,11,-12.666002194515467
2021-05-26,-0.1405647512714794,11,-12.806566945786948
2021-05-27,-0.07473722426391638,11,-12.881304170050864
2021-05-28,-0.17385544539892614,11,-13.05515961544979
2021-06-01,0.1257078367512158,11,-12.929451778698574
2021-06-02,-0.6024814572080449,11,-13.53193323590662
2021-06-03,0.06376589017961021,9,-13.468167345727009
2021-06-04,0.22348529351912097,9,-13.244682052207889
2021-06-07,-0.13914351995776253,9,-13.383825572165652
2021-06-08,0.08227243616568844,11,-13.301553135999963
2021-06-09,-0.04766955105335098,11,-13.349222687053315
2021-06-10,0.037110748920090274,11,-13.312111938133224
2021-06-11,-0.20474778692118228,11,-13.516859725054406
2021-06-14,-0.06443503912401276,11,-13.581294764178418
2021-06-15,0.0062412709657605064,11,-13.575053493212657
2021-06-16,0.007252255505430176,11,-13.567801237707227
2021-06-17,-0.09575200319167364,11,-13.663553240898901
2021-06-18,0.07028156758772991,11,-13.593271673311172
2021-06-21,-0.13838407403928474,11,-13.731655747350457
2021-06-22,-0.14530908253360458,11,-13.876964829884061
2021-06-23,-1.119418015584891,11,-14.996382845468952
2021-06-24,0.1677337466696835,8,-14.82864909879927
2021-06-25,0.2116634243866256,8,-14.616985674412645
2021-06-28,0.023645974615904827,8,-14.59333969979674
2021-06-29,-0.08660726620699113,9,-14.679946966003731
2021-06-30,-0.1447412810742816,9,-14.824688247078013
2021-07-01,0.10885998441374806,9,-14.715828262664266
2021-07-02,-0.013083327975989892,9,-14.728911590640255
2021-07-06,0.1375472657618574,9,-14.591364324878398
2021-07-07,-0.02232858768268814,10,-14.613692912561087
2021-07-08,-1.8765365570968275,10,-16.490229469657915
2021-07-09,0.04822551820719712,8,-16.44200395145072
2021-07-12,-0.130993469367984,8,-16.5729974208187
2021-07-13,0.05339635350102771,8,-16.519601067317673
2021-07-14,-0.07744162937190843,8,-16.59704269668958
2021-07-15,-0.08407754450447133,8,-16.68112024119405
2021-07-16,0.041617359021261985,8,-16.63950288217279
2021-07-19,-0.006269113078269162,8,-16.645771995251057
2021-07-20,-0.222220540611926,8,-16.86799253586298
2021-07-21,0.16639646197748298,8,-16.701596073885497
2021-07-22,-2.2784350971211205,8,-18.98003117100662
2021-07-23,-0.11909258798087755,4,-19.099123758987496
2021-07-26,0.06039627891848075,4,-19.038727480069014
2021-07-27,-0.07545224244343264,4,-19.114179722512446
2021-07-28,0.057720898883045685,8,-19.056458823629402
2021-07-29,0.017234805458571992,8,-19.03922401817083
2021-07-30,0.03311969531877511,8,-19.006104322852057
2021-08-02,-0.013469936188601546,8,-19.01957425904066
2021-08-03,-0.0069749230282577165,8,-19.026549182068916
2021-08-04,0.1823041599329558,9,-18.84424502213596
2021-08-05,-0.7902112528075993,9,-19.63445627494356
2021-08-06,0.11506302065038064,7,-19.519393254293178
2021-08-09,0.20360657842564206,7,-19.315786675867535
2021-08-10,-0.17904553933578823,7,-19.494832215203324
2021-08-11,0.05613202640305354,8,-19.438700188800272
2021-08-12,-0.007255019198224896,8,-19.445955207998498
2021-08-13,-0.04236348730351443,8,-19.488318695302013
2021-08-16,0.12172712848379649,8,-19.366591566818215
2021-08-17,-0.179196102354476,8,-19.54578766917269
2021-08-18,-0.19227953678322324,10,-19.73806720595591
2021-08-19,0.13067564759439634,10,-19.607391558361513
2021-08-20,-0.17615284489697047,10,-19.783544403258485
2021-08-23,-0.19716140427350876,10,-19.980705807531994
2021-08-24,0.18823089480089,10,-19.792474912731105
2021-08-25,-0.07803009474247297,10,-19.87050500747358
2021-08-26,-0.3649607485270052,10,-20.235465756000583
2021-08-27,-0.20858064601311466,9,-20.444046402013697
2021-08-30,-0.08943445875021794,9,-20.533480860763916
2021-08-31,0.1056746249544849,9,-20.42780623580943
2021-09-01,-0.15871186504856588,9,-20.586518100857997
2021-09-02,-0.24397349818846004,9,-20.830491599046457
2021-09-03,0.08105528093024592,8,-20.74943631811621
2021-09-07,-0.14672298633770492,8,-20.896159304453914
2021-09-08,0.0689968908575507,8,-20.827162413596362
2021-09-09,-0.04683645309875234,10,-20.873998866695114
2021-09-10,-0.04367050201347407,10,-20.917669368708587
2021-09-13,0.0686666136213893,10,-20.8490027550872
2021-09-14,0.15362477870175184,10,-20.695377976385448
2021-09-15,0.17413400076334112,10,-20.521243975622106
2021-09-16,0.065265099682598,10,-20.455978875939508
2021-09-17,-0.09224390375888765,10,-20.548222779698396
2021-09-20,0.1379433476476238,10,-20.41027943205077
2021-09-21,-0.21901761782934212,10,-20.629297049880112
2021-09-22,-0.04627591386207065,10,-20.675572963742184
2021-09-23,0.009624643936438734,10,-20.665948319805747
2021-09-24,-2.7510698454788476,10,-23.417018165284595
2021-09-27,0.15230239675095336,6,-23.26471576853364
2021-09-28,0.06441154894033878,6,-23.200304219593303
2021-09-29,-0.15837186168440437,6,-23.358676081277707
2021-09-30,0.04508312763034799,7,-23.31359295364736
2021-10-01,-0.3131779187325018,7,-23.62677087237986
2021-10-04,0.10558205438243215,6,-23.52118881799743
2021-10-05,0.16277530063690743,6,-23.35841351736052
2021-10-06,-0.06259667055906792,6,-23.421010187919588
2021-10-07,-0.1699062334160446,6,-23.59091642133563
2021-10-08,-0.31162679525894954,6,-23.90254321659458
2021-10-12,0.03726638399626433,5,-23.865276832598315
2021-10-13,-0.021514200791730116,5,-23.886791033390047
2021-10-14,0.0010051295947855754,5,-23.885785903795263
2021-10-15,0.10772731909799381,6,-23.77805858469727
2021-10-18,-0.6369820198963709,6,-24.415040604593642
2021-10-19,0.16135682301331164,4,-24.25368378158033
2021-10-20,-0.2019643406467982,4,-24.45564812222713
2021-10-21,0.1742512546935242,4,-24.28139686753361
2021-10-22,-0.20342187349785212,5,-24.48481874103146
2021-10-25,0.05096677897435964,5,-24.4338519620571
2021-10-26,0.12003385281539075,5,-24.313818109241712
2021-10-27,0.08539018934694835,5,-24.228427919894763
2021-10-28,0.13950330858138837,5,-24.088924611313374
2021-10-29,0.6233707254985071,5,-23.465553885814867
2021-11-01,-0.16499557910414914,5,-23.630549464919017
2021-11-02,-0.25999978850256705,5,-23.890549253421586
2021-11-03,0.27832187903604816,5,-23.612227374385537
2021-11-04,-0.26685503788128595,5,-23.879082412266822
2021-11-05,0.039604787045302015,5,-23.83947762522152
2021-11-08,-1.3431077712843402,5,-25.18258539650586
2021-11-09,-0.05053621393919702,3,-25.233121610445057
2021-11-10,0.07230784650828147,3,-25.160813763936776
2021-11-12,-0.08415268647203665,3,-25.244966450408814
2021-11-15,-0.07180842705080531,5,-25.31677487745962
2021-11-16,0.2743716986063378,5,-25.04240317885328
2021-11-17,-0.25614381468817543,5,-25.298546993541457
2021-11-18,-0.04382115111157231,5,-25.34236814465303
2021-11-19,0.12017037260101182,5,-25.222197772052017
2021-11-22,-0.14015613318981662,7,-25.362353905241832
2021-11-23,0.07355388857149853,7,-25.288800016670333
2021-11-24,-0.18127802417716626,7,-25.4700780408475
2021-11-26,0.06544041326789703,7,-25.404637627579604
2021-11-29,0.18151480765954175,7,-25.22312281992006
2021-11-30,-0.2697837246803819,7,-25.492906544600444
2021-12-01,-0.5390675369358636,7,-26.03197408153631
2021-12-02,-0.2868653509684725,6,-26.31883943250478
2021-12-03,-0.05982664553986125,6,-26.378666078044642
2021-12-06,-0.13603014180169998,6,-26.514696219846343
2021-12-07,-0.06999474621636292,6,-26.584690966062706
2021-12-08,0.050715830334784495,6,-26.53397513572792
2021-12-09,0.1300976357516082,6,-26.403877499976314
2021-12-10,0.12614162872906914,6,-26.277735871247245
2021-12-13,0.023200584057163028,6,-26.25453528719008
2021-12-14,0.06828924245948972,6,-26.18624604473059
2021-12-15,-0.7519805493329943,6,-26.938226594063586
2021-12-16,0.16909560886705116,5,-26.769130985196536
2021-12-17,0.22147941101326166,5,-26.547651574183273
2021-12-20,-0.12053412133043713,5,-26.66818569551371
2021-12-21,-0.07645756150714043,5,-26.74464325702085
2021-12-22,-0.4063165154137932,5,-27.150959772434643
2021-12-23,-0.3815421818062665,4,-27.53250195424091
2021-12-27,0.13647349875288545,4,-27.396028455488025
2021-12-28,0.08980604065949621,4,-27.30622241482853
2021-12-29,0.16293322252023956,5,-27.143289192308288
2021-12-30,0.0954281051864486,5,-27.047861087121838
2021-12-31,-0.14852243627008854,5,-27.196383523391926
2022-01-03,-0.12762894611266734,5,-27.324012469504595
2022-01-04,0.47026501667655957,5,-26.853747452828035
2022-01-05,-0.40048164624379223,6,-27.25422909907183
2022-01-06,-0.08491079893389578,6,-27.339139898005726
2022-01-07,0.015574137940178458,6,-27.32356576006555
2022-01-10,-0.0768144630125269,6,-27.400380223078077
2022-01-11,-0.04690795393422588,6,-27.447288177012304
2022-01-12,0.19522424749086625,6,-27.252063929521437
2022-01-13,-2.2697038478112392,6,-29.521767777332677
2022-01-14,-0.05133329310802618,4,-29.573101070440703
2022-01-18,0.10853036060012439,4,-29.46457070984058
2022-01-19,-0.3718202070074108,4,-29.83639091684799
2022-01-20,-0.16871587465591747,6,-30.005106791503906
2022-01-21,-2.074423084137706,6,-32.07952987564161
2022-01-24,0.09519922774751195,4,-31.9843306478941
2022-01-25,0.08311643371522609,4,-31.901214214178875
2022-01-26,0.044011697601706756,4,-31.857202516577168
2022-01-27,0.01020729422327353,7,-31.846995222353893
2022-01-28,0.18717445773548116,7,-31.659820764618413
2022-01-31,0.050949961309636416,7,-31.608870803308776
2022-02-01,0.025768976310183343,7,-31.583101826998593
2022-02-02,-0.15901153665956153,7,-31.742113363658156
2022-02-03,0.3121667926499011,7,-31.429946571008255
2022-02-04,-0.12607894835854117,7,-31.556025519366795
2022-02-07,-0.12828484133450102,7,-31.684310360701296
2022-02-08,-0.3665814636048209,7,-32.05089182430612
2022-02-09,-0.0597122389959967,7,-32.11060406330212
2022-02-10,-0.024046080552600407,9,-32.13465014385472
2022-02-11,-0.10373531221639282,9,-32.238385456071114
2022-02-14,0.13491114824169637,9,-32.103474307829416
2022-02-15,0.07979690633392354,9,-32.02367740149549
2022-02-16,0.28386108198744603,9,-31.739816319508044
2022-02-17,0.27725480268207486,13,-31.462561516825968
2022-02-18,-0.031078972522370504,13,-31.493640489348337
2022-02-22,0.48162069560113896,13,-31.012019793747196
2022-02-23,-0.1953470003487478,13,-31.207366794095943
2022-02-24,-0.28122968251259683,13,-31.48859647660854
2022-02-25,-0.26176690723222923,15,-31.750363383840767
2022-02-28,-0.4353926861954275,15,-32.18575607003619
2022-03-01,-0.4676209781331748,14,-32.65337704816937
2022-03-02,-0.09914456008900113,14,-32.75252160825837
2022-03-03,-0.4349193635437747,14,-33.18744097180215
2022-03-04,0.1944010681084433,15,-32.993039903693706
2022-03-07,0.026708755845810894,15,-32.966331147847896
2022-03-08,0.011162037565458416,14,-32.95516911028244
2022-03-09,0.08166660545029114,14,-32.873502504832146
2022-03-10,-0.15741747341213985,14,-33.030919978244285
2022-03-11,0.050938955877826944,14,-32.97998102236646
2022-03-14,-0.08844801155030059,14,-33.06842903391676
2022-03-15,0.062123143141219556,14,-33.006305890775536
2022-03-16,0.20459610261296363,14,-32.801709788162576
2022-03-17,0.3093478216666534,14,-32.49236196649592
2022-03-18,-0.28623747138607747,14,-32.778599437882
2022-03-21,-1.7319807898363546,14,-34.51058022771836
2022-03-22,0.14958156251585958,12,-34.360998665202494
2022-03-23,-0.34574568845816195,12,-34.70674435366065
2022-03-24,-0.046502431986288784,12,-34.753246785646944
2022-03-25,0.18590204923234793,12,-34.5673447364146
2022-03-28,-2.0040332903567473,12,-36.57137802677134
2022-03-29,0.005977625822999766,9,-36.56540040094834
2022-03-30,-0.13996645578072078,9,-36.705366856729064
2022-03-31,-0.3150713147200048,9,-37.02043817144907
2022-04-01,0.43843767764677627,10,-36.5820004938023
2022-04-04,0.03183329394094049,10,-36.550167199861356
2022-04-05,0.055480882517190445,10,-36.49468631734417
2022-04-06,-0.017742313284525912,10,-36.5124286306287
2022-04-07,0.03315351194912038,10,-36.479275118679574
2022-04-08,-0.07307593963387636,10,-36.55235105831345
2022-04-11,-2.0339884470294236,10,-38.58633950534287
2022-04-12,0.17622721890399146,8,-38.41011228643888
2022-04-13,-0.0489488765422916,8,-38.45906116298117
2022-04-14,-0.3102898690553546,8,-38.769351032036525
2022-04-18,0.2745962024952406,8,-38.494754829541286
2022-04-19,-1.7379121019672923,8,-40.232666931508575
2022-04-20,-0.12123532544392789,4,-40.3539022569525
2022-04-21,-0.19999399482916813,4,-40.55389625178167
2022-04-22,0.010519338710482731,4,-40.54337691307119
2022-04-25,-0.22333218862615092,7,-40.766709101697344
2022-04-26,-1.1167357563051534,7,-41.8834448580025
2022-04-27,-0.07736302979480816,5,-41.96080788779731
2022-04-28,0.02443206592778341,5,-41.936375821869525
2022-04-29,0.045201466167692356,5,-41.891174355701835
2022-05-02,-0.13663210796477193,6,-42.02780646366661
2022-05-03,-0.3714409512717157,6,-42.39924741493832
2022-05-04,-0.12008440184745618,5,-42.51933181678578
2022-05-05,0.011535947791123151,5,-42.507795868994656
2022-05-06,-0.23363280999755204,5,-42.74142867899221
2022-05-09,-0.14855362358168184,6,-42.88998230257389
2022-05-10,0.2065673375691036,6,-42.683414965004786
2022-05-11,-0.11280515304368696,6,-42.796220118048474
2022-05-12,0.08890175357006821,6,-42.707318364478404
2022-05-13,-0.19265517536308155,6,-42.89997353984148
2022-05-16,0.23776020271685688,6,-42.662213337124626
2022-05-17,0.07753917506116477,6,-42.584674162063465
2022-05-18,0.02350358584579651,6,-42.56117057621767
2022-05-19,-0.1822115302911368,6,-42.743382106508804
2022-05-20,0.5242927286374058,6,-42.2190893778714
2022-05-23,0.39049635615643874,11,-41.82859302171496
2022-05-24,0.028512813745383198,11,-41.80008020796957
2022-05-25,0.017621292025012947,11,-41.78245891594456
2022-05-26,-0.25025141233603093,11,-42.032710328280594
2022-05-27,0.42942417270353056,11,-41.60328615557707
2022-05-31,-0.09526186525334181,11,-41.69854802083041
2022-06-01,-0.43111455711067603,11,-42.12966257794108
2022-06-02,-0.3000010273839605,10,-42.42966360532505
2022-06-03,0.3360222782911604,10,-42.093641327033886
2022-06-06,0.09824660520831968,10,-41.99539472182557
2022-06-07,-0.288388327455328,13,-42.2837830492809
2022-06-08,0.023174441046668395,13,-42.26060860823423
2022-06-09,0.3059480281497161,13,-41.954660580084514
2022-06-10,-0.5908102199301153,13,-42.54547080001463
2022-06-13,0.13165912623986195,13,-42.41381167377477
2022-06-14,0.276078010889245,13,-42.13773366288552
2022-06-15,0.03652563081303539,13,-42.101208032072485
2022-06-16,-0.12574307954537267,13,-42.22695111161786
2022-06-17,0.011879685694289016,13,-42.21507142592357
2022-06-21,0.07602438688869556,13,-42.13904703903487
2022-06-22,-0.08583373704021419,13,-42.22488077607508
2022-06-23,-1.4855911830371247,13,-43.710471959112205
2022-06-24,0.01460062823124067,10,-43.69587133088096
2022-06-27,-0.14692110201921338,10,-43.842792432900175
2022-06-28,-0.18414862016040226,10,-44.026941053060575
2022-06-29,0.0850900170389347,10,-43.94185103602164
2022-06-30,-0.5320999033357173,10,-44.47395093935736
2022-07-01,0.0740523124478179,9,-44.39989862690954
2022-07-05,-0.37969676408036146,9,-44.779595390989904
2022-07-06,0.5551138506909257,9,-44.22448154029898
2022-07-07,-0.26203297087862787,10,-44.48651451117761
2022-07-11,-0.6657465759808765,10,-45.152261087158486
2022-07-12,0.054904098282633235,9,-45.09735698887585
2022-07-13,0.15542131695580916,9,-44.94193567192004
2022-07-14,-0.4242808689732769,9,-45.36621654089332
2022-07-15,0.10737326268735037,10,-45.258843278205966
2022-07-18,-0.416234390292889,10,-45.67507766849886
2022-07-19,0.14721123047011417,10,-45.527866438028745
2022-07-20,0.04665839868592843,10,-45.48120803934282
2022-07-21,-0.06899418292650028,10,-45.55020222226932
2022-07-22,-0.2630505250471892,10,-45.81325274731651
2022-07-25,-6.14561134777669,10,-51.958864095093205
2022-07-26,0.24349990720653997,5,-51.715364187886664
2022-07-27,0.02744404732847526,5,-51.68792014055819
2022-07-28,-0.28611402649618867,5,-51.97403416705438
2022-07-29,-0.09463767338990386,8,-52.06867184044428
2022-08-01,-0.25731457662647916,8,-52.32598641707076
2022-08-02,-0.1721046916731347,8,-52.49809110874389
2022-08-03,0.1684870270602616,8,-52.329604081683634
2022-08-04,-0.16123196670846324,8,-52.4908360483921
2022-08-05,0.4072335112280396,8,-52.083602537164055
2022-08-08,-1.9988469120652501,8,-54.0824494492293
2022-08-09,-0.05062336169410357,5,-54.1330728109234
2022-08-10,0.1497069260824442,5,-53.98336588484096
2022-08-11,-0.1201269438919555,5,-54.10349282873291
2022-08-12,-0.2792379294361579,8,-54.38273075816907
2022-08-15,-0.26413199695091516,8,-54.64686275511998
2022-08-16,-0.10367510670620214,8,-54.75053786182619
2022-08-17,-0.016935701386601026,8,-54.76747356321279
2022-08-18,-0.16806388745888673,8,-54.935537450671674
2022-08-19,0.7184691175978151,11,-54.21706833307386
2022-08-22,0.09626024530774818,11,-54.120808087766115
2022-08-23,-0.15870467821790757,11,-54.27951276598402
2022-08-24,0.26359297213497834,11,-54.015919793849044
2022-08-25,-0.175767980663812,11,-54.19168777451286
2022-08-26,0.033940973546117456,12,-54.15774680096674
2022-08-29,0.07632220570042529,12,-54.08142459526631
2022-08-30,0.26727241165119187,12,-53.81415218361512
2022-08-31,-0.27330115242352615,12,-54.08745333603865
2022-09-01,-0.0004068117248698794,12,-54.08786014776352
2022-09-02,-0.0364341559530143,12,-54.12429430371654
2022-09-06,-0.2777700691141394,12,-54.40206437283068
2022-09-07,-0.2224354005260246,11,-54.6244997733567
2022-09-08,0.0926508502609021,11,-54.5318489230958
2022-09-09,0.1003507171283413,11,-54.43149820596746
2022-09-12,-0.06757461832838728,15,-54.499072824295844
2022-09-13,-0.3121374021000224,15,-54.811210226395865
2022-09-14,-0.09270574830402206,14,-54.903915974699885
2022-09-15,0.31793925506293824,14,-54.585976719636946
2022-09-16,-0.07855912937773288,14,-54.664535849014676
2022-09-19,0.2330345398603319,14,-54.43150130915434
2022-09-20,-0.09319742235485978,14,-54.524698731509204
2022-09-21,-0.07890463764062222,14,-54.60360336914982
2022-09-22,-0.03512369569933543,14,-54.63872706484916
2022-09-23,0.36494546442047004,14,-54.273781600428684
2022-09-26,0.042558601085301795,14,-54.23122299934338
2022-09-27,-3.6289093207486265,14,-57.860132320092006
2022-09-28,0.024038519128890296,11,-57.83609380096311
2022-09-29,-0.134320455242882,11,-57.97041425620599
2022-09-30,0.00810919973192907,11,-57.962305056474065
2022-10-03,0.13130468434505782,13,-57.831000372129004
2022-10-04,-0.3551589527215435,13,-58.18615932485055
2022-10-05,0.19214147269022014,13,-57.99401785216033
2022-10-06,0.004220143794874093,13,-57.98979770836546
2022-10-07,-0.10746630391745701,13,-58.09726401228291
2022-10-11,0.11410166430091687,13,-57.983162347981995
2022-10-12,-1.9942177228476918,13,-59.97738007082969
2022-10-13,0.3558424983248837,10,-59.621537572504806
2022-10-14,0.6421551539878948,10,-58.97938241851691
2022-10-17,-0.14027732769515075,10,-59.119659746212065
2022-10-18,-0.407139018398698,10,-59.52679876461076
2022-10-19,-1.5766546384239344,10,-61.10345340303469
2022-10-20,0.10783201174610116,7,-60.99562139128859
2022-10-21,-0.09330966702136817,7,-61.08893105830995
2022-10-24,-0.09189817169676665,7,-61.18082923000672
2022-10-25,0.25126824236890466,9,-60.92956098763782
2022-10-26,-0.5050759203371716,9,-61.43463690797499
2022-10-27,-0.05702637501065842,8,-61.49166328298565
2022-10-28,0.4644260339377365,8,-61.027237249047914
2022-10-31,-0.062189749725807056,8,-61.089426998773725
2022-11-01,-0.0969746739892832,8,-61.186401672763004
2022-11-02,-0.21449733255894404,8,-61.400899005321946
2022-11-03,-0.15125036250647667,8,-61.55214936782842
2022-11-04,0.17395671207832558,8,-61.3781926557501
2022-11-07,-0.11802600802618665,8,-61.49621866377628
2022-11-08,0.09882815443513232,8,-61.39739050934115
2022-11-09,-3.688717338190412,8,-65.08610784753157
2022-11-10,0.1750212384395549,4,-64.91108660909201
2022-11-14,-0.04507299332547035,4,-64.95615960241749
2022-11-15,0.0308309294677393,4,-64.92532867294975
2022-11-16,0.2138459413619464,6,-64.7114827315878
2022-11-17,-0.2827847559762693,6,-64.99426748756406
2022-11-18,0.2563533813904694,6,-64.73791410617359
2022-11-21,-0.1707053896665156,6,-64.9086194958401
2022-11-22,0.14515119222560646,6,-64.76346830361449
2022-11-23,-0.15410004940067926,9,-64.91756835301517
2022-11-25,0.5867223735603585,9,-64.3308459794548
2022-11-28,-0.4684483848062245,9,-64.79929436426103
2022-11-29,0.4384757159494447,9,-64.36081864831158
2022-11-30,-1.0028253061503671,9,-65.36364395446195
2022-12-01,0.24672304708297418,9,-65.11692090737897
2022-12-02,-3.767695448306329,9,-68.8846163556853
2022-12-05,0.42247078605439203,7,-68.4621455696309
2022-12-06,-0.5274645306766792,7,-68.98961010030759
2022-12-07,-0.023748810616510324,7,-69.0133589109241
2022-12-08,-0.5149054077796515,8,-69.52826431870375
2022-12-09,0.9341784128706463,8,-68.5940859058331
2022-12-12,0.620869913840262,8,-67.97321599199283
2022-12-13,0.13972178193035384,8,-67.83349421006248
2022-12-14,-0.3889174619164552,8,-68.22241167197893
2022-12-15,0.6300326724249378,8,-67.592378999554
2022-12-16,-0.5647118451275346,8,-68.15709084468153
2022-12-19,-0.025354499961312726,8,-68.18244534464284
2022-12-20,0.05644715408450192,8,-68.12599819055835
2022-12-21,-0.3844148193824859,8,-68.51041300994083
2022-12-22,0.2956037044737222,8,-68.21480930546711
2022-12-23,-3.849205015725078,8,-72.06401432119219
2022-12-27,-0.015117477205005697,6,-72.0791317983972
2022-12-28,-0.19485701632955799,6,-72.27398881472676
2022-12-29,-0.4024848265049114,6,-72.67647364123168
2022-12-30,0.25312383047561166,7,-72.42334981075606
2023-01-03,0.18138328880567356,7,-72.24196652195039
2023-01-04,-0.04990586098960348,7,-72.29187238293999
2023-01-05,0.22055781704740118,7,-72.07131456589258
2023-01-06,0.2984934061921699,7,-71.77282115970041
2023-01-09,0.6341491337794726,8,-71.13867202592094
2023-01-10,-0.04179586056193606,8,-71.18046788648287
2023-01-11,0.4275846545540608,8,-70.7528832319288
2023-01-12,-0.13218439218062816,8,-70.88506762410944
2023-01-13,-0.40698539675688816,8,-71.29205302086633
2023-01-17,-0.03335576015971489,8,-71.32540878102604
2023-01-18,-2.437439617284657,8,-73.7628483983107
2023-01-19,0.23205099718803548,6,-73.53079740112265
2023-01-20,0.09438294976438387,6,-73.43641445135827
2023-01-23,-0.12524216720514206,6,-73.56165661856342
2023-01-24,-0.4181984229754837,6,-73.9798550415389
2023-01-25,-4.277327983548787,6,-78.25718302508768
2023-01-26,-0.29332281948855493,3,-78.55050584457624
2023-01-27,0.08276320663211247,3,-78.46774263794413
2023-01-30,-0.36213500164618984,3,-78.82987763959032
2023-01-31,-0.19192855442647755,4,-79.0218061940168
2023-02-01,-0.1124067458083658,4,-79.13421293982518
2023-02-02,0.17408271732232383,4,-78.96013022250285
2023-02-03,-0.316094837203557,4,-79.2762250597064
2023-02-06,0.35879169791101384,4,-78.91743336179539
2023-02-07,0.23748941907552454,6,-78.67994394271986
2023-02-08,-1.5881314545309948,6,-80.26807539725085
2023-02-09,0.06729849301004287,5,-80.20077690424081
2023-02-10,-2.0698687379292133,5,-82.27064564217002
2023-02-13,1.3341086596482756,5,-80.93653698252174
2023-02-14,-0.9819157916231177,6,-81.91845277414487
2023-02-15,-0.326442100661233,6,-82.2448948748061
2023-02-16,0.06888933337975306,6,-82.17600554142635
2023-02-17,0.2330536275458821,6,-81.94295191388046
2023-02-21,-0.12000836523962691,6,-82.06296027912009
2023-02-22,0.4469201375447813,12,-81.61604014157531
2023-02-23,0.33221540068188166,12,-81.28382474089344
2023-02-24,0.3676749894677684,12,-80.91614975142566
2023-02-27,-0.6504182689084295,12,-81.56656802033409
2023-02-28,0.8592469012652062,12,-80.70732111906888
2023-03-01,-0.10647352692032816,12,-80.8137946459892
2023-03-02,-1.693140472575311,12,-82.50693511856451
2023-03-03,0.500395312474327,11,-82.00653980609019
2023-03-06,-0.5087446636403903,11,-82.51528446973057
2023-03-07,0.10311669582749554,11,-82.41216777390308
2023-03-08,-0.32103422393222525,12,-82.73320199783531
2023-03-09,-0.8100543293361465,12,-83.54325632717145
2023-03-10,-0.053977339881326594,11,-83.59723366705278
2023-03-13,1.1123021655545438,11,-82.48493150149824
2023-03-14,-0.6698382710243165,11,-83.15476977252256
2023-03-15,0.16081489492365508,11,-82.9939548775989
2023-03-16,0.3026816332799364,11,-82.69127324431896
2023-03-17,-0.23551854796858218,11,-82.92679179228755
2023-03-20,-0.6254266392636686,11,-83.55221843155121
2023-03-21,-0.2909391092348929,11,-83.84315754078611
2023-03-22,-0.07981641565429198,11,-83.9229739564404
2023-03-23,-0.6921098742437235,11,-84.61508383068413
2023-03-24,1.0685602250926303,11,-83.5465236055915
2023-03-27,-0.14074897999827984,11,-83.68727258558978
2023-03-28,0.05984393626057147,11,-83.6274286493292
2023-03-29,0.20587736507757476,11,-83.42155128425163
2023-03-30,-1.1784991032968897,11,-84.60005038754852
2023-03-31,-0.30485725272835057,10,-84.90490764027687
2023-04-03,-0.17781747410905005,10,-85.08272511438592
2023-04-04,0.05010048405666642,10,-85.03262463032925
2023-04-05,-0.20968104576841887,10,-85.24230567609767
2023-04-06,-2.2925191434942,10,-87.53482481959188
2023-04-10,-0.12002485058134404,8,-87.65484967017322
2023-04-11,-0.08226103414119162,8,-87.73711070431442
2023-04-12,0.3149794536787761,8,-87.42213125063564
2023-04-13,-0.3041065809683089,8,-87.72623783160395
2023-04-14,-1.7581554389683527,8,-89.48439327057231
2023-04-17,-0.10950586932791995,7,-89.59389913990023
2023-04-18,-0.3603624399626042,7,-89.95426157986283
2023-04-19,0.14809474108593398,7,-89.8061668387769
2023-04-20,0.19899403110386427,7,-89.60717280767304
2023-04-21,-4.17252455911024,7,-93.77969736678328
2023-04-24,0.10534068914859906,1,-93.67435667763468
2023-04-25,-0.04256255319339047,1,-93.71691923082807
2023-04-26,0.07301996654570303,1,-93.64389926428237
2023-04-27,-0.19631928005110838,6,-93.84021854433348
2023-04-28,0.22429791706798213,6,-93.6159206272655
2023-05-01,0.22900140366794872,6,-93.38691922359754
2023-05-02,-0.051322799059503044,6,-93.43824202265705
2023-05-03,-0.23943112924719398,6,-93.67767315190424
2023-05-04,-0.010921970063392239,6,-93.68859512196764
2023-05-05,-0.7849301997098281,6,-94.47352532167747
2023-05-08,-0.060886881965877104,5,-94.53441220364334
2023-05-09,0.050588999215053596,5,-94.48382320442829
2023-05-10,0.09044741018685573,5,-94.39337579424144
2023-05-11,0.13290001314002098,6,-94.26047578110142
2023-05-12,-0.24176387826240855,6,-94.50223965936382
2023-05-15,-0.03139384055170005,6,-94.53363349991552
2023-05-16,0.18504278882142927,6,-94.34859071109409
2023-05-17,-0.11534177798102245,6,-94.4639324890751
2023-05-18,0.15797166632452014,11,-94.30596082275059
2023-05-19,-0.42579918519409443,11,-94.73176000794469
2023-05-22,0.37290392153109053,11,-94.3588560864136
2023-05-23,-0.377337450773123,11,-94.73619353718672
2023-05-24,-0.02810989504341399,11,-94.76430343223014
2023-05-25,-0.12358613704573101,11,-94.88788956927587
2023-05-26,0.24091375201727003,11,-94.6469758172586
2023-05-30,-0.3224714150611182,11,-94.96944723231972
2023-05-31,0.2036892724628419,11,-94.76575795985688
2023-06-01,0.22536493093114035,11,-94.54039302892575
2023-06-02,0.15410775742175453,11,-94.386285271504
2023-06-05,0.3861978021111514,11,-94.00008746939284
2023-06-06,-0.12244635069015657,11,-94.12253382008299
2023-06-07,-0.11068150368977872,11,-94.23321532377277
2023-06-08,-0.08188698765787077,11,-94.31510231143064
2023-06-09,-0.1545144768168916,15,-94.46961678824752
2023-06-12,-0.06320024950049354,15,-94.53281703774802
2023-06-13,-0.17295984421096444,15,-94.70577688195898
2023-06-14,0.1818365518642317,15,-94.52394033009475
2023-06-15,-1.4176749033816627,15,-95.94161523347641
2023-06-16,1.4308017561674033,15,-94.51081347730901
2023-06-20,-0.21410097751296564,15,-94.72491445482198
2023-06-21,0.16309334826724733,15,-94.56182110655473
2023-06-22,-0.48196704033288895,15,-95.04378814688762
2023-06-23,0.19935440938405502,15,-94.84443373750356
2023-06-26,0.07721843480461586,15,-94.76721530269894
2023-06-27,-3.6759736162398235,15,-98.44318891893877
2023-06-28,0.0330285203660507,10,-98.41016039857273
2023-06-29,0.18574063395134024,10,-98.22441976462139
2023-06-30,-0.12088241760364335,10,-98.34530218222503
2023-07-03,-0.30110383983372246,10,-98.64640602205876
2023-07-05,-0.0997526661895042,10,-98.74615868824826
2023-07-06,0.2601125942354841,10,-98.48604609401278
2023-07-07,0.2207751737364451,10,-98.26527092027634
2023-07-10,0.17847278002298944,10,-98.08679814025335
2023-07-11,-0.04081467107046209,13,-98.12761281132381
2023-07-12,-1.0275386697197113,13,-99.15515148104353
2023-07-13,-0.6592168456706058,12,-99.81436832671413
2023-07-14,0.21192494644858106,12,-99.60244338026556
2023-07-17,-0.27199831235049043,12,-99.87444169261605
2023-07-18,-0.12633841893868192,12,-100.00078011155473
2023-07-19,-3.7297308543254686,12,-103.7305109658802
2023-07-20,-0.018870950408609505,7,-103.74938191628881
2023-07-21,0.10180877074705175,7,-103.64757314554176
2023-07-24,-0.10779510761907876,7,-103.75536825316084
2023-07-25,0.37931747001576205,8,-103.37605078314508
2023-07-26,-0.03284191654260106,8,-103.40889269968767
2023-07-27,0.24455099534052013,8,-103.16434170434715
2023-07-28,-0.3760503952476308,8,-103.54039209959478
2023-07-31,0.16520308725679939,8,-103.37518901233798
2023-08-01,-0.23006355659793132,8,-103.60525256893591
2023-08-02,0.5134657565114348,8,-103.09178681242447
2023-08-03,0.031803705182559955,8,-103.05998310724192
2023-08-04,-0.3015384592840593,8,-103.36152156652598
2023-08-07,0.07644011934584691,8,-103.28508144718013
2023-08-08,-0.34234141920506556,8,-103.6274228663852
2023-08-09,-2.355195138572632,8,-105.98261800495783
2023-08-10,0.15923409528884258,4,-105.82338390966899
2023-08-11,0.3259433069117462,4,-105.49744060275725
2023-08-14,-0.2394926711678418,4,-105.73693327392509
2023-08-15,0.34799065241179294,8,-105.3889426215133
2023-08-16,-0.1328576647844939,8,-105.52180028629779
2023-08-17,-0.022406833211563795,8,-105.54420711950935
2023-08-18,0.06917893411248664,8,-105.47502818539687
2023-08-21,-0.06015836494994457,8,-105.53518655034681
2023-08-22,0.007462473253248114,11,-105.52772407709357
2023-08-23,0.08763569996771187,11,-105.44008837712586
2023-08-24,0.07435093777955917,11,-105.3657374393463
2023-08-25,-0.2130131576549969,11,-105.5787505970013
2023-08-28,-0.20913189407629879,11,-105.7878824910776
2023-08-29,0.15285785831279802,11,-105.6350246327648
2023-08-30,-0.007248925186961606,11,-105.64227355795175
2023-08-31,0.2358855147646322,11,-105.40638804318712
2023-09-01,-0.20983601899198237,11,-105.6162240621791
2023-09-05,0.24344181734007186,11,-105.37278224483903
2023-09-06,-0.268379445535554,12,-105.64116169037459
2023-09-07,-3.0715670241478206,12,-108.71272871452241
2023-09-08,-0.42250408664831623,9,-109.13523280117073
2023-09-11,0.2723037184244003,9,-108.86292908274633
2023-09-12,-0.07120117816839754,9,-108.93413026091473
2023-09-13,-0.03698861071529483,9,-108.97111887163003
2023-09-14,-0.12971840627056902,9,-109.1008372779006
2023-09-15,0.09469084595449112,9,-109.0061464319461
2023-09-18,-0.14456776096576207,9,-109.15071419291186
2023-09-19,0.05895256351509931,9,-109.09176162939676
2023-09-20,-0.02229516000071187,9,-109.11405678939747
2023-09-21,-0.14035967472222513,9,-109.25441646411969
2023-09-22,-0.05694530674575643,8,-109.31136177086545
2023-09-25,-0.21132885057401948,8,-109.52269062143947
2023-09-26,-0.10899819763942102,8,-109.63168881907889
2023-09-27,-0.03604654631656806,8,-109.66773536539546
2023-09-28,-0.06782616930075205,8,-109.73556153469622
2023-09-29,0.36336728355346737,8,-109.37219425114274
2023-10-02,-0.22604177777123685,8,-109.59823602891399
2023-10-03,-0.42257212619125456,8,-110.02080815510524
2023-10-04,0.3414878325554966,9,-109.67932032254974
2023-10-05,-0.2648271215096559,9,-109.9441474440594
2023-10-06,0.03890315018557017,9,-109.90524429387382
2023-10-10,0.28848202004956086,9,-109.61676227382426
2023-10-11,0.2411136223217356,9,-109.37564865150253
2023-10-12,-0.013840929671200312,9,-109.38948958117373
2023-10-13,-2.1531621542421755,9,-111.54265173541592
2023-10-16,-0.3843096427666395,5,-111.92696137818255
2023-10-17,0.1492126850776278,5,-111.77774869310493
2023-10-18,-0.04018720527505343,5,-111.81793589837999
2023-10-19,-0.23019207562095886,6,-112.04812797400095
2023-10-20,-3.0510582322791064,6,-115.09918620628005
2023-10-23,0.03665450476552054,3,-115.06253170151453
2023-10-24,-0.03254569322565082,3,-115.09507739474019
2023-10-25,-0.06737750244977342,3,-115.16245489718996
2023-10-26,0.11668137974490803,3,-115.04577351744506
2023-10-27,-0.04572136748570596,3,-115.09149488493077
2023-10-30,0.022669525287069586,3,-115.0688253596437
2023-10-31,-0.27236410656791166,3,-115.3411894662116
2023-11-01,0.3978266319810331,3,-114.94336283423057
2023-11-02,0.09216594730727978,3,-114.85119688692329
2023-11-03,-0.13087368196703647,3,-114.98207056889032
2023-11-06,-0.18996259199324195,2,-115.17203316088356
2023-11-07,0.11624100828593786,2,-115.05579215259762
2023-11-08,-0.164190289909063,2,-115.21998244250668
2023-11-09,0.08723089870252869,5,-115.13275154380415
2023-11-10,0.0481476943412813,5,-115.08460384946287
2023-11-13,-0.3006825247967182,5,-115.38528637425958
2023-11-14,0.36385587378183837,5,-115.02143050047773
2023-11-15,0.013538732633048951,5,-115.00789176784468
2023-11-16,-0.1474210967694619,5,-115.15531286461415
2023-11-17,-0.4064267545843105,5,-115.56173961919846
2023-11-20,0.15830112411445818,5,-115.403438495084
2023-11-21,0.22928186346131277,5,-115.1741566316227
2023-11-22,-0.061877253265800486,5,-115.2360338848885
2023-11-24,0.5360378823348784,9,-114.69999600255362
2023-11-27,-0.10245854857300588,9,-114.80245455112663
2023-11-28,-0.1590817507846965,9,-114.96153630191132
2023-11-29,0.6031637691329158,9,-114.3583725327784
2023-11-30,-0.04396900704061124,9,-114.40234153981902
2023-12-01,-0.16223641870692845,9,-114.56457795852594
2023-12-04,-0.5971075841304101,9,-115.16168554265636
2023-12-05,-1.1311158378327413,8,-116.2928013804891
2023-12-06,0.019943656090882445,8,-116.27285772439821
2023-12-07,0.07705134870251588,8,-116.1958063756957
2023-12-08,0.21405534207831933,10,-115.98175103361737
2023-12-11,-0.07414339741551508,10,-116.05589443103288
2023-12-12,-0.019617225658910345,10,-116.07551165669179
2023-12-13,-0.1576236407336145,10,-116.2331352974254
2023-12-14,0.2495704245874123,10,-115.98356487283799
2023-12-15,-0.3650870031756352,10,-116.34865187601362
2023-12-18,-0.1753834325812496,10,-116.52403530859488
2023-12-19,0.03819594026347106,9,-116.4858393683314
2023-12-20,-0.1075674444870478,9,-116.59340681281844
2023-12-21,0.1979087452958447,9,-116.3954980675226
2023-12-22,0.024673087294413726,9,-116.37082498022818
2023-12-26,0.5324446097693531,9,-115.83838037045882
2023-12-27,0.1541941055625408,9,-115.68418626489628
2023-12-28,-0.33713698072174786,9,-116.02132324561804
2023-12-29,-0.20546383181686367,9,-116.22678707743489
2024-01-02,0.22801213293348288,9,-115.9987749445014
2024-01-03,-0.09671902171095506,9,-116.09549396621236
2024-01-04,0.24523900524557257,9,-115.8502549609668
2024-01-05,-0.1634408970322514,9,-116.01369585799904
2024-01-08,0.33791104685587603,9,-115.67578481114316
2024-01-09,-0.3061192653006544,9,-115.98190407644381
2024-01-10,-2.2714527111311895,9,-118.253356787575
2024-01-11,0.31539353969973216,6,-117.93796324787527
2024-01-12,0.001418769591091218,6,-117.93654447828418
2024-01-16,0.17496316900986514,6,-117.7615813092743
2024-01-17,-0.6394378748171088,6,-118.40101918409141
2024-01-18,-0.17016794317948647,6,-118.5711871272709
2024-01-19,0.23380215848426827,6,-118.33738496878664
2024-01-22,-0.21642664344820953,6,-118.55381161223485
2024-01-23,0.21863203704448447,6,-118.33517957519037
2024-01-24,0.1969185681290425,6,-118.13826100706133
2024-01-25,-4.771785123220268,6,-122.9100461302816
2024-01-26,-0.0404111450005763,2,-122.95045727528218
2024-01-29,-0.05337546150865072,2,-123.00383273679083
2024-01-30,0.12240074855811545,2,-122.8814319882327
2024-01-31,0.0802005959263015,5,-122.8012313923064
2024-02-01,0.05284900893600092,5,-122.7483823833704
2024-02-02,0.07297594406168234,5,-122.67540643930872
2024-02-05,-0.2801616631966787,5,-122.9555681025054
2024-02-06,0.06424646787484956,5,-122.89132163463054
2024-02-07,-0.01980080066753126,5,-122.91112243529807
2024-02-08,-2.0823295590951303,5,-124.9934519943932
2024-02-09,-0.10469065526375698,3,-125.09814264965695
2024-02-12,-0.09203494233210571,3,-125.19017759198906
2024-02-13,0.06983201540485634,3,-125.1203455765842
2024-02-14,0.0227730062800875,4,-125.09757257030411
2024-02-15,0.1781798243315384,4,-124.91939274597257
2024-02-16,-0.4037516228021592,4,-125.32314436877473
2024-02-20,0.3059226698553134,4,-125.01722169891941
2024-02-21,-0.047445648951508115,4,-125.06466734787092
2024-02-22,-0.4371383945563269,8,-125.50180574242725
2024-02-23,0.6710896079514759,8,-124.83071613447578
2024-02-26,-0.2310478383774426,8,-125.06176397285323
2024-02-27,-0.4289375742962471,8,-125.49070154714947
2024-02-28,0.3642342047510524,8,-125.12646734239841
2024-02-29,-0.4987147958948024,8,-125.62518213829321
2024-03-01,0.05373110266734907,8,-125.57145103562587
2024-03-04,0.24913285700862892,8,-125.32231817861724
2024-03-05,0.1122575409783579,8,-125.21006063763888
2024-03-06,-0.13897993352239446,8,-125.34904057116127
2024-03-07,0.33879708813339837,9,-125.01024348302786
2024-03-08,-0.2679268750965092,9,-125.27817035812437
2024-03-11,0.32791248003018153,9,-124.95025787809419
2024-03-12,0.09914975941231235,9,-124.85110811868188
2024-03-13,-0.27147383864254826,9,-125.12258195732443
2024-03-14,-0.05225413932347872,9,-125.17483609664791
2024-03-15,0.015410511000489152,9,-125.15942558564743
2024-03-18,-0.016978961670792762,9,-125.17640454731821
2024-03-19,-0.13633581316743149,9,-125.31274036048565
2024-03-20,0.13483427694142425,9,-125.17790608354423
2024-03-21,0.18877257840309397,9,-124.98913350514114
2024-03-22,-0.2858883460678078,9,-125.27502185120895
2024-03-25,0.10022809401761734,9,-125.17479375719132
2024-03-26,0.24823539233342448,9,-124.9265583648579
2024-03-27,-0.15875370963924407,9,-125.08531207449714
2024-03-28,0.1683165887320002,9,-124.91699548576514
2024-04-01,-4.096971211765851,9,-129.013966697531
2024-04-02,-0.1688142792469135,6,-129.1827809767779
2024-04-03,-0.1198637222583418,6,-129.30264469903625
2024-04-04,0.38985507663421926,6,-128.91278962240204
2024-04-05,-0.1339735817512539,7,-129.0467632041533
2024-04-08,-0.11961773400638048,7,-129.16638093815968
2024-04-09,-0.10358403347033249,7,-129.26996497163
2024-04-10,0.12990518642669,7,-129.1400597852033
2024-04-11,0.01663073756407657,7,-129.12342904763923
2024-04-12,0.2910332643223685,7,-128.83239578331685
2024-04-15,-0.6562818207518767,7,-129.48867760406873
2024-04-16,-0.020524399492143464,6,-129.50920200356086
2024-04-17,0.24917490468906206,6,-129.2600270988718
2024-04-18,-0.2973537380310053,6,-129.5573808369028
2024-04-19,-0.02233801127235381,7,-129.57971884817516
2024-04-22,-4.9013473128565,7,-134.48106616103166
2024-04-23,-0.04498537062420169,3,-134.52605153165587
2024-04-24,0.1267533916168881,3,-134.39929814003898
2024-04-25,-0.04467059395812298,3,-134.4439687339971
2024-04-26,-0.2870790664410341,6,-134.73104780043815
2024-04-29,0.18893043972725904,6,-134.54211736071088
2024-04-30,-0.06839101508440645,6,-134.6105083757953
2024-05-01,-0.061025332647691034,6,-134.67153370844298
2024-05-02,-0.08922088720926936,6,-134.76075459565226
2024-05-03,0.1722400976925808,6,-134.58851449795966
2024-05-06,-0.7833289071896666,6,-135.37184340514932
2024-05-07,-0.3742865053616268,5,-135.74612991051094
2024-05-08,0.14166808123936608,5,-135.60446182927157
2024-05-09,0.3255919159818932,5,-135.27886991328967
2024-05-10,-0.1862335966061164,6,-135.46510350989578
2024-05-13,-0.05809389893772868,6,-135.5231974088335
2024-05-14,0.21050042175413874,6,-135.31269698707936
2024-05-15,-0.08780816489558634,6,-135.40050515197495
2024-05-16,0.14511669167192368,6,-135.25538846030304
2024-05-17,0.07927267801056553,12,-135.17611578229247
2024-05-20,-0.013603676705531476,12,-135.189719458998
2024-05-21,0.009788377940422172,12,-135.1799310810576
2024-05-22,-0.15983142972974632,12,-135.33976251078732
2024-05-23,0.23969315636743493,12,-135.1000693544199
2024-05-24,0.35929173931705327,16,-134.74077761510284
2024-05-28,0.1966160160425499,16,-134.5441615990603
2024-05-29,-0.719396220675928,16,-135.2635578197362
2024-05-30,0.3026112902590531,16,-134.96094652947716
2024-05-31,0.04144165542655602,16,-134.9195048740506
2024-06-03,-0.22434155985929521,16,-135.14384643390989
2024-06-04,-0.7559499677441004,16,-135.899796401654
2024-06-05,0.2415070171031333,15,-135.65828938455084
2024-06-06,0.4631658328794084,15,-135.19512355167143
2024-06-07,0.13518360240727434,15,-135.05993994926416
2024-06-10,-0.2524895328539578,17,-135.31242948211812
2024-06-11,-0.5512710914486332,17,-135.86370057356675
2024-06-12,0.7483780803838427,17,-135.1153224931829
2024-06-13,-0.44328922940776033,17,-135.55861172259065
2024-06-14,0.68420696636473,17,-134.8744047562259
2024-06-17,-0.14710770124699696,17,-135.0215124574729
2024-06-18,-1.059900678660391,17,-136.0814131361333
2024-06-20,-0.3505173621713146,16,-136.4319304983046
2024-06-21,-0.24486288851500865,16,-136.6767933868196
2024-06-24,-0.21269877729955047,16,-136.88949216411916
2024-06-25,0.24451111375194376,16,-136.64498105036722
2024-06-26,-2.63490626909732,16,-139.27988731946454
2024-06-27,0.01652030682926814,13,-139.26336701263526
2024-06-28,-0.846343120162125,13,-140.10971013279737
2024-07-01,0.032265994200202056,13,-140.07744413859717
2024-07-02,-0.1581493101167761,14,-140.23559344871396
2024-07-03,0.7874610097441954,14,-139.44813243896976
2024-07-05,-0.1628553758014476,14,-139.61098781477122
2024-07-08,0.4530937583741732,14,-139.15789405639705
2024-07-09,-0.4467948051093794,14,-139.60468886150645
2024-07-10,0.11173022283282619,15,-139.49295863867363
2024-07-11,-0.5774613526612965,15,-140.07041999133492
2024-07-12,-0.15473545326159005,14,-140.2251554445965
2024-07-15,-0.0774087593412723,14,-140.30256420393778
2024-07-16,0.2879094874360645,14,-140.01465471650172
2024-07-17,-0.12250279908331059,14,-140.13715751558505
2024-07-18,-6.051637000513927,14,-146.18879451609897
2024-07-19,0.05167894133810488,8,-146.13711557476086
2024-07-22,-0.01122990730523079,8,-146.14834548206608
2024-07-23,0.09885512207790165,8,-146.04949035998817
2024-07-24,-0.03259211735408518,8,-146.08208247734225
2024-07-25,-2.214356667634989,8,-148.29643914497726
2024-07-26,0.3574263358515817,4,-147.93901280912567
2024-07-29,0.2749856237030317,4,-147.66402718542264
2024-07-30,0.1819069625890421,4,-147.4821202228336
2024-07-31,-0.22681296708022347,9,-147.70893318991384
2024-08-01,0.041153128978619516,9,-147.66778006093523
2024-08-02,0.20732676181730905,9,-147.46045329911792
2024-08-05,0.3340604263146105,9,-147.1263928728033
2024-08-06,-0.6748636229608435,9,-147.80125649576416
2024-08-07,0.09021849683230038,9,-147.71103799893186
2024-08-08,-0.39463635088096416,9,-148.10567434981283
2024-08-09,-0.6504338267690221,7,-148.75610817658185
2024-08-12,0.2627501746595255,7,-148.49335800192233
2024-08-13,-0.1557790352151734,7,-148.6491370371375
2024-08-14,0.1085473183326289,8,-148.54058971880488
2024-08-15,-0.45684774878084844,8,-148.99743746758574
2024-08-16,0.40880580464250016,8,-148.58863166294324
2024-08-19,-0.09882241194667202,8,-148.68745407488993
2024-08-20,-0.0337826309173342,8,-148.72123670580726
2024-08-21,-0.052618388006564626,10,-148.77385509381384
2024-08-22,-0.3407602848690522,10,-149.11461537868288
2024-08-23,0.2566181177083909,10,-148.85799726097449
2024-08-26,-0.23867496977377461,10,-149.09667223074825
2024-08-27,0.03907284789533058,10,-149.0575993828529
2024-08-28,0.16576474852441608,10,-148.8918346343285
2024-08-29,-0.6440551658155529,10,-149.53588980014405
2024-08-30,0.3420241973042576,9,-149.1938656028398
2024-09-03,-0.12011089065458078,9,-149.31397649349438
2024-09-04,0.17680288691892443,9,-149.13717360657546
2024-09-05,0.2996079572865541,10,-148.8375656492889
2024-09-06,-0.7336313139513566,10,-149.57119696324025
2024-09-09,-0.008431898730458603,9,-149.57962886197072
2024-09-10,-0.41905646242982125,9,-149.99868532440053
2024-09-11,0.40199930667114636,9,-149.59668601772938
2024-09-12,0.16576451960683544,9,-149.43092149812256
2024-09-13,0.011517616695412902,9,-149.41940388142714
2024-09-16,0.3103027325688775,9,-149.10910114885826
2024-09-17,-0.3579820214253241,9,-149.4670831702836
2024-09-18,0.20500899592325744,9,-149.26207417436032
2024-09-19,0.04110555366875174,12,-149.22096862069156
2024-09-20,-0.451877411794296,12,-149.67284603248586
2024-09-23,-0.3735532125137585,12,-150.04639924499963
2024-09-24,0.5883758079982553,12,-149.45802343700137
2024-09-25,-0.08414148786421333,12,-149.54216492486557
2024-09-26,0.1117857791066042,12,-149.43037914575896
2024-09-27,-3.069158504249767,12,-152.49953765000873
2024-09-30,-0.254642500566719,7,-152.75418015057545
2024-10-01,0.16541436390658318,7,-152.58876578666886
2024-10-02,0.20930848848262523,7,-152.37945729818622
2024-10-03,0.03816108114606795,10,-152.34129621704017
2024-10-04,-0.00686377266195376,10,-152.3481599897021
2024-10-07,-0.17774748547127672,10,-152.5259074751734
2024-10-08,0.07516323395000446,10,-152.4507442412234
2024-10-09,0.05869691201316912,10,-152.39204732921021
2024-10-10,-0.009927390349262877,12,-152.4019747195595
2024-10-11,-0.10815336178857121,12,-152.51012808134806
2024-10-15,-0.026901100155550126,11,-152.5370291815036
2024-10-16,0.13382785344520498,11,-152.4032013280584
2024-10-17,-0.5699141445772883,11,-152.9731154726357
2024-10-18,-0.20570610612271786,11,-153.1788215787584
2024-10-21,-1.4965531872999258,11,-154.67537476605833
2024-10-22,-0.44811756961315574,9,-155.12349233567147
2024-10-23,0.14969061925996718,9,-154.97380171641151
2024-10-24,0.4480328532985056,9,-154.525768863113
2024-10-25,0.15836430099339677,10,-154.36740456211962
2024-10-28,0.004047488558068954,10,-154.36335707356156
2024-10-29,-0.18127871147156088,10,-154.5446357850331
2024-10-30,-0.20599992922991983,10,-154.75063571426304
2024-10-31,-0.09745311481007113,10,-154.8480888290731
2024-11-01,0.35036543577005685,10,-154.49772339330306
2024-11-04,-0.4582987411447238,10,-154.95602213444778
2024-11-05,-0.01950606974384987,9,-154.97552820419162
2024-11-06,-0.25817311682645616,9,-155.2337013210181
2024-11-07,0.15667907475579873,9,-155.0770222462623
2024-11-08,0.006954900615545351,9,-155.07006734564675
2024-11-12,-0.05907864360683025,9,-155.12914598925357
2024-11-13,-0.006488067199745262,9,-155.1356340564533
2024-11-14,0.12410747517436646,9,-155.01152658127896
2024-11-15,0.031441996341691925,9,-154.98008458493726
2024-11-18,0.05542868279038485,9,-154.92465590214687
2024-11-19,-2.4652830529214063,9,-157.38993895506826
2024-11-20,0.1890033833084433,6,-157.20093557175983
2024-11-21,0.019604853219563068,6,-157.18133071854027
2024-11-22,0.3018082406389906,6,-156.87952247790128
2024-11-25,0.2257837989567531,10,-156.65373867894453
2024-11-26,-0.18505367687730334,10,-156.83879235582185
2024-11-27,0.2406010466023674,10,-156.5981913092195
2024-11-29,-0.16187775121446954,10,-156.76006906043395
2024-12-02,0.13784584062659389,10,-156.62222321980735
2024-12-03,-0.02498582751097575,10,-156.64720904731834
2024-12-04,-2.7118068054373676,10,-159.3590158527557
2024-12-05,-0.005245265551565903,7,-159.36426111830727
2024-12-06,0.09225602757869086,7,-159.27200509072858
2024-12-09,-0.3082675914643319,7,-159.5802726821929
2024-12-10,-0.017768564772956963,9,-159.59804124696586
2024-12-11,-0.2620128910018247,9,-159.8600541379677
2024-12-12,0.028879123097647202,7,-159.83117501487004
2024-12-13,-0.36836330633273173,7,-160.19953832120277
2024-12-16,-0.07146407501750646,7,-160.27100239622027
2024-12-17,0.20505449552952626,7,-160.06594790069073
2024-12-18,-0.10890654855278856,7,-160.17485444924353
2024-12-19,-0.05251277188402531,7,-160.22736722112757
2024-12-20,-0.19162071096381067,7,-160.41898793209137
2024-12-23,0.0449907395120267,7,-160.37399719257934
2024-12-24,-0.2662461087723659,7,-160.64024330135172
2024-12-26,-0.96202084464621,7,-161.60226414599794
2024-12-27,0.19828473802062732,6,-161.40397940797732
2024-12-30,0.2424165739304903,6,-161.16156283404683
2024-12-31,-0.06958079009146956,6,-161.2311436241383
2025-01-02,-0.17316306913017987,7,-161.40430669326847
2025-01-03,0.48342182001753403,7,-160.92088487325094
2025-01-06,0.12547305698473676,7,-160.7954118162662
2025-01-07,-0.2669184892821663,7,-161.0623303055484
2025-01-08,-0.09684816822880601,7,-161.1591784737772
2025-01-09,-0.3597738476461979,7,-161.5189523214234
2025-01-10,0.4164283076306091,7,-161.1025240137928
2025-01-13,-0.5915474419179927,7,-161.69407145571077
2025-01-14,0.17747272340874176,7,-161.51659873230201
2025-01-15,0.3550963690801981,7,-161.1615023632218
2025-01-16,0.15178319437343565,7,-161.0097191688484
2025-01-17,-0.16406763172712935,7,-161.17378680057553
2025-01-21,0.06216430194428374,7,-161.11162249863125
2025-01-22,-0.06828184194105502,7,-161.1799043405723
2025-01-23,0.19933149582987714,7,-160.98057284474243
2025-01-24,0.10642351253693577,7,-160.8741493322055
2025-01-27,-4.927557480122324,7,-165.8017068123278
2025-01-28,0.4419913332801988,3,-165.35971547904762
2025-01-29,0.0490445016081201,3,-165.31067097743951
2025-01-30,-0.09425317186025206,3,-165.40492414929977
2025-01-31,-0.32739154500625,6,-165.732315694306
2025-02-03,0.28088634866868883,6,-165.4514293456373
2025-02-04,0.314188547184975,6,-165.13724079845232
2025-02-05,-0.11909508366763488,6,-165.25633588211997
2025-02-06,-0.4171415823130603,6,-165.67347746443303
2025-02-07,-0.02636879774967482,6,-165.69984626218272
2025-02-10,-2.3255364328032426,6,-168.02538269498595
2025-02-11,-0.051197157252884457,4,-168.07657985223884
2025-02-12,-0.21731834412965134,4,-168.29389819636847
2025-02-13,0.21026815114277314,4,-168.0836300452257
2025-02-14,-0.15664439426653892,8,-168.24027443949225
2025-02-18,0.17050455576862938,8,-168.06976988372364
2025-02-19,0.04910849837127973,8,-168.02066138535235
2025-02-20,0.10313548350185348,8,-167.9175259018505
2025-02-21,-0.07686602814362031,8,-167.99439192999412
2025-02-24,0.10449862547513494,12,-167.88989330451898
2025-02-25,0.22680716046272575,12,-167.66308614405625
2025-02-26,-0.28001499177184863,12,-167.9431011358281
2025-02-27,-0.3826813113555073,12,-168.3257824471836
2025-02-28,-0.11778881732943199,12,-168.44357126451303
2025-03-03,0.1154835248510251,12,-168.328087739662
2025-03-04,-1.5154455042909372,12,-169.84353324395295
2025-03-05,0.24081875958811305,11,-169.60271448436484
2025-03-06,-0.3348999894606931,11,-169.93761447382553
2025-03-07,-0.21187291381910694,11,-170.14948738764463
2025-03-10,0.08681721427993283,13,-170.0626701733647
2025-03-11,0.049360800401799854,13,-170.0133093729629
2025-03-12,0.3291488119956356,13,-169.68416056096729
2025-03-13,-0.21788315278586443,13,-169.90204371375316
2025-03-14,-0.15310765826088132,13,-170.05515137201405
2025-03-17,-0.5579716796400588,13,-170.6131230516541
2025-03-18,0.21244365815494845,13,-170.40067939349916
2025-03-19,0.3326651180864533,13,-170.0680142754127
2025-03-20,-0.05345350836024493,13,-170.12146778377294
2025-03-21,-0.17591910600699212,13,-170.29738688977994
2025-03-24,0.009914614095155094,13,-170.2874722756848
2025-03-25,0.1436361321811062,13,-170.14383614350368
2025-03-26,0.42153468810460853,13,-169.72230145539908
2025-03-27,-0.10588658009404717,13,-169.82818803549313
2025-03-28,0.1287463367351548,13,-169.69944169875797
2025-03-31,0.15494859226278002,13,-169.5444931064952
2025-04-01,-3.4708134746967776,13,-173.01530658119196
2025-04-02,0.12856456659222326,10,-172.88674201459975
2025-04-03,0.0795911098757949,10,-172.80715090472395
2025-04-04,0.09981083123158457,10,-172.70734007349236
2025-04-07,0.5906124058017236,11,-172.11672766769064
2025-04-08,-0.1981316941609212,11,-172.31485936185157
2025-04-09,0.6651819604932452,11,-171.64967740135833
2025-04-10,0.22272830673867317,11,-171.42694909461966
2025-04-11,-0.1425714517437175,11,-171.56952054636338
2025-04-14,-0.4646856702669435,11,-172.0342062166303
2025-04-15,-4.254956502790166,11,-176.2891627194205
2025-04-16,0.32615443175781056,7,-175.9630082876627
2025-04-17,-0.1907619562025797,7,-176.15377024386527
2025-04-21,0.10280673220293078,7,-176.05096351166233
2025-04-22,-0.051232177830991786,8,-176.10219568949333
2025-04-23,-2.899123653685883,8,-179.0013193431792
2025-04-24,0.01446916281143773,4,-178.98685018036775
2025-04-25,-0.36591948491818815,4,-179.35276966528593
2025-04-28,0.31175994842547516,4,-179.04100971686046
2025-04-29,0.07152609821194125,6,-178.96948361864852
2025-04-30,-0.08548862714002003,6,-179.05497224578855
2025-05-01,-0.07645882501737662,6,-179.13143107080592
2025-05-02,-0.10964246006975838,6,-179.24107353087567
2025-05-05,0.475063240442269,6,-178.7660102904334
2025-05-06,0.053730521704419,6,-178.712279768729
2025-05-07,-1.8978860053627353,6,-180.6101657740917
2025-05-08,0.06641766843718735,4,-180.54374810565452
2025-05-09,0.4267622713389424,4,-180.11698583431559
2025-05-12,-0.28359862318975726,4,-180.40058445750535
2025-05-13,-0.025419514726700343,6,-180.42600397223205
2025-05-14,0.10855198514303246,6,-180.31745198708902
2025-05-15,0.06715515890599025,6,-180.25029682818302
2025-05-16,-0.1131369811449737,6,-180.363433809328
2025-05-19,0.14034432299807026,6,-180.22308948632994
2025-05-20,0.320562189401922,11,-179.902527296928
2025-05-21,-0.004926876565280527,11,-179.9074541734933
2025-05-22,0.5099950239276676,11,-179.39745914956563
2025-05-23,-0.3543137779846506,11,-179.7517729275503
2025-05-27,0.4300089194892085,11,-179.32176400806108
2025-05-28,0.39211847087184326,11,-178.92964553718923
2025-05-29,-0.8404970134399081,11,-179.77014255062915
2025-05-30,0.34963713168170896,11,-179.42050541894744
2025-06-02,-0.30773680514550017,11,-179.72824222409295
2025-06-03,-0.32023557702857214,11,-180.04847780112152
2025-06-04,0.3590756874236975,12,-179.6894021136978
2025-06-05,-1.7581379248840179,12,-181.44754003858182
2025-06-06,-0.24433142067145444,11,-181.69187145925326
2025-06-09,0.6053893382634601,11,-181.0864821209898
2025-06-10,-0.1528842551178768,11,-181.23936637610768
2025-06-11,-0.09894260387041715,13,-181.3383089799781
2025-06-12,0.15554141403454863,13,-181.18276756594355
2025-06-13,0.23205406888361318,13,-180.95071349705995
2025-06-16,-0.12698350111133805,13,-181.0776969981713
2025-06-17,-0.2751056887657689,13,-181.35280268693705
2025-06-18,-0.3226165084560819,13,-181.67541919539315
2025-06-20,-1.4803397869596369,13,-183.15575898235278
2025-06-23,0.7179760255536974,12,-182.43778295679908
2025-06-24,0.11334355939158791,12,-182.3244393974075
2025-06-25,0.2860677997649091,12,-182.0383715976426
2025-06-26,-0.041280395407951254,12,-182.07965199305053
2025-06-27,-2.2166643294123274,12,-184.29631632246287
2025-06-30,-0.19591348171953385,10,-184.49222980418241
2025-07-01,-0.17316728956625926,10,-184.66539709374868
2025-07-02,0.03118492522822458,10,-184.63421216852046
2025-07-03,-0.5337306287157292,13,-185.16794279723618
2025-07-07,0.4383982696806632,13,-184.7295445275555
2025-07-08,0.028771607769756957,13,-184.70077291978575
2025-07-09,-0.38362373459987464,13,-185.0843966543856
2025-07-10,0.0033239693142259608,13,-185.08107268507138
2025-07-11,-0.4531983755608285,13,-185.5342710606322
2025-07-14,-1.6315119675671979,13,-187.1657830281994
2025-07-15,0.22545109160398666,11,-186.9403319365954
2025-07-16,0.08917373996457506,11,-186.85115819663085
2025-07-17,0.043641618080396835,11,-186.80751657855046
2025-07-18,-0.13237900958791954,11,-186.93989558813837
2025-07-21,-5.232214677211025,11,-192.1721102653494
2025-07-22,-0.17659055510102856,6,-192.34870082045043
2025-07-23,0.04365938434369107,6,-192.30504143610673
2025-07-24,0.08146647302492024,6,-192.2235749630818
2025-07-25,0.040103258562106225,8,-192.1834717045197
2025-07-28,-0.23167835633297965,8,-192.41515006085268
2025-07-29,0.39112896429360217,8,-192.02402109655907
2025-07-30,-0.23027470405804773,8,-192.25429580061711
2025-07-31,0.09818446662080545,8,-192.1561113339963
2025-08-01,0.12673059699671577,8,-192.0293807369996
2025-08-04,-0.7935347464882063,8,-192.8229154834878
2025-08-05,-0.48450090700238024,7,-193.30741639049018
2025-08-06,0.18995855915482468,7,-193.11745783133534
2025-08-07,0.2574605301616347,7,-192.8599973011737
2025-08-08,-0.2213976157490148,8,-193.08139491692273
2025-08-11,-1.6333836803155604,8,-194.71477859723828
2025-08-12,-0.06946531824209004,6,-194.78424391548037
2025-08-13,0.06419359673391531,6,-194.72005031874644
2025-08-14,-0.24770029101447633,6,-194.9677506097609
2025-08-15,0.2993117700124383,6,-194.66843883974846
2025-08-18,-0.2872145405294789,6,-194.95565338027794
2025-08-19,-0.06214234738990726,6,-195.01779572766785
2025-08-20,0.1600097729681758,6,-194.85778595469966
2025-08-21,-0.0939742525801921,6,-194.95176020727985
2025-08-22,-0.09778503759334782,8,-195.0495452448732
2025-08-25,0.10515684553218425,8,-194.94438839934102
2025-08-26,-0.6859164856689477,8,-195.63030488500996
2025-08-27,0.21664555238706323,8,-195.4136593326229
2025-08-28,0.6784648121153846,8,-194.73519452050752
2025-08-29,-0.17456415324087426,8,-194.9097586737484
2025-09-02,-1.8780565959491513,8,-196.78781526969755
2025-09-03,0.45146560290292925,5,-196.3363496667946
2025-09-04,-0.14376381906297112,5,-196.48011348585757
2025-09-05,-0.25970119420857596,5,-196.73981468006616
2025-09-08,0.21887305021727343,8,-196.5209416298489
2025-09-09,0.39332845777876246,8,-196.12761317207014
2025-09-10,-0.34086152169809036,8,-196.46847469376823
2025-09-11,0.5357678946655069,8,-195.93270679910273
2025-09-12,-0.6338420139238905,8,-196.56654881302663
2025-09-15,0.07299062094779786,10,-196.49355819207884
2025-09-16,0.13168617189418486,10,-196.36187202018465
2025-09-17,0.09092823770154454,10,-196.2709437824831
2025-09-18,-0.16801530635260603,10,-196.4389590888357
2025-09-19,-0.20746411483657973,10,-196.64642320367227
2025-09-22,0.1851126850079123,10,-196.46131051866436
2025-09-23,-1.9637000441138597,10,-198.42501056277823
2025-09-24,-0.03015707761037459,8,-198.4551676403886
2025-09-25,-0.01455122201769616,8,-198.4697188624063
2025-09-26,0.18608036713573745,8,-198.28363849527057
2025-09-29,-0.08027721474066292,10,-198.36391571001124
2025-09-30,0.48935977397646657,10,-197.87455593603477
2025-10-01,-0.4591313445897985,10,-198.33368728062456
2025-10-02,0.13708786476605028,10,-198.19659941585851
2025-10-03,-0.13632718824229068,10,-198.3329266041008
2025-10-06,0.28741142245855306,10,-198.04551518164226
2025-10-07,-0.9624725913709097,10,-199.00798777301316
2025-10-08,0.05858340676883811,9,-198.94940436624432
2025-10-09,0.009528123544902442,9,-198.93987624269943
2025-10-10,0.04972022795876334,9,-198.89015601474065
2025-10-14,-0.0690619855801781,9,-198.95921800032085
2025-10-15,0.1764303858157753,9,-198.78278761450508
2025-10-16,-0.344645498855893,9,-199.12743311336098
2025-10-17,0.018116489565756455,9,-199.10931662379522
2025-10-20,0.05230003557310159,9,-199.05701658822213
2025-10-21,-0.20889048790835119,12,-199.26590707613047
2025-10-22,-1.188922504071245,12,-200.45482958020173
2025-10-23,0.04558916750806283,10,-200.40924041269366
2025-10-24,0.1627969734266117,10,-200.24644343926704
2025-10-27,0.2290827873913943,10,-200.01736065187563
2025-10-28,-0.0008536533495428975,11,-200.01821430522517
2025-10-29,0.0111019757226484,11,-200.00711232950252
2025-10-30,-4.339859210000796e-05,11,-200.00715572809463
2025-10-31,-0.29855139032928224,11,-200.30570711842392
2025-11-03,-0.07239074707490767,11,-200.37809786549883
2025-11-04,0.05991805899273811,11,-200.3181798065061
2025-11-05,-0.8175831662314794,11,-201.13576297273758
2025-11-06,0.0824780856960559,8,-201.0532848870415
2025-11-07,-0.356189235928884,8,-201.4094741229704
2025-11-10,0.09595678712255043,8,-201.31351733584785
2025-11-12,-0.0717154732407777,8,-201.38523280908862
2025-11-13,-0.6136221690526391,8,-201.99885497814125
2025-11-14,0.21246677375139267,6,-201.78638820438985
2025-11-17,-0.05005881544424744,6,-201.8364470198341
2025-11-18,0.052007953422198785,6,-201.78443906641192
2025-11-19,0.2420429685854475,8,-201.54239609782647
2025-11-20,-0.3263281097644562,8,-201.86872420759093
2025-11-21,0.29844065893910476,8,-201.57028354865182
2025-11-24,-0.12105028165151682,8,-201.69133383030334
2025-11-25,-0.016729289346643514,8,-201.70806311964998
2025-11-26,-0.1981929516229095,8,-201.90625607127288
2025-11-28,-1.9800420438276698,8,-203.88629811510054
2025-12-01,-0.11968951668693746,6,-204.0059876317875
2025-12-02,-0.10323002933221498,6,-204.10921766111971
2025-12-03,0.48506247548663345,6,-203.62415518563307
2025-12-04,0.2226748054138626,8,-203.4014803802192
2025-12-05,-0.08299154301586514,8,-203.48447192323508
2025-12-08,0.14437333642914885,8,-203.34009858680594
2025-12-09,-0.2923575678718978,8,-203.63245615467784
2025-12-10,0.34597644072056677,8,-203.28647971395728
2025-12-11,-0.18475700326719213,8,-203.47123671722446
2025-12-12,0.29328889274689096,8,-203.17794782447757
2025-12-15,-0.1042557566196135,8,-203.28220358109718
2025-12-16,0.1510783694629564,8,-203.1311252116342
2025-12-17,-0.008224470831102185,8,-203.1393496824653
2025-12-18,-0.3605688632821218,8,-203.49991854574742
2025-12-19,-0.478217139347084,8,-203.97813568509451
2025-12-22,-0.17253029749483365,5,-204.15066598258935
2025-12-23,0.22738966020406182,5,-203.92327632238528
2025-12-24,0.042716993463893516,5,-203.88055932892138
2025-12-26,-0.20041441138318544,7,-204.08097374030456
2025-12-29,-0.7925225660334849,7,-204.87349630633804
2025-12-30,0.014473194635730935,6,-204.8590231117023
2025-12-31,-0.24365255727172463,6,-205.10267566897403
2026-01-02,-0.20632905070680263,6,-205.30900471968084
2026-01-05,0.321792259433043,7,-204.9872124602478
2026-01-06,-0.02444563138955702,7,-205.01165809163737
2026-01-07,-0.07966373535362486,7,-205.091321826991
2026-01-08,-0.1917652431366843,7,-205.28308707012766
2026-01-09,0.20847516523553927,7,-205.07461190489212
2026-01-12,0.01109743928884116,7,-205.06351446560328
2026-01-13,0.25331176665936084,7,-204.81020269894393
2026-01-14,-0.11535614956302376,7,-204.92555884850694
2026-01-15,-0.11940569956534652,7,-205.04496454807227
2026-01-16,-0.013001678908670364,7,-205.05796622698094
2026-01-20,0.012750669061338732,7,-205.0452155579196
2026-01-21,-0.6924149734372723,7,-205.73763053135687
2026-01-22,-0.342330299725873,5,-206.07996083108273
2026-01-23,0.04546156421075796,5,-206.03449926687196
2026-01-26,0.21462909995575508,5,-205.81987016691622
2026-01-27,0.14757229507522457,6,-205.67229787184098
2026-01-28,-0.5495192654209573,6,-206.22181713726195
2026-01-29,0.22505383416548824,6,-205.99676330309646
2026-01-30,0.04301627618005888,6,-205.9537470269164
2026-02-02,0.10094823973641598,6,-205.85279878717998
2026-02-03,-0.1944936088895407,6,-206.0472923960695
2026-02-04,-0.6298270413964755,6,-206.677119437466
2026-02-05,-0.08302327381893748,4,-206.7601427112849
2026-02-06,0.059741343304091046,4,-206.70040136798082
2026-02-09,-0.10973291139241899,4,-206.81013427937324
2026-02-10,-0.11357229599148841,6,-206.92370657536472
2026-02-11,-0.0514709297248451,6,-206.97517750508956
2026-02-12,0.42263593395873866,6,-206.55254157113083
2026-02-13,0.023665138261935947,6,-206.52887643286888
2026-02-17,-0.2415727616960846,6,-206.77044919456497
2026-02-18,0.2382942509520359,6,-206.53215494361294
2026-02-19,-0.16780456949334968,6,-206.69995951310628
2026-02-20,-0.003260496715854419,6,-206.70322000982213
2026-02-23,0.20503607287096481,6,-206.49818393695116
2026-02-24,-0.23497060868900516,6,-206.73315454564016
2026-02-25,-0.1244626467267121,12,-206.85761719236686
2026-02-26,-0.7348067430440469,12,-207.59242393541092
2026-02-27,-0.22423689742779285,10,-207.81666083283872
2026-03-02,0.008612376029907609,10,-207.80804845680882
2026-03-03,-0.07072439834139893,10,-207.87877285515023
2026-03-04,0.620575595840814,12,-207.2581972593094
2026-03-05,-1.764538533684434,12,-209.02273579299384
2026-03-06,-0.6278146993600711,11,-209.65055049235391
2026-03-09,0.33142195656523377,11,-209.31912853578868
2026-03-10,0.5741345907503533,11,-208.74499394503832
2026-03-11,-0.1363053306107847,11,-208.8812992756491
2026-03-12,0.14279971631877275,11,-208.73849955933034
2026-03-13,-0.6831544561192329,11,-209.42165401544958
2026-03-16,0.6744653067623292,11,-208.74718870868725
2026-03-17,-0.40155176316282615,11,-209.14874047185006
2026-03-18,0.24879328706974801,11,-208.8999471847803
2026-03-19,0.07539900141394773,11,-208.82454818336635
2026-03-20,-0.590756867911969,11,-209.41530505127832
2026-03-23,0.24698020628182957,11,-209.1683248449965
2026-03-24,0.056150712684673365,11,-209.11217413231182
2026-03-25,0.20046508810162128,11,-208.9117090442102
2026-03-26,-0.8208204949463296,11,-209.73252953915653
2026-03-27,-0.0818667457300511,10,-209.81439628488658
2026-03-30,-0.11145981799382476,10,-209.9258561028804
2026-03-31,0.123690125011442,10,-209.80216597786895
2026-04-01,0.4093068435475822,10,-209.39285913432138
2026-04-02,-0.39273468706764725,10,-209.78559382138903
2026-04-06,-0.380598961336785,10,-210.1661927827258
2026-04-07,0.2543472070293683,10,-209.91184557569645
2026-04-08,0.08635072524649916,10,-209.82549485044996
2026-04-09,0.2051552398078319,10,-209.62033961064213
2026-04-10,-0.9939384395143868,10,-210.6142780501565
2026-04-13,-0.1846437576051675,8,-210.79892180776167
2026-04-14,-0.3222549270553209,8,-211.121176734817
2026-04-15,0.19500360281268692,8,-210.92617313200432
2026-04-16,0.23795434382206482,8,-210.68821878818227
2026-04-17,0.12529492408182863,8,-210.56292386410044
2026-04-20,-0.3739821411238379,8,-210.93690600522427
2026-04-21,0.35782142916711007,8,-210.57908457605717
2026-04-22,-0.11536091623711378,8,-210.69444549229428
2026-04-23,0.12246212294607091,8,-210.5719833693482
2026-04-24,-4.468403216783735,8,-215.04038658613194
2026-04-27,0.3621183884168985,2,-214.67826819771506
2026-04-28,-0.3495134435291697,2,-215.02778164124422
2026-04-29,-0.17508384846542335,2,-215.20286548970964
2026-04-30,-0.08527971050072491,6,-215.28814520021035
2026-05-01,-1.7711614263828261,6,-217.05930662659318
2026-05-04,-0.05820923499490768,4,-217.1175158615881
2026-05-05,0.20605754252073216,4,-216.91145831906735
2026-05-06,-0.10918948166458323,4,-217.02064780073192
2026-05-07,0.15939253755120542,6,-216.8612552631807
2026-05-08,-0.11588314740688539,6,-216.9771384105876
2026-05-11,-0.07353287369463213,6,-217.05067128428223
2026-05-12,0.15824450329883943,6,-216.89242678098339
2026-05-13,0.35900200521708425,6,-216.5334247757663
2026-05-14,-0.8768528184231419,6,-217.41027759418944
2026-05-15,0.22376949359974466,6,-217.1865081005897
2026-05-18,-0.22690890502565336,6,-217.41341700561534
2026-05-19,-0.16127152896259678,6,-217.57468853457794
2026-05-20,0.1522082309753634,6,-217.42248030360258
2026-05-21,-0.040712602699703296,11,-217.46319290630228
2026-05-22,0.09409548076091995,11,-217.36909742554136
2026-05-26,0.0024142727962845056,11,-217.36668315274508
2026-05-27,0.14378833869458563,11,-217.2228948140505
2026-05-28,0.23250238945850987,11,-216.990392424592
2026-05-29,0.05398884713031883,11,-216.93640357746168
2026-06-01,-0.46071741632655205,11,-217.39712099378823
2026-06-02,0.5369447169795682,11,-216.86017627680866
2026-06-03,-0.37610518223831935,11,-217.23628145904698
2026-06-04,-0.35176273969269006,11,-217.58804419873968
2026-06-05,0.3866034135030424,12,-217.20144078523663
2026-06-08,0.007216934959727802,12,-217.1942238502769
2026-06-09,-0.30218800434124105,12,-217.49641185461815
2026-06-10,0.09136375376047556,12,-217.40504810085767
2026-06-11,-0.022428446020048724,12,-217.42747654687773
2026-06-12,0.14823959015573474,12,-217.279236956722
2026-06-15,-0.043815061422159914,12,-217.32305201814415
2026-06-16,-0.12061489004567703,12,-217.44366690818984
2026-06-17,0.2976281277780579,12,-217.14603878041177
2026-06-18,-0.10671711360565123,12,-217.2527558940174
2026-06-22,-0.100018012822056,12,-217.35277390683947
2026-06-23,-0.7861760026551597,12,-218.13894990949464
2026-06-24,0.2152125082296649,12,-217.923737401265
2026-06-25,-0.052808008836672166,12,-217.97654541010166
2026-06-26,0.0547413375999245,12,-217.92180407250174
2026-06-29,0.21410124259371618,12,-217.70770282990802
2026-06-30,-2.377249191382052,12,-220.08495202129006
2026-07-01,0.08604534402952264,8,-219.99890667726055
2026-07-02,0.46743499361073565,8,-219.5314716836498
2026-07-06,-0.11385653991216298,8,-219.64532822356196
2026-07-07,-0.10164034677517045,8,-219.74696857033715
2026-07-08,-1.6653885408439069,8,-221.41235711118105
2026-07-09,-0.027281107666772095,6,-221.43963821884782
2026-07-10,-0.00969390004742246,6,-221.44933211889523
2026-07-13,0.06446282363145257,6,-221.38486929526377
2026-07-14,0.1420267860009179,6,-221.24284250926286
2026-07-15,-0.11517921896741658,6,-221.35802172823028
2026-07-16,0.28306495566629486,6,-221.07495677256398
2026-07-17,-0.4130085170563149,6,-221.4879652896203
2026-07-20,0.1608510151354814,6,-221.3271142744848
2026-07-21,0.1895844713021872,6,-221.13752980318262
2026-07-22,-4.127802993634174,6,-225.26533279681678
2026-07-23,0.20293441525017847,1,-225.0623983815666
2026-07-24,-0.06773332070924017,1,-225.13013170227583
2026-07-27,-0.11519279284827322,1,-225.2453244951241
2026-07-28,0.014721446471087613,1,-225.230603048653
2026-07-29,0.03377907278912627,1,-225.19682397586388
2026-07-30,0.16461212757751587,1,-225.03221184828635
2026-07-31,0.04348835784831662,1,-224.98872349043805
2026-08-03,-0.20632412614979834,1,-225.19504761658786
2026-08-04,0.12868166402832892,1,-225.06636595255952
2026-08-05,-0.25989639059546726,1,-225.32626234315498
2026-08-06,0.0,0,-225.32626234315498
2026-08-07,0.0,0,-225.32626234315498
2026-08-10,0.0,0,-225.32626234315498
2026-08-11,0.0,0,-225.32626234315498
2026-08-12,0.0,0,-225.32626234315498
2026-08-13,0.0,0,-225.32626234315498
2026-08-14,0.0,0,-225.32626234315498
2026-08-17,0.0,0,-225.32626234315498
2026-08-18,0.0,0,-225.32626234315498
2026-08-19,0.0,0,-225.32626234315498
