trade_id,opened_at,closed_at,hold_days,belly,side,score,ttm_belly,wing_span_y,a,R_entry_bp,R_exit_bp,price_bp,carry_bp,gross_bp,cost_bp,pnl_bp,convexity_bp,year,month
1,2020-07-28,2020-09-25,42,912810SK5,1.0,0.8535503604909955,29.30321697467488,0.503764544832304,0.5000000000000036,-0.2364214247524532,-0.5401483535766749,0.3037269288242217,0.018121954366352916,0.3218488831905746,0.19536160257782656,0.12648728061274803,-14.19232010466925,2020,7
2,2020-07-28,2020-09-25,42,912810SL3,1.0,0.8535503604909955,29.555099247091032,0.4955509924709105,0.49171270718231963,-0.4541248598813552,-0.4585932657863445,0.004468405904989314,0.01505752014650795,0.019525926051497264,0.14355081810594994,-0.12402489205445268,-23.892372120016717,2020,7
3,2020-08-25,2020-10-26,42,912810SF6,-1.0,-0.5505976754590625,28.479123887748116,0.49555099247090695,0.4917127071823232,0.4423408218510172,0.2976512403119136,-0.1446895815391036,0.011390472234318546,-0.13329910930478506,0.24444943132535252,-0.3777485406301376,7.594466462353864,2020,8
4,2020-08-25,2020-10-26,42,912810SJ8,-1.0,-0.5505976754590625,28.974674880219027,0.5037645448323076,0.5,0.8555317163467469,1.1006983433323403,0.24516662698559344,0.02802968288909142,0.27319630987468485,0.2314537605289812,0.04174254934570365,24.019288940454487,2020,8
5,2020-09-01,2020-11-02,42,912810QZ4,1.0,0.7145592181136328,22.458590006844627,0.4955509924709105,0.49171270718231963,-0.6351777425821825,-0.8673052093784661,0.2321274667962836,0.008859989011585979,0.24098745580786957,0.6880589228434301,-0.4470714670355605,-6.796095344806474,2020,9
6,2020-09-01,2020-11-02,42,912810RC4,1.0,0.7145592181136328,22.954140999315538,0.5037645448323076,0.5,-0.7599946555761017,-0.6033193111419699,-0.15667534443413178,0.007484088638272425,-0.14919125579585935,0.6138649186285988,-0.7630561744244582,-6.203081892021942,2020,9
7,2020-09-01,2020-11-02,42,912810SE9,-1.0,-0.275112912032871,28.20807665982204,0.5037645448323076,0.5,-1.0845850021129033,-1.3695945501327356,-0.28500954801983225,-0.02267189006502573,-0.307681438084858,0.27413602993144404,-0.581817468016302,-18.829143611188357,2020,9
8,2020-09-09,2020-11-09,42,912810QQ4,1.0,0.9093190386589199,20.681724845995895,0.7474332648870607,0.3369963369963342,-0.818700122833238,-1.2143621649061354,0.39566204207289735,0.02174574013547574,0.4174077822083731,0.6630810550451709,-0.2456732728367978,-9.53520467488812,2020,9
9,2020-09-09,2020-11-09,42,912810QS0,1.0,0.9093190386589199,20.933607118412045,0.503764544832304,0.5000000000000036,-0.0750613451003801,0.27313596485906144,-0.34819730995944154,-0.005893835715331173,-0.35409114567477273,0.6772579606722523,-1.031349106347025,0.7080049120665137,2020,9
10,2020-09-09,2020-11-09,42,912810SH2,-1.0,-0.40763734785975553,28.681724845995895,0.49555099247090695,0.5082872928176768,-0.5777604408595316,-0.6498270614371582,-0.07206662057762658,-0.02203004284837177,-0.09409666342599834,0.25444696856701093,-0.3485436319930093,-17.052159058018503,2020,9
11,2020-09-16,2020-11-17,42,912810RJ9,1.0,0.8132819272466582,24.16700889801506,0.5037645448323076,0.5,-0.48981063365933775,-0.4042226766424295,-0.08558795701690824,0.016524742111283644,-0.0690632149056246,0.514735773003137,-0.5837989879087616,-9.452280049750897,2020,9
12,2020-09-16,2020-11-17,42,912810RK6,1.0,0.8132819272466582,24.418891170431213,0.4955509924709105,0.49171270718231963,1.3744578393124707,1.2973380249508004,0.07711981436167026,-0.03345022053089923,0.04366959383077103,0.5186467016703055,-0.47497710783953445,20.32710601541052,2020,9
13,2020-09-16,2020-11-17,42,912810RM2,1.0,0.8132819272466582,24.66255989048597,0.4955509924709105,0.5082872928176804,-0.7367479986822967,-0.8403202275545141,0.1035722288722174,0.02439963700446474,0.12797186587668213,0.47826135583114626,-0.35028948995446413,-13.71566986365093,2020,9
14,2020-10-07,2020-12-09,42,912810SC3,-1.0,-2.6051282948357453,27.60574948665298,0.49828884325804523,0.5054945054945036,-0.32285190990987145,-0.40413737637657876,-0.08128546646670731,-0.008442902394406463,-0.08972836886111378,0.32125950576733886,-0.41098787462845265,-8.111639256907608,2020,10
15,2020-10-07,2020-12-09,42,912810SA7,-1.0,-2.6051282948357453,27.359342915811087,0.49828884325804523,0.4945054945054964,-0.11225787571503831,-0.025885834157335363,0.08637204155770295,-0.003422865184439543,0.0829491763732634,0.3261130384069335,-0.2431638620336701,0.008439214117316851,2020,10
16,2020-10-07,2020-12-09,42,912810RZ3,-1.0,-2.6051282948357453,27.107460643394933,0.503764544832304,0.5000000000000036,0.350164055824298,0.2264820128292766,-0.12368204299502139,0.006927052701313432,-0.11675499029370796,0.2734326845349684,-0.39018767482867633,2.7729321096666695,2020,10
17,2020-10-29,2020-12-31,42,912810RB6,1.0,1.3059256565777366,22.543463381245722,0.4955509924709105,0.5082872928176804,1.0839726071331213,0.9530391450744857,0.13093346205863554,-0.03252529920455192,0.09840816285408363,0.5531570550188345,-0.4547488921647509,11.523557733356995,2020,10
18,2020-11-20,2021-01-25,42,912810QZ4,-1.0,-4.7253944692431995,22.239561943874058,0.4955509924709105,0.49171270718231963,-0.9491259408919483,-0.8534644954647286,0.09566144542721977,-0.028777926031804943,0.06688351939541483,0.7717051634548939,-0.7048216440594791,-10.62371156947529,2020,11
19,2020-11-20,2021-01-25,42,912810RC4,-1.0,-4.7253944692431995,22.73511293634497,0.5037645448323076,0.5,-0.7171880234651318,-0.6052006068963833,0.11198741656874844,-0.031035867076050935,0.0809515494926975,0.5930320626659245,-0.5120805131732269,-10.418090660318995,2020,11
20,2020-12-14,2021-02-16,42,912810RJ9,1.0,1.5192126781321824,23.928815879534564,0.9993155373032181,0.7479452054794519,0.3618477912798568,0.34649239370275753,0.01535539757709925,-0.01054686394548994,0.00480853363160931,0.5183585445240111,-0.5135500108924018,3.8311026163799653,2020,12
21,2020-12-14,2021-02-16,42,912810RH3,1.0,1.5192126781321824,23.67693360711841,1.0020533880903493,0.2513661202185797,0.18207292450924673,0.14139625153248847,0.040676672976758255,0.00453921799588151,0.04521589097263976,0.533282964352634,-0.4880670733799942,-1.0842155281750934,2020,12
22,2020-12-14,2021-02-16,42,912810SK5,1.0,0.9512024142667592,28.928131416837783,0.5037645448323076,0.5,-0.7265123486519309,-0.8687920570373153,0.1422797083853844,0.016731694364620707,0.1590114027500051,0.31233636933721254,-0.15332496658720743,-13.487897878019226,2020,12
23,2020-12-14,2021-02-16,42,912810RN0,-1.0,-3.2267096386671423,24.67624914442163,1.251197809719372,0.40262582056892804,-0.4902669291006023,-0.4847345331304931,0.0055323959701092384,-0.016658095728479764,-0.011125699758370525,0.4694553796374268,-0.4805810793957973,-8.164800640236308,2020,12
24,2020-12-29,2021-03-02,42,912810RV2,1.0,1.3163408127877818,26.132785763175907,0.4955509924709105,0.49171270718231963,-0.331521495534548,-0.4241663474404911,0.09264485190594307,0.005793319541019727,0.09843817144696279,0.5044114256110661,-0.40597325416410335,-4.971055843049868,2020,12
25,2021-01-06,2021-03-09,42,912810RY6,1.0,2.5755795456961676,26.60643394934976,0.5037645448323076,0.5,0.6093873977661257,0.3670668601989613,0.24232053756716443,-0.008824094568394125,0.23349644299877031,0.32750722272803734,-0.09401077972926702,2.4947114317523926,2021,1
26,2021-01-06,2021-03-09,42,912810RX8,1.0,2.5755795456961676,26.354551676933607,0.4955509924709105,0.5082872928176804,-0.6347954207362672,-0.38021297876347226,-0.2545824419727949,0.008054710854012246,-0.24652773111878265,0.3251241275309404,-0.571651858649723,-2.4188862624055503,2021,1
27,2021-01-06,2021-03-09,42,912810RB6,-1.0,-2.0361193080184616,22.354551676933607,0.4955509924709105,0.5082872928176804,1.0388670441853876,0.9382028685091193,-0.10066417567626829,0.03912920135755166,-0.06153497431871663,0.5846509991378496,-0.6461859734565663,15.485038112874093,2021,1
28,2021-01-28,2021-03-30,42,912810RC4,-1.0,-1.6838931633700498,22.546201232032853,0.5037645448323076,0.5,-0.678529739379885,-0.6615262031554936,0.017003536224391436,-0.01971242806363451,-0.002708891839243076,0.5636271186148805,-0.5663360104541235,-10.377892093560945,2021,1
29,2021-02-19,2021-04-20,42,912810SC3,1.0,1.9894686125517858,27.236139630390145,0.4982888432580417,0.5054945054945,-0.1783513145954485,-0.24489661625453074,0.06654530165908223,0.025783744397855364,0.09232904605693759,0.37134330174717467,-0.2790142556902371,-8.209582924330363,2021,2
30,2021-02-19,2021-04-20,42,912810SE9,1.0,1.9894686125517858,27.73990417522245,0.5037645448323076,0.5,-1.1650242805480326,-1.0712227821350506,-0.09380149841298202,0.04722752355187323,-0.04657397486110879,0.29505897547667337,-0.3416329503377822,-18.5261179666077,2021,2
31,2021-02-19,2021-04-20,42,912810SD1,1.0,1.9894686125517858,27.488021902806295,0.503764544832304,0.5000000000000036,0.6946542165191971,0.7937669754028542,-0.09911275888365711,-0.036234802520918555,-0.13534756140457566,0.2993901570144579,-0.4347377184190336,13.37695335588586,2021,2
32,2021-02-19,2021-04-20,42,912810RD2,-1.0,-2.6123176212478314,22.7378507871321,1.0020533880903457,0.748633879781423,-0.5196371912304709,-0.7071098421440491,-0.18747265091357823,-0.037038356096730764,-0.224511007010309,0.5674682368064626,-0.7919792438167716,-8.970906455036243,2021,2
33,2021-03-12,2021-05-11,42,912810RB6,-1.0,-1.8863991902552948,22.17659137577002,0.4955509924709105,0.5082872928176804,0.7902437080245406,1.7661263961858076,0.975882688161267,0.03369792417516036,1.0095806123364273,1.0448331136245712,-0.035252501288143945,11.150832413070702,2021,3
34,2021-04-02,2021-06-02,42,912810SN9,-1.0,-2.68380397180525,29.11978097193703,0.7474332648870643,0.6739926739926747,1.5426185644135448,1.5801150066829917,0.03749644226944682,0.10154928656814359,0.13904572883759042,0.24745691436523598,-0.10841118552764556,54.94759462635989,2021,4
35,2021-04-02,2021-06-02,42,912810SS8,-1.0,-2.68380397180525,29.623545516769337,0.7556468172484614,0.3333333333333333,0.05710417389954703,0.17526938267033998,0.11816520877079295,0.0017445390664422183,0.11990974783723517,0.29791730436691755,-0.17800755652968236,0.3087760375109383,2021,4
36,2021-04-23,2021-06-23,42,912810SC3,1.0,2.10681888083869,27.06365503080082,0.4982888432580417,0.5054945054945073,-0.20500237601139837,-0.6282609319019139,0.42325855589051553,0.006743272143704763,0.43000182803422027,0.4231793633663278,0.006822464667892492,-8.133000699718849,2021,4
37,2021-04-23,2021-06-23,42,912810SE9,1.0,2.10681888083869,27.567419575633128,0.5037645448323076,0.5,-0.9647693634032839,-1.53507519275482,0.5703058293515362,0.027222632532017583,0.5975284618835538,0.41092662160454296,0.18660184027901083,-18.43674475617226,2021,4
38,2021-04-23,2021-06-23,42,912810SD1,1.0,2.10681888083869,27.315537303216974,0.5037645448323076,0.5,0.7277674674987411,1.1705088716852163,-0.44274140418647523,-0.016401919110180175,-0.4591433232966554,0.4170883813591668,-0.8762317046558222,13.253155997545178,2021,4
39,2021-05-07,2021-07-08,42,912810QY7,-1.0,-1.8873147972125186,21.527720739219713,0.5037645448323076,0.5,0.7973842539440001,0.8282623071754758,0.030878053231475633,0.02534525717680421,0.05622331040827984,0.9892728634954302,-0.9330495530871503,3.011398331338171,2021,5
40,2021-05-07,2021-07-08,42,912810QZ4,-1.0,-1.8873147972125186,21.779603011635867,0.4955509924709105,0.49171270718231963,-1.0765801582546919,-1.0954858330847639,-0.018905674830071995,-0.03965057488449181,-0.0585562497145638,1.0116332972338555,-1.0701895469484193,-6.373318435405338,2021,5
41,2021-05-21,2021-07-22,42,912810RU4,1.0,3.5859358371417205,25.489390828199863,0.7556468172484614,0.3333333333333333,0.12308088938395301,0.07419236501065019,0.04888852437330282,-0.0013467234626140714,0.04754180091068875,0.41091546816697233,-0.36337366725628356,-0.02784943954645769,2021,5
42,2021-05-21,2021-07-22,42,912810RS9,-1.0,-2.1416345167977853,24.985626283367555,0.7474332648870643,0.6739926739926747,0.39484818776448494,0.2977477028256015,-0.09710048493888346,0.019326849260000247,-0.07777363567888321,0.5396809195461687,-0.6174545552250519,6.83705185179241,2021,5
43,2021-05-21,2021-07-22,42,912810RN0,-1.0,-2.1416345167977853,24.238193018480494,1.2511978097193683,0.4026258205689263,-0.5735601867574713,-0.5990287250711157,-0.025468538313644373,-0.02151621657046766,-0.04698475488411204,0.6773038006545823,-0.7242885555386943,-8.079824683319572,2021,5
44,2021-05-21,2021-07-22,42,912810RQ3,-1.0,-2.1416345167977853,24.7419575633128,0.7474332648870607,0.32600732600732685,0.5055271784464077,0.4717958087013363,-0.033731369745071405,0.004679298557438224,-0.02905207118763318,0.596896605177071,-0.6259486763647042,2.708915927214491,2021,5
45,2021-06-07,2021-08-05,42,912810RV2,1.0,2.848469595260964,25.700205338809035,0.7474332648870643,0.6630036630036626,-0.9625036240876961,-0.6156529926117926,-0.34685063147590345,0.01776906459997877,-0.32908156687592466,0.4970606702325477,-0.8261422371084723,-8.321699645788982,2021,6
46,2021-06-07,2021-08-05,42,912810SU3,-1.0,-2.5476394182007542,29.700205338809035,0.4955509924709105,0.49171270718231963,0.2165785213997573,0.4109138204247964,0.1943352990250391,0.005753316787560819,0.20008861581259993,0.30424469540452403,-0.1041560795919241,5.217325509978878,2021,6
47,2021-06-28,2021-08-26,42,912810SD1,1.0,1.731755443342515,27.140314852840522,0.503764544832304,0.49999999999999645,0.9517224739736596,1.1146563617847716,-0.16293388781111195,-0.009312786299838912,-0.17224667411095088,0.33654881032142886,-0.5087954844323798,7.070155475905523,2021,6
48,2021-07-06,2021-09-02,42,912810SE9,1.0,1.4298308085286038,27.37303216974675,0.503764544832304,0.49999999999999645,-1.2070495183558405,-1.2903347015380873,0.08328518318224676,0.01963884030520351,0.10292402348745026,0.32535277387800277,-0.2224287503905525,-12.090887672078622,2021,7
49,2021-07-27,2021-09-24,42,912810RU4,1.0,1.9496932595639282,25.305954825462013,0.7556468172484614,0.3333333333333333,0.0047341038841075544,-0.1246454070424674,0.12937951092657496,0.007369627937664463,0.13674913886423942,0.6323488063652603,-0.4955996675010208,-0.04675669334454824,2021,7
50,2021-07-27,2021-09-24,42,912810RQ3,-1.0,-1.354640320502675,24.55852156057495,0.7474332648870643,0.3260073260073253,0.49092581626490883,0.2824340772461076,-0.20849173901880125,0.013023194145315059,-0.1954685448734862,0.696053811965012,-0.8915223568384982,2.6858886225650167,2021,7
51,2021-07-27,2021-09-24,42,912810RN0,-1.0,-1.354640320502675,24.05475701574264,1.251197809719372,0.40262582056892804,-0.6446466079919055,-0.31437259690765273,0.3302740110842528,-0.012383787989355672,0.3178902230948971,0.7412167361172277,-0.4233265130223306,-7.877192103355185,2021,7
52,2021-07-27,2021-09-24,42,912810RS9,-1.0,-1.354640320502675,24.802190280629706,0.7474332648870643,0.6739926739926747,0.28099690744959327,0.32567505583899203,0.044678148389398764,0.007657972709830316,0.05233612109922908,0.6644684954174116,-0.6121323743181826,6.660981937237011,2021,7
53,2021-08-03,2021-10-01,42,912810SF6,1.0,1.295612139724442,27.540041067761805,0.4955509924709105,0.4917127071823268,0.3630561641120411,0.37610979765156927,-0.013053633539528153,-0.014786655899614778,-0.02784028943914293,0.28275786692435345,-0.31059815636349636,1.482717981947161,2021,8
54,2021-08-10,2021-10-08,42,912810RV2,1.0,1.69535723376969,25.519507186858316,0.7474332648870643,0.6630036630036626,-0.6307322184244901,-0.6956421641699517,0.0649099457454616,0.0049301498903919615,0.06984009563585357,0.4735844542043097,-0.40374435856845614,-8.260341389985996,2021,8
55,2021-08-17,2021-10-18,42,912810RY6,1.0,2.3262878853160016,25.9958932238193,0.7474332648870643,0.33699633699633735,0.10208320617677291,0.29585910978766616,-0.19377590361089325,-0.012950528455473308,-0.20672643206636657,0.415152755667073,-0.6218791877334395,5.093577089327368,2021,8
56,2021-08-17,2021-10-18,42,912810SS8,-1.0,-1.2983544115672838,29.248459958932237,0.5037645448323076,0.5,0.11797714233395817,0.015958649496305988,-0.10201849283765219,-0.008155275495257772,-0.11017376833290995,0.1825968793224242,-0.2927706476553341,-3.6404791469905717,2021,8
57,2021-09-08,2021-11-08,42,912810RD2,-1.0,-1.3032667035851564,22.187542778918548,1.0020533880903493,0.7486338797814204,-0.8038018492401378,-0.434260953283383,0.36954089595675477,-0.03371516681777413,0.3358257291389806,0.7372849696559662,-0.4014592405169856,-8.441193493814438,2021,9
58,2021-09-08,2021-11-08,42,912810RH3,-1.0,-1.3032667035851564,22.937713894592743,1.0020533880903493,0.2513661202185797,0.1817056942265971,0.5163199100599369,0.33461421583333983,0.017036847671398538,0.35165106350473835,0.6932058150814291,-0.34155475157669074,3.2854964033383567,2021,9
59,2021-09-29,2021-12-01,42,912810RU4,1.0,1.6060378047428394,25.130732375085557,0.7556468172484614,0.3333333333333333,0.017452072322377,-0.17305268552221253,0.19050475784458953,0.007870047611476187,0.19837480545606573,0.6615099045586187,-0.46313509910255296,-3.5197820774289994,2021,9
60,2021-10-14,2021-12-15,42,912810RV2,1.0,1.3517748305576165,25.34154688569473,0.7474332648870643,0.6630036630036626,-0.6610046114239876,-0.238896687825485,-0.4221079235985026,0.013383407797965497,-0.4087245158005371,0.4075579071908648,-0.8162824229914019,-4.735446034549369,2021,10
61,2021-10-21,2021-12-22,42,912810RY6,1.0,1.300386679465221,25.817932922655714,0.7474332648870643,0.33699633699633735,0.3716699539819013,-0.06365105959655892,0.4353210135784602,-0.007015635019005971,0.4283053785594542,0.3932611797232134,0.035044198836240825,5.050508287219657,2021,10
62,2021-11-12,2022-01-13,42,912810RH3,-1.0,-2.325926113835378,22.76249144421629,1.0020533880903493,0.2513661202185797,0.3360088640223191,0.07394048034168321,-0.2620683836806359,-0.008525985384521836,-0.2705943690651577,1.0282343162377892,-1.298828685302947,-1.2323139943132446,2021,11
63,2021-11-12,2022-01-13,42,912810RD2,-1.0,-2.325926113835378,22.012320328542096,1.0020533880903493,0.7486338797814204,-0.17384445732408493,-0.456667785436049,-0.2828233281119641,-0.0067131926633183965,-0.28953652077528247,1.1831806450885454,-1.4727171658638278,-4.057847613726807,2021,11
64,2021-11-19,2022-01-21,42,912810RJ9,1.0,5.0,22.99247091033539,0.503764544832304,0.49999999999999645,-0.34007733425243103,-0.0878381729126243,-0.25223916133980673,0.008842072696956594,-0.24339708864285015,0.9251451583852641,-1.1685422470281144,-4.3940685279224,2021,11
65,2021-11-19,2022-01-21,42,912810QY7,-1.0,-4.747854569457044,20.99110198494182,0.5037645448323076,0.5,0.2626029600608759,0.23594429768949432,-0.026658662371381592,0.03403066725587837,0.007372004884496776,1.1741249197579475,-1.1667529148734508,6.701124836607676,2021,11
66,2021-12-28,2022-02-28,42,912810RY6,1.0,1.5656237134232898,25.631759069130734,0.7474332648870607,0.3369963369963342,-0.15518549400472814,-0.8354742413475336,0.6802887473428054,-0.011932731970524083,0.6683560153722813,0.5613976188002715,0.10695839657200978,1.6521485161339342,2021,12
67,2022-01-04,2022-03-07,42,912810RV2,1.0,1.6681543928479834,25.117043121149898,0.7474332648870643,0.6630036630036626,-0.42632729666572944,0.12624231974280864,-0.5525696164085381,0.021908430761421287,-0.5306611856471168,0.5464392127377588,-1.0771003983848755,-8.067578957974831,2022,1
68,2022-01-19,2022-03-21,42,912810RH3,1.0,2.159308430055209,22.573579739904176,1.0020533880903493,0.2513661202185797,-0.12581198853873765,0.30653923847636655,-0.4323512270151042,-0.012590027951703067,-0.44494125496680725,0.9756345499428194,-1.4205758049096266,-1.1476866968889112,2022,1
69,2022-01-19,2022-03-21,42,912810RD2,-1.0,-1.7991949379681942,21.82340862422998,1.0020533880903493,0.7486338797814204,-0.3875879746317201,-0.24922666914477531,0.1383613054869448,-0.033433405913670736,0.10492789957327407,0.961169953985739,-0.8562420544124649,-3.9798940960045286,2022,1
70,2022-01-26,2022-03-28,42,912810RJ9,1.0,2.0280249858867654,22.806297056810404,0.5037645448323076,0.5,-0.15655099519267246,-0.6192188262939657,0.4626678311012933,0.03495811829900844,0.4976259494003017,0.9848408703842867,-0.487214920983985,-4.405970106121174,2022,1
71,2022-01-26,2022-03-28,42,912810SD1,1.0,1.4858231402402302,26.55441478439425,0.5037645448323076,0.5,1.3440852165222505,1.9173221120204031,-0.5732368954981526,-0.02509836353207341,-0.598335259030226,0.4892692229569617,-1.0876044819871877,6.706146080675666,2022,1
72,2022-01-26,2022-03-28,42,912810QY7,-1.0,-1.7978774881735513,20.804928131416837,0.5037645448323076,0.5,0.25158145933474874,0.5282635967177152,0.27668213738296643,0.015581081159234136,0.29226321854220055,0.9780727195610788,-0.6858095010188783,6.663353615109486,2022,1
73,2022-02-09,2022-04-11,42,912810RB6,-1.0,-1.6398357360505553,21.2621492128679,0.49555099247090695,0.5082872928176768,0.8585657151364501,1.3796839635016545,0.5211182483652044,0.04656609243627697,0.5676843408014813,1.0478673049782952,-0.48018296417681383,14.361646141350633,2022,2
74,2022-02-09,2022-04-11,42,912810RC4,-1.0,-1.6398357360505553,21.51403148528405,0.503764544832304,0.5000000000000036,-0.28977613018850157,-0.8774147033691504,-0.5876385731806488,-0.02163468583872489,-0.6092732590193737,1.0056183683982702,-1.614891627417644,-9.768614291846546,2022,2
75,2022-02-16,2022-04-19,42,912810SZ2,1.0,3.2308442446222343,29.49486652977413,0.7474332648870643,0.33699633699633735,0.28222806113111787,0.4248349718810829,-0.142606910749965,0.016212507781243186,-0.12639440296872181,0.34183026213067885,-0.46822466509940064,-7.751593217949733,2022,2
76,2022-02-16,2022-04-19,42,912810SL3,-1.0,-5.0,28.0,0.7474332648870643,0.6630036630036626,0.27252769470211824,1.0873979170346049,0.8148702223324866,0.006847328564966823,0.8217175508974535,0.48540341153667393,0.33631413936077953,-0.16918162385104552,2022,2
77,2022-02-16,2022-04-19,42,912810SU3,-1.0,-5.0,28.999315537303218,0.7474332648870643,0.6630036630036626,-0.19385737464537867,-0.2751462232820412,-0.08128884863666253,-0.01560695771222743,-0.09689580634888996,0.4608830031916803,-0.5577788095405702,-8.253806591290356,2022,2
78,2022-02-16,2022-04-19,42,912810SS8,-1.0,-5.0,28.747433264887064,0.5037645448323076,0.5,0.3151698112487722,0.3292965149003235,0.014126703651551331,-0.015809082498468737,-0.001682378846917406,0.5040475154522256,-0.505729894299143,-3.9556358501012596,2022,2
79,2022-02-24,2022-04-26,42,912810SJ8,1.0,2.8779337922236734,27.474332648870636,0.5037645448323076,0.5,0.6763591214923315,0.7828073501586763,-0.10644822866634485,-0.07007466396591078,-0.17652289263225562,0.5697148144763615,-0.7462377071086171,22.395600399799974,2022,2
80,2022-02-24,2022-04-26,42,912810SP4,-1.0,-5.0,28.473648186173854,0.7474332648870643,0.33699633699633735,0.4145024090402405,0.05000918766799867,-0.3644932213722418,0.08315996625928483,-0.281333255112957,0.6109920961417682,-0.8923253512547251,33.52086984152106,2022,2
81,2022-03-03,2022-05-03,42,912810TB4,1.0,3.454975796061545,29.7056810403833,0.503764544832304,0.49999999999999645,0.6906981468201456,0.060519695282024166,0.6301784515381215,-0.03489835825401515,0.5952800932841064,0.29916564543141594,0.2961144478526904,15.795438753502026,2022,3
82,2022-03-31,2022-06-01,42,912810SH2,1.0,2.416730243868937,27.12662559890486,0.4955509924709105,0.5082872928176804,-0.36395839241043504,-0.8252977139382667,0.46133932152783164,0.056652113506959506,0.5179914350347912,0.6604742809659552,-0.142482845931164,-16.091338673618225,2022,3
83,2022-04-22,2022-06-23,42,912810SZ2,1.0,2.006642623237789,29.31690622861054,0.7474332648870643,0.33699633699633735,0.19598506745848177,0.5891262564297062,-0.3931411889712244,0.039472092412885566,-0.35366909655833884,0.4008931411037388,-0.7545622376620776,-7.69916830688129,2022,4
84,2022-04-22,2022-06-23,42,912810SS8,-1.0,-2.246080853015213,28.569472963723477,0.5037645448323076,0.5,0.32383828801647585,0.34023189544676313,0.016393607430287283,0.0010472005309876706,0.017440807961274955,0.6427334559559776,-0.6252926479947026,-4.23112410645831,2022,4
85,2022-04-22,2022-06-23,42,912810SU3,-1.0,-2.246080853015213,28.82135523613963,0.7474332648870643,0.6630036630036626,-0.1936111721340006,-0.40571529071182777,-0.21210411857782718,-0.036278220545584765,-0.24838233912341195,0.5404946584210315,-0.7888769975444434,-8.302823715943049,2022,4
86,2022-04-29,2022-06-30,42,912810SP4,-1.0,-2.1008335201379476,28.298425735797398,0.7474332648870643,0.33699633699633735,-0.03093366439030909,0.24734338854734972,0.2782770529376588,0.10424995568875033,0.38252700862640915,0.6044833041657307,-0.22195629553932156,34.68195122070614,2022,4
87,2022-05-06,2022-07-11,42,912810TB4,1.0,2.1091263536261344,29.530458590006845,0.5037645448323076,0.5,-0.28003454208380685,-0.05874681472783916,-0.2212877273559677,-0.08227692518729975,-0.3035646525432674,0.4393627214244748,-0.7429273739677422,16.188884588646374,2022,5
88,2022-05-20,2022-07-25,42,912810RV2,1.0,2.346185681452782,24.744695414099933,0.7474332648870643,0.6630036630036626,0.08389863513762474,-0.2939088492494468,0.37780748438707157,0.058423916856904706,0.4362314012439763,0.9568437512998001,-0.5206123500558238,-8.283816538155776,2022,5
89,2022-05-20,2022-07-25,42,912810RU4,1.0,2.346185681452782,24.49281314168378,0.7556468172484614,0.3333333333333333,-0.1069100697835168,0.3201141738901292,-0.427024243673646,-0.0074037702807026725,-0.43442801395434866,1.0036197737856116,-1.4380477877399602,0.22660427494355417,2022,5
90,2022-05-20,2022-07-25,42,912810RQ3,-1.0,-3.3915022043169087,23.745379876796715,0.7474332648870643,0.3260073260073253,0.05764480371288627,-0.254901890858239,-0.31254669457112527,0.01502166520389338,-0.2975250293672319,1.3711956506091298,-1.6687206799763619,2.4387943916368897,2022,5
91,2022-05-20,2022-07-25,42,912810RN0,-1.0,-3.3915022043169087,23.241615331964407,0.9993155373032181,0.5041095890410963,-0.4598727312071782,-0.4263142825010391,0.03355844870613911,-0.09335934760556805,-0.05980089889942894,1.4462707137255781,-1.506071612625007,-13.246556167037795,2022,5
92,2022-05-20,2022-07-25,42,912810RS9,-1.0,-3.3915022043169087,23.98904859685147,0.7474332648870643,0.6739926739926747,0.3269464260458932,0.48409996780018894,0.15715354175429574,0.045112006753299565,0.20226554850759532,1.2608325192816343,-1.058566970774039,6.6021588820065915,2022,5
93,2022-06-06,2022-08-08,42,912810SN9,1.0,2.2150300562131555,27.94798083504449,0.4955509924709105,0.5082872928176804,0.5774004593011917,0.9045256700602078,-0.3271252107590161,-0.1451917610635385,-0.4723169718225546,0.6608735384528382,-1.133190510275393,41.03655301020274,2022,6
94,2022-06-06,2022-08-08,42,912810SJ8,1.0,2.2150300562131555,27.200547570157426,0.5037645448323076,0.5,0.5770560474732234,0.5067088526056418,0.07034719486758156,-0.0622043099229735,0.008142884944608061,0.7788638218164423,-0.7707209368718343,16.178452573268117,2022,6
95,2022-06-06,2022-08-08,42,912810SL3,1.0,2.2150300562131555,27.704312114989733,0.4955509924709105,0.49171270718231963,0.04937352133056461,-0.44923111814645367,0.4986046394770183,0.08517312967624649,0.5837777691532647,0.6711415690729845,-0.08736379991971976,-24.351575502940705,2022,6
96,2022-07-06,2022-09-06,42,912810TD0,1.0,1.6865794620430485,29.61533196440794,0.4982888432580417,0.4945054945054928,-0.1282513482228742,1.0246947884835267,-1.152946136706401,-0.012886596318620448,-1.1658327330250213,0.41505010999938136,-1.5808828430244026,2.0441663819013627,2022,7
97,2022-07-14,2022-09-13,42,912810TB4,1.0,1.6028754025481562,29.34154688569473,0.5037645448323076,0.5,-0.041743278503303394,0.18889236450201352,-0.23063564300531691,-0.06065323702825821,-0.2912888800335751,0.38518455638759497,-0.6764734364211701,22.80391219743052,2022,7
98,2022-07-28,2022-09-27,42,912810RQ3,-1.0,-2.383401812058721,23.5564681724846,0.7474332648870643,0.3260073260073253,-0.26666625247937503,0.09285563514365158,0.3595218876230266,0.041890164592237655,0.40141205221526427,1.2151200812074618,-0.8137080289921976,2.438211629849093,2022,7
99,2022-07-28,2022-09-27,42,912810RS9,-1.0,-2.383401812058721,23.800136892539356,0.7474332648870643,0.6739926739926747,0.5820340977547245,0.48774355933765,-0.09429053841707447,0.01661023841882206,-0.0776802999982524,1.2711323547479252,-1.3488126547461776,6.514799995157773,2022,7
100,2022-07-28,2022-09-27,42,912810RN0,-1.0,-2.383401812058721,23.052703627652292,0.9993155373032181,0.5041095890410963,-0.6371058730727741,-0.18485408939730164,0.4522517836754725,-0.09255714775528648,0.359694635920186,1.2588618779325444,-0.8991672420123584,-13.058640580730753,2022,7
101,2022-08-11,2022-10-12,42,912810SN9,1.0,1.421307481568542,27.761806981519506,0.4955509924709105,0.5082872928176804,1.3086446776475524,-0.18712612805442674,1.4957708057019792,-0.13158555637420366,1.3641852493277755,0.6546048371148468,0.7095804122129287,40.289199190213594,2022,8
102,2022-08-11,2022-10-12,42,912810SJ8,1.0,1.421307481568542,27.014373716632445,0.503764544832304,0.49999999999999645,0.44742216964683834,-0.3331070235378819,0.7805291931847202,-0.12559896334499582,0.6549302298397244,0.677059310693973,-0.022129080854248584,16.000858712954084,2022,8
103,2022-08-11,2022-10-12,42,912810SL3,1.0,1.421307481568542,27.51813826146475,0.4955509924709105,0.49171270718231963,-1.1089231664182408,1.1763416794795312,-2.285264845897772,0.0557409014045422,-2.2295239444932298,0.5140631132016635,-2.743587057694893,-23.67003926552337,2022,8
104,2022-08-18,2022-10-19,42,912810SP4,1.0,2.7207601383174254,27.994524298425734,0.503764544832304,0.5000000000000036,0.18358606714610204,-0.06508304781944751,0.24866911496554955,-0.03749241055304257,0.211176704412507,0.7630366428159344,-0.5518599384034274,8.173092173716725,2022,8
105,2022-08-18,2022-10-19,42,912810SK5,1.0,2.7207601383174254,27.247091033538673,0.5037645448323076,0.5,-0.906311415254546,-1.1012492645448901,0.1949378492903442,0.0888194483987058,0.28375729768905,0.7329923091252422,-0.44923501143619216,-17.99499089977627,2022,8
106,2022-08-18,2022-10-19,42,912810SZ2,-1.0,-1.5031374306745051,28.993839835728952,0.7474332648870643,0.33699633699633735,0.050261604165457996,0.5174895695277293,0.4672279653622713,-0.02862582032219653,0.4386021450400748,0.4922820159202943,-0.05367987088021953,-7.4700337256418265,2022,8
107,2022-08-25,2022-10-26,42,912810SA7,-1.0,-1.4576604496103114,25.478439425051334,0.4982888432580417,0.4945054945054928,0.0790286745343094,0.36291939871655465,0.28389072418224526,0.012863928161782834,0.2967546523440281,0.6428709872235758,-0.34611633487954774,0.48304797840174274,2022,8
108,2022-09-09,2022-11-09,42,912810RV2,1.0,2.027495139991497,24.438056125941138,0.7474332648870607,0.6630036630036611,0.2786090254680351,0.5648326873779697,-0.28622366190993453,0.03096554059558117,-0.2552581213143534,1.0776912313276297,-1.332949352641983,-4.415610887931649,2022,9
109,2022-09-09,2022-11-09,42,912810RY6,1.0,2.027495139991497,24.933607118412045,0.7474332648870607,0.33699633699633896,-0.06031742550063335,-0.24401528494699676,0.1836978594463634,-0.05073942566312103,0.13295843378324237,0.7890293673600397,-0.6560709335767974,5.179888916064613,2022,9
110,2022-09-09,2022-11-09,42,912810RU4,1.0,2.027495139991497,24.186173853524984,0.7556468172484614,0.3333333333333333,-0.34324145800717076,-0.7861189471602081,0.4428774891530374,0.03355050917148104,0.47642799832451843,1.206886561711725,-0.7304585633872066,-3.5671850370960954,2022,9
111,2022-09-09,2022-11-09,42,912810SC3,-1.0,-1.4301264338881035,25.683778234086244,0.4982888432580417,0.5054945054945,-0.7929558072771625,-0.05797249930252768,0.7349833079746348,-0.06484762523603742,0.6701356827385975,0.6082947243222279,0.06184095841636961,-7.662041475338782,2022,9
112,2022-09-30,2022-12-02,42,912810RQ3,-1.0,-1.3663222111829454,23.381245722108144,0.7474332648870607,0.32600732600732685,-0.3744538625082061,-0.2655501592727205,0.1089037032354856,0.0561559362097544,0.16505963944524,1.7241431142754782,-1.5590834748302382,6.089460572737636,2022,9
113,2022-09-30,2022-12-02,42,912810RS9,-1.0,-1.3663222111829454,23.6249144421629,0.7474332648870643,0.6739926739926747,1.0425167992001771,0.5321852366130031,-0.510331562587174,0.023714024356655736,-0.4866175382305183,1.6790977619589063,-2.1657153001894245,2.7986102296737556,2022,9
114,2022-10-24,2022-12-23,42,912810RH3,1.0,1.4719540287089008,21.817932922655714,1.0020533880903493,0.2513661202185797,0.9539145311932007,0.3895561030651695,0.5643584281280312,0.006352897897446991,0.5707113260254781,1.936530426300689,-1.365819100275211,3.5453374646114355,2022,10
115,2022-10-24,2022-12-23,42,912810RD2,1.0,1.4719540287089008,21.06776180698152,1.0020533880903493,0.7486338797814204,-0.7694624791973803,-0.3640322867637602,-0.4054301924336201,0.04358673022596066,-0.36184346220765945,1.9666031100084758,-2.3284465722161354,-8.313824765559247,2022,10
116,2022-11-15,2023-01-18,42,912810RV2,1.0,1.2370116951704941,24.254620123203285,0.7474332648870643,0.6630036630036626,0.8560775575183088,0.1570020403181882,0.6990755172001206,0.08384645701083701,0.7829219742109577,1.7696209847032285,-0.9866990104922708,-8.396273837749803,2022,11
117,2022-11-15,2023-01-18,42,912810SC3,-1.0,-1.064149381433399,25.50034223134839,0.4982888432580417,0.5054945054945073,-0.0415611267089222,-0.12506314686371311,-0.08350202015479091,0.0026557905542828855,-0.08084622960050802,0.9129537184883583,-0.9937999480888663,-1.3074779013118984,2022,11
118,2022-11-22,2023-01-25,42,912810RJ9,1.0,4.919915063652189,21.984941820670773,0.5037645448323076,0.5,0.566540027871909,-0.007686614990287666,0.5742266428621967,0.022734909421671744,0.5969615522838685,1.7511642302467856,-1.154202677962917,-3.830786463078425,2022,11
119,2022-11-22,2023-01-25,42,912810SH2,1.0,3.312947410389562,26.480492813141684,0.4955509924709105,0.5082872928176804,-0.22730411581273202,-0.2196943966627618,-0.007609719149970218,0.04081581925138463,0.033206100101414414,0.7872468510958205,-0.754040750994406,-9.293065131090543,2022,11
120,2022-11-22,2023-01-25,42,912810RB6,-1.0,-5.0,20.479123887748116,0.4955509924709105,0.5082872928176804,1.8566236970174899,1.3589500258863296,-0.49767367113116023,0.16668518277420014,-0.3309884883569601,1.965073328739716,-2.296061817096676,13.924291355898092,2022,11
121,2022-12-07,2023-02-08,42,912810RC4,-1.0,-3.1600007232673675,20.689938398357288,0.503764544832304,0.5000000000000036,-1.1493015073845925,-0.9941148757934393,0.1551866315911532,-0.11797603736301943,0.037210594228133775,1.648665015858266,-1.6114544216301323,-9.429495407285032,2022,12
122,2022-12-29,2023-03-02,42,912810RH3,1.0,2.4969287711024384,21.631759069130734,1.0020533880903457,0.251366120218577,0.3385116806428723,0.7370005800074964,-0.39848889936462406,0.004343426705093412,-0.39414547265953065,1.5978736459353657,-1.9920191185948963,-1.625665035098649,2022,12
123,2023-01-06,2023-03-09,42,912810RY6,1.0,1.6909262326297883,24.607802874743328,0.7474332648870607,0.3369963369963342,-0.09183429536370191,-0.2885857117493451,0.1967514163856432,-0.021894308925896718,0.17485710745974647,0.979426375393782,-0.8045692679340355,1.1548947752283425,2023,1
124,2023-01-30,2023-03-30,42,912810RJ9,1.0,1.9223607602814996,21.801505817932924,0.5037645448323076,0.5,-0.19637375928289735,0.18993377685541102,-0.38630753613830837,0.07601392307790249,-0.31029361306040587,1.4151884105722967,-1.7254820236327026,-3.8116566538724044,2023,1
125,2023-02-06,2023-04-06,42,912810RK6,-1.0,-1.6842526752324347,22.034223134839152,0.7474332648870643,0.6630036630036626,0.5922874918064869,0.5087829771495356,-0.0835045146569513,0.15047257222884705,0.06696805757189575,1.4419740127203649,-1.375005955148469,12.785210107340262,2023,2
126,2023-02-06,2023-04-06,42,912810RN0,-1.0,-1.6842526752324347,22.529774127310063,0.9993155373032145,0.5041095890410945,0.17614826872216494,-0.3620212241395304,-0.5381694928616954,-0.11230460859368324,-0.6504741014553785,1.491190349462352,-2.1416644509177303,-12.718077538244927,2023,2
127,2023-02-13,2023-04-14,42,912810RC4,-1.0,-1.5605754882460101,20.50924024640657,0.5037645448323076,0.5,0.2779737331733312,-1.1375570297242454,-1.4155307628975766,-0.02927725464614636,-1.444808017543723,1.3977030374343618,-2.8425110549780848,-9.551284803162048,2023,2
128,2023-02-21,2023-04-21,42,912810TB4,1.0,5.0,28.7419575633128,0.5037645448323076,0.5,-0.7663077061744072,-0.24975299835212628,-0.516554707822281,-0.05914534843600356,-0.5757000562582846,0.5381826166980704,-1.113882672956355,15.172903041278147,2023,2
129,2023-02-21,2023-04-21,42,912810TD0,1.0,5.0,28.993839835728952,0.49828884325804523,0.4945054945054964,-0.026954923357269678,0.02820014953612837,-0.05515507289339805,-0.05309327638476567,-0.10824834927816372,0.509258585213445,-0.6175069344916088,9.2106343729412,2023,2
130,2023-02-21,2023-04-21,42,912810SZ2,1.0,5.0,28.490075290896645,0.7474332648870643,0.33699633699633735,0.6275625915074468,-0.02959478469115595,0.6571573761986027,0.027019543078121225,0.684176919276724,0.6450791129913768,0.0390978062853472,-7.177587494039642,2023,2
131,2023-02-21,2023-04-21,42,912810SN9,-1.0,-5.0,27.238877481177276,0.4955509924709105,0.5082872928176804,-1.6965651116977565,-1.0017566259393984,0.6948084857583581,0.15242458918516252,0.8472330749435206,0.7945630201454775,0.0526700547980431,34.40366309438258,2023,2
132,2023-02-21,2023-04-21,42,912810SS8,-1.0,-5.0,27.742642026009584,0.503764544832304,0.49999999999999645,0.09502887725838516,0.11790275573750897,0.02287387847912381,-0.025217863478251536,-0.0023439849991277253,0.7703462534102031,-0.7726902384093308,-4.549832049802859,2023,2
133,2023-02-21,2023-04-21,42,912810SU3,-1.0,-5.0,27.994524298425734,0.7474332648870607,0.6630036630036658,0.18225095576676065,0.08779071626194845,-0.0944602395048122,-0.030451278878737182,-0.12491151838354937,0.7453626686895901,-0.8702741870731395,-7.792807076311249,2023,2
134,2023-03-07,2023-05-05,42,912810SP4,-1.0,-4.310619984292254,27.444216290212182,0.5037645448323076,0.5,-0.16036390347178298,0.1521300584456986,0.3124939619174816,0.03791015937275946,0.350404121290241,0.783917466225168,-0.433513344934927,8.618302765795477,2023,3
135,2023-04-26,2023-06-27,42,912810TD0,1.0,1.9715152041367858,28.810403832991103,0.4982888432580417,0.4945054945054928,-0.2655725479127069,-0.15717551996090595,-0.10839702795180095,-0.017269929440569484,-0.12566695739237044,0.6415964871270529,-0.7672634445194233,9.162517639681198,2023,4
136,2023-04-26,2023-06-27,42,912810SZ2,1.0,1.9715152041367858,28.306639288158795,0.7474332648870643,0.33699633699633735,0.03948865618030872,0.18880385708408554,-0.1493152009037768,0.052664280397846985,-0.09665092050592983,0.7197252427221769,-0.8163761632281067,-6.928264865609378,2023,4
137,2023-04-26,2023-06-27,42,912810TB4,1.0,1.9715152041367858,28.55852156057495,0.5037645448323076,0.5,0.022161006927534643,-0.4565012827273396,0.47866228965487423,-0.10060747400531674,0.3780548156495575,0.6728447912287441,-0.29478997557918657,14.789021319359648,2023,4
138,2023-04-26,2023-06-27,42,912810SN9,-1.0,-2.0759183761440005,27.055441478439427,0.4955509924709105,0.5082872928176732,-1.1026736050752328,-1.0228725559803031,0.07980104909492969,0.19621232222621177,0.27601337132114145,0.9936198978009946,-0.7176065264798531,33.57515949924985,2023,4
139,2023-04-26,2023-06-27,42,912810SU3,-1.0,-2.0759183761440005,27.811088295687885,0.7474332648870643,0.6630036630036626,0.07741283235092045,-0.04674877242569764,-0.12416160477661808,-0.054117305911870105,-0.1782789106884882,0.8144161775609235,-0.9926950882494118,-7.685227689883476,2023,4
140,2023-05-10,2023-07-12,42,912810SP4,-1.0,-1.8370361253099379,27.26899383983573,0.5037645448323076,0.5,0.029630661010715542,-0.12149810791020066,-0.1511287689209162,0.004738330096466979,-0.14639043882444921,0.9743171169721947,-1.120707555796644,8.4356175469444,2023,5
141,2023-05-17,2023-07-19,42,912810RU4,1.0,2.6013017494580812,23.50171115674196,0.7556468172484614,0.3333333333333333,-0.5201276143392608,-0.5355834960937944,0.015455881754533607,-0.01640911146566493,-0.0009532297111313238,1.4052631579771773,-1.4062163876883087,0.42262198443404486,2023,5
142,2023-05-17,2023-07-19,42,912810RV2,1.0,2.6013017494580812,23.753593429158112,0.7474332648870643,0.6630036630036626,0.3742758433024518,0.5941499982561549,-0.2198741549537031,0.08351623391523998,-0.13635792103846311,1.3511037206635153,-1.4874616417019784,-7.8324931838808,2023,5
143,2023-05-17,2023-07-19,42,912810TG3,1.0,2.2870803526209706,28.999315537303218,0.49828884325804523,0.5054945054945036,0.024153845650931594,0.36605017525803696,-0.34189632960710536,0.05314205098024639,-0.288754278626859,0.5281021380306741,-0.8168564166575331,-11.382353648021166,2023,5
144,2023-05-17,2023-07-19,42,912810TJ7,-1.0,-4.6477944091921195,29.251197809719372,0.503764544832304,0.49999999999999645,1.1516904830931596,0.8426141738891335,-0.30907630920402607,0.05844398415907345,-0.2506323250449526,0.49459459101309866,-0.7452269160580512,13.300339952107947,2023,5
145,2023-05-17,2023-07-19,42,912810TL2,-1.0,-4.6477944091921195,29.503080082135522,0.503764544832304,0.5000000000000036,-2.1334075927735174,-1.6885757446289062,0.4448318481446112,-0.10532362983040736,0.33950821831420386,0.41994231906856794,-0.08043410075436408,-22.63968802024732,2023,5
146,2023-06-08,2023-08-09,42,912810SF6,1.0,3.668541012735661,25.694729637234772,0.4955509924709105,0.49171270718231963,-0.07749536083898612,-0.02516361395210609,-0.052331746886880026,0.001115510868063932,-0.05121623601881609,0.6653988147795543,-0.7166150507983704,0.7211379249174001,2023,6
147,2023-06-08,2023-08-09,42,912810SE9,1.0,3.668541012735661,25.44284736481862,0.5037645448323076,0.5,0.22979122893924675,0.46621799468997693,-0.23642676575073018,0.07368038632229972,-0.16274637942843045,0.5497138648343061,-0.7124602442627366,-10.280665502289622,2023,6
148,2023-06-08,2023-08-09,42,912810SD1,1.0,3.668541012735661,25.190965092402465,0.5037645448323076,0.5,0.0382498404002618,0.009794235229465542,0.02845560517079626,-0.033939424068817385,-0.005483818898021124,0.6122999961662899,-0.617783815064311,5.800529726101104,2023,6
149,2023-06-08,2023-08-09,42,912810TN8,-1.0,-3.703082303301157,29.694729637234772,0.4955509924709105,0.49171270718231963,0.833657301591928,1.0975098478200884,0.26385254622816046,-0.007745737697759939,0.2561068085304005,0.36919545120712416,-0.11308864267672364,2.3558023832276547,2023,6
150,2023-07-10,2023-09-07,42,912810RQ3,-1.0,-2.1224908652985963,22.611909650924023,0.7474332648870643,0.32600732600733007,0.006685847447096549,0.118444952772645,0.11175910532554845,0.03738083925510106,0.1491399445806495,1.175266019435793,-1.0261260748551435,2.0807640875934794,2023,7
151,2023-07-10,2023-09-07,42,912810RS9,-1.0,-2.1224908652985963,22.855578370978783,0.7474332648870643,0.6739926739926699,0.020700636364079372,0.00765803969382528,-0.013042596670254092,0.045284251663343704,0.03224165499308961,1.2066350876485246,-1.174393432655435,6.322215332138015,2023,7
152,2023-07-10,2023-09-07,42,912810RN0,-1.0,-2.1224908652985963,22.10814510609172,0.9993155373032145,0.5041095890410945,0.5653665002295583,0.7191284388711416,0.15376193864158338,-0.13162316516909772,0.022138773472485662,1.1756158280199573,-1.1534770545474717,-12.328125484327614,2023,7
153,2023-07-24,2023-09-21,42,912810TL2,-1.0,-2.1825943406067587,29.322381930184804,0.5037645448323076,0.5,-1.7178402187182584,-0.47025680541987747,1.247583413298381,-0.17447181924772887,1.0731115940506522,0.3815048535267929,0.6916067405238593,-22.44014692863871,2023,7
154,2023-08-14,2023-10-13,42,912810SE9,1.0,1.9375148109453963,25.26488706365503,0.5037645448323076,0.5,0.5355834960938832,0.19598007202143997,0.33960342407244326,0.17890514865717153,0.5185085727296148,0.5958470007896371,-0.07733842806002234,-16.660452976805885,2023,8
155,2023-08-14,2023-10-13,42,912810SD1,1.0,1.9375148109453963,25.013004791238878,0.5037645448323076,0.5,-0.060249398114464725,0.12121200561527878,-0.1814614037297435,-0.13398022527531683,-0.31544162900506034,0.6640823009557867,-0.979523929960847,12.10775706475684,2023,8
156,2023-08-14,2023-10-13,42,912810SF6,1.0,1.9375148109453963,25.516769336071185,0.4955509924709105,0.49171270718231963,-0.13421438016951726,0.0920395824790976,-0.22625396264861486,-0.08557664864664762,-0.31183061129526246,0.6607711851011089,-0.9726017963963713,7.266935248543518,2023,8
157,2023-08-14,2023-10-13,42,912810TN8,-1.0,-1.8450886252313847,29.516769336071185,0.4955509924709105,0.49171270718231963,1.047548905262019,0.35879124593996004,-0.688757659322059,0.08620450861928616,-0.6025531507027728,0.3014879668699809,-0.9040411175727537,10.21697091242902,2023,8
158,2023-08-21,2023-10-20,42,912810RV2,1.0,2.1101969170893007,23.496235455167692,0.7474332648870643,0.6630036630036626,0.29317607606116347,-0.012450710084754846,0.3056267861459183,0.0311210813640247,0.336747867509943,1.0212892333153891,-0.6845413658054461,-3.8674289838236007,2023,8
159,2023-08-21,2023-10-20,42,912810RU4,1.0,2.1101969170893007,23.24435318275154,0.7556468172484578,0.3333333333333349,-0.08939073957696664,0.12492618494408525,-0.2143169245210519,0.05188576963876992,-0.16243115488228196,1.0833632842417014,-1.2457944391239832,-3.5639051765913337,2023,8
160,2023-08-21,2023-10-20,42,912810RY6,1.0,2.1101969170893007,23.991786447638603,0.7474332648870643,0.33699633699633735,-0.06517625948903039,0.02476269508897566,-0.08993895457800605,-0.0642386885777774,-0.15417764315578344,0.9367265886637248,-1.0909042318195084,5.055065222846821,2023,8
161,2023-09-05,2023-11-03,42,912810TR9,-1.0,-1.853264287538452,29.702943189596166,0.4955509924709105,0.5082872928176804,-0.21302834044565344,0.003947971615669843,0.21697631206132328,0.018121720176311248,0.23509803223763454,0.41153697876988937,-0.17643894653225484,4.759497412803455,2023,9
162,2023-10-03,2023-12-04,42,912810RG5,1.0,1.723178109719271,20.618754277891856,0.4982888432580417,0.5054945054945,0.04970843975344863,0.09978865892068534,-0.050080219167236706,0.02940866786678186,-0.020671551300454845,1.4761689119861698,-1.4968404632866248,-2.8824613981553426,2023,10
163,2023-10-18,2023-12-18,42,912810TN8,-1.0,-1.2852564708566692,29.333333333333332,0.4955509924709105,0.49171270718231963,0.3112561136319414,0.4542230840762773,0.14296697044433593,0.044903432871384534,0.18787040331572047,0.48629608401694036,-0.2984256807012199,10.351691145072351,2023,10
164,2023-11-08,2024-01-10,42,912810RZ3,-1.0,-1.2779299410150786,24.021902806297057,0.5037645448323076,0.5,-0.2769470214845082,-0.21076202392587007,0.06618499755863816,0.08301137196960115,0.1491963695282393,0.8463866248321159,-0.6971902553038766,1.479934994992135,2023,11
165,2023-11-08,2024-01-10,42,912810SA7,-1.0,-1.2779299410150786,24.27378507871321,0.4982888432580417,0.4945054945054928,0.313473795796515,0.22349766322555809,-0.08997613257095693,-0.06049526758913498,-0.15047140016009192,0.8271111513613142,-0.977582551521406,0.8649907545922702,2023,11
166,2023-11-08,2024-01-10,42,912810SC3,-1.0,-1.2779299410150786,24.520191649555098,0.4982888432580417,0.5054945054945073,0.1258661458781063,0.058149610246927,-0.0677165356311793,-0.005881597368839666,-0.07359813300001897,0.8139979882251163,-0.8875961212251352,-7.628135992715329,2023,11
167,2023-11-22,2024-01-25,42,912810RH3,1.0,5.0,20.733744010951405,0.503764544832304,0.49999999999999645,0.30078887939448684,-0.006937870743950469,0.3077267501384373,0.027969281163204577,0.3356960313016419,1.5514943945642339,-1.215798363262592,-1.3252279986504902,2023,11
168,2023-11-22,2024-01-25,42,912810SS8,-1.0,-5.0,26.98425735797399,0.5037645448323076,0.5,0.06847381591787993,0.090255934177641,0.021782118259761063,0.02244598053963267,0.04422809879939373,1.1440903296324398,-1.0998622308330461,2.3484665360741417,2023,11
169,2023-11-22,2024-01-25,42,912810SL3,-1.0,-5.0,26.236824093086927,0.4955509924709105,0.49171270718231963,0.5289218155142272,0.5170222962399329,-0.011899519274294335,-0.14356550973622453,-0.15546502901051887,1.0353888105109406,-1.1908538395214594,-23.44112300075406,2023,11
170,2023-11-22,2024-01-25,42,912810SN9,-1.0,-5.0,26.480492813141684,0.4955509924709105,0.5082872928176804,-1.2841811138617931,-0.5500792255487941,0.734101888312999,0.24915333065626458,0.9832552189692636,1.0956192754851874,-0.11236405651592385,39.20502530133314,2023,11
171,2023-12-07,2024-02-08,42,912810RG5,1.0,3.613079881098154,20.44079397672827,0.49828884325804523,0.5054945054945036,-0.1672689198636501,-0.11732080480544305,-0.049948115058207065,-0.04958410098113109,-0.09953221603933815,1.3078278366910416,-1.4073600527303798,2.221353465322636,2023,12
172,2023-12-07,2024-02-08,42,912810SP4,-1.0,-4.102706496254084,26.691307323750856,0.5037645448323076,0.5,-0.02230219579693049,-0.01764247640942962,0.004659719387500871,0.00454756998897141,0.009207289376472281,0.8765575845927123,-0.86735029521624,2.0081742803727707,2023,12
173,2024-01-30,2024-04-01,42,912810RH3,1.0,1.9521507157011302,20.54483230663929,0.503764544832304,0.49999999999999645,-0.09928142176298671,-0.06990432739257812,-0.029377094370408585,-0.05180776507401834,-0.08118485944442692,1.4707766149517902,-1.5519614743962171,-1.1061120165477973,2024,1
174,2024-01-30,2024-04-01,42,912810SL3,-1.0,-2.060705725773794,26.04791238877481,0.4955509924709105,0.49171270718231963,0.4494649138899298,1.1024000894957808,0.652935175605851,-0.09892100403144675,0.5540141715744042,1.2019802750939172,-0.647966103519513,-22.76648661551323,2024,1
175,2024-01-30,2024-04-01,42,912810SN9,-1.0,-2.060705725773794,26.29158110882957,0.4955509924709105,0.5082872928176804,-0.46330314973435094,-1.4214752777071293,-0.9581721279727784,0.21501033513593995,-0.7431617928368385,1.3441840701740584,-2.087345863010897,38.04282732359627,2024,1
176,2024-02-13,2024-04-15,42,912810SP4,-1.0,-1.8327347691234852,26.50513347022587,0.5037645448323076,0.5,-0.06942749023441941,0.09882355327976988,0.1682510435141893,0.05525639192749083,0.2235074354416801,0.617258841331847,-0.39375140589016694,2.037222191159941,2024,2
177,2024-02-21,2024-04-22,42,912810TD0,1.0,5.0,27.98631074606434,0.4982888432580417,0.4945054945054928,-0.20267151214268253,0.22331489311464559,-0.4259864052573281,-0.07434236307429552,-0.5003287683316237,1.1274680768944656,-1.6277968452260891,8.83588932083262,2024,2
178,2024-02-21,2024-04-22,42,912810TB4,1.0,5.0,27.734428473648187,0.5037645448323076,0.5,-0.2254486083983931,-0.7580547602485943,0.5326061518502012,-0.07940999824703095,0.4531961536031703,1.252085480615553,-0.7988893270123827,13.800784724117193,2024,2
179,2024-02-21,2024-04-22,42,912810SZ2,1.0,5.0,27.482546201232033,0.7474332648870643,0.33699633699633735,0.34150413541125246,0.4460100846140236,-0.10450594920277112,0.03668712922996395,-0.06781881997280717,1.2172730499243685,-1.2850918698971756,-6.477374061131343,2024,2
180,2024-02-21,2024-04-22,42,912810SU3,-1.0,-5.0,26.986995208761122,0.7474332648870643,0.6630036630036626,0.3222734500200275,0.09482262438833544,-0.22745082563169206,-0.041363950951303054,-0.26881477658299513,1.1523335064410252,-1.4211482830240203,-7.211988051665799,2024,2
181,2024-03-06,2024-05-06,42,912810SS8,-1.0,-4.224026855118173,26.69678302532512,0.503764544832304,0.49999999999999645,-0.08932579063882784,0.19197463989262253,0.2813004305314504,-0.03681053872184149,0.2444898918096089,0.7842790952400487,-0.5397892034304398,-4.268808551149704,2024,3
182,2024-04-04,2024-06-04,42,912810SN9,-1.0,-2.5422492783715613,26.11362080766598,0.4955509924709105,0.5082872928176804,-1.5023422114677665,-1.7360734618879547,-0.23373125042018827,0.24304578628144968,0.009314535861261408,0.9266442476712204,-0.917329711809959,31.755141881350795,2024,4
183,2024-04-18,2024-06-18,42,912810SP4,-1.0,-2.1754564589807814,26.327173169062284,0.503764544832304,0.5000000000000036,0.22058664997421928,0.2968645095825284,0.07627785960830913,0.025527564868993144,0.10180542447730227,0.9917806316117996,-0.8899752071344974,8.23473333311756,2024,4
184,2024-04-25,2024-06-26,42,912810TB4,1.0,2.006435689434104,27.55920602327173,0.5037645448323076,0.5,-0.43058395385737747,-0.8028173446656073,0.3722333908082298,-0.13130015450132512,0.2409332363069047,0.7585919888390216,-0.5176587525321169,13.660163035547725,2024,4
185,2024-04-25,2024-06-26,42,912810SZ2,1.0,2.006435689434104,27.307323750855577,0.7474332648870643,0.33699633699633735,0.3714613862090488,0.47585910056535674,-0.10439771435630796,0.06973276309325559,-0.03466495126305237,0.7652215761558543,-0.7998865274189066,-6.377825024385743,2024,4
186,2024-04-25,2024-06-26,42,912810TD0,1.0,2.006435689434104,27.811088295687885,0.4982888432580417,0.4945054945054928,-0.2714932619871213,0.16024543595727359,-0.4317386979443949,-0.025339455640821015,-0.4570781535852159,0.584997644864822,-1.042075798450038,8.780787605582788,2024,4
187,2024-05-09,2024-07-11,42,912810SS8,-1.0,-1.7831395412275766,26.521560574948666,0.5037645448323076,0.5,0.2525659931984947,0.2705848883170159,0.018018895118521172,0.01867164655221194,0.036690541670733115,0.8614349554906005,-0.8247444138198673,-4.516777975222084,2024,5
188,2024-05-16,2024-07-18,42,912810RV2,1.0,3.3969716136117505,22.754277891854894,0.7474332648870643,0.6630036630036626,0.1618145938502069,-0.14922452933623376,0.31103912318644067,0.09596235136796231,0.407001474554403,0.9410566805590421,-0.5340552060046391,-7.3167544670206865,2024,5
189,2024-05-16,2024-07-18,42,912810RU4,1.0,3.3969716136117505,22.50239561943874,0.7556468172484614,0.3333333333333333,-0.03150417043453757,-0.042597452799464364,0.011093282364926793,-0.016635482862636025,-0.005542200497709232,0.9507473081576994,-0.9562895086554086,0.475474423019449,2024,5
190,2024-05-16,2024-07-18,42,912810SD1,1.0,2.8133243551804656,24.251882272416154,0.5037645448323076,0.5,0.16575156802440816,0.31871795654296875,-0.1529663885185606,-0.03715341585871033,-0.1901198043772709,0.7658349432661432,-0.9559547476434141,5.130460030341737,2024,5
191,2024-05-16,2024-07-18,42,912810RN0,-1.0,-5.0,21.251197809719372,0.9993155373032145,0.5041095890410945,-0.029276495110552858,-0.3757555190831763,-0.3464790239726234,-0.14389261695655764,-0.49037164092918106,1.1395695460936088,-1.6299411870227898,-11.255579944911403,2024,5
192,2024-05-16,2024-07-18,42,912810RQ3,-1.0,-5.0,21.754962354551676,0.7474332648870607,0.32600732600732685,-0.0586226746276175,0.2594811575753475,0.318103832202965,0.018088711171776812,0.3361925433747418,1.1404501820521786,-0.8042576386774368,1.8562817590887732,2024,5
193,2024-05-16,2024-07-18,42,912810RS9,-1.0,-5.0,21.998631074606433,0.7474332648870643,0.6739926739926747,-0.05689882266366464,0.07374662182704217,0.1306454444907068,0.07807353356843989,0.2087189780591467,1.087995001483594,-0.8792760234244472,5.953340691575704,2024,5
194,2024-05-23,2024-07-25,42,912810TG3,1.0,2.065350026346853,27.980835044490075,0.4982888432580417,0.5054945054945073,0.291278916984572,0.3695058298633924,-0.07822691287882044,0.0622358320446715,-0.015991080834148942,0.6412178850199282,-0.6572089658540771,-10.308554742190978,2024,5
195,2024-05-23,2024-07-25,42,912810TL2,-1.0,-4.379977983624438,28.484599589322382,0.5037645448323076,0.5,-0.9565353393554243,-1.3549852371216087,-0.39844989776618434,-0.13799154052102947,-0.5364414382872138,0.40412240619859785,-0.9405638444858117,-20.87677705107211,2024,5
196,2024-05-23,2024-07-25,42,912810TJ7,-1.0,-4.379977983624438,28.23271731690623,0.5037645448323076,0.5,0.3692612043804111,0.606539249420246,0.23727804503983485,0.07568566075011009,0.3129637057899449,0.5476629564656921,-0.23469925067574715,12.127486204543374,2024,5
197,2024-05-23,2024-07-25,42,912810TR9,-1.0,-4.379977983624438,28.980150581793293,0.4955509924709105,0.5082872928176804,-0.0812203844608117,0.313717146604775,0.3949375310655867,0.11312768611339603,0.5080652171789828,0.3285763140364026,0.1794889031425802,12.562867214101175,2024,5
198,2024-06-07,2024-08-08,42,912810TV0,1.0,1.8519762786255993,29.44284736481862,0.5037645448323076,0.5,-0.9722709655759942,-1.7324018478393377,0.7601308822633435,0.05689863172169285,0.8170295139850363,0.2914014009562441,0.5256281130287922,-11.411054698581353,2024,6
199,2024-06-07,2024-08-08,42,912810TN8,-1.0,-3.2783005016922875,28.695414099931554,0.4955509924709105,0.49171270718231963,0.5482099332862589,0.7313010705768619,0.183091137290603,-0.004842638473925708,0.1782484988166773,0.3298856511304308,-0.1516371523137535,1.9436783698629654,2024,6
200,2024-07-01,2024-08-29,42,912810TD0,1.0,1.564121224449853,27.633127994524298,0.49828884325804523,0.4945054945054964,-0.21114468949092746,-0.030018586325919472,-0.181126103165008,-0.020259153167118075,-0.20138525633212606,0.8301523847237233,-1.0315376410558494,1.0375213071508824,2024,7
201,2024-07-09,2024-09-06,42,912810TX6,1.0,2.5465190062882925,29.607118412046542,0.4955509924709105,0.49171270718231963,0.36196945780551104,0.9305400216117032,-0.5685705638061922,-0.06355581588508463,-0.6321263796912768,0.4642937354024023,-1.0964201150936792,8.044677305536112,2024,7
202,2024-07-30,2024-09-27,42,912810RU4,1.0,1.6305242477116744,22.297056810403834,0.7556468172484614,0.3333333333333333,-0.05928056098749579,-0.8399073282877811,0.7806267673002854,0.02345811556439528,0.8040848828646806,1.0823846739599148,-0.2782997910952342,0.4958372436655907,2024,7
203,2024-07-30,2024-09-27,42,912810RV2,1.0,1.6305242477116744,22.548939082819988,0.7474332648870607,0.6630036630036611,-0.06779745948908289,0.5925255730038437,-0.6603230324929266,0.03834732640766005,-0.6219757060852665,1.027422231352707,-1.6493979374379735,-7.190996456629364,2024,7
204,2024-07-30,2024-09-27,42,912810TG3,1.0,1.204179013794062,27.794661190965094,0.4982888432580417,0.5054945054945,0.22918701171863454,0.0022370474679345165,0.22694996425070002,0.100832410743212,0.32778237499391205,0.4958325349267304,-0.16805015993281835,-10.201793194854389,2024,7
205,2024-07-30,2024-09-27,42,912810TL2,-1.0,-2.354420737449057,28.298425735797398,0.5037645448323076,0.5,-1.4329338073731268,-2.519907951354927,-1.0869741439818004,-0.16335427300014954,-1.25032841698195,0.3817537061271912,-1.6320821231091411,-20.664920203597603,2024,7
206,2024-07-30,2024-09-27,42,912810TJ7,-1.0,-2.354420737449057,28.046543463381244,0.503764544832304,0.5000000000000036,0.7104539871217508,1.540236473083434,0.8297824859616831,0.11154967951873217,0.9413321654804153,0.4641919676354629,0.47714019784495243,11.995258117420661,2024,7
207,2024-08-13,2024-10-11,42,912810TN8,-1.0,-2.174852253204447,28.511978097193705,0.4955509924709105,0.49171270718231963,0.9061191622064868,0.8172578338618397,-0.0888613283446471,0.07250332977400593,-0.016357998570641172,0.25164378695069445,-0.26800178552133563,1.9399794938202604,2024,8
208,2024-08-20,2024-10-21,42,912810RY6,1.0,1.8153842962426705,22.986995208761122,0.7474332648870643,0.33699633699633735,-0.18606640043712375,0.3151320183481854,-0.5011984187853091,-0.053580699765922515,-0.5547791185512316,0.8782955886847199,-1.4330747072359515,4.635702223334789,2024,8
209,2024-08-20,2024-10-21,42,912810TT5,-1.0,-1.9027041436721501,28.98836413415469,0.5037645448323076,0.5,0.13501167297360617,0.022062102028064245,-0.11294957094554192,0.0453520803093526,-0.06759749063618932,0.3281560363789809,-0.3957535270151702,4.474567490625816,2024,8
210,2024-09-04,2024-11-04,42,912810TR9,-1.0,-1.6284780527078422,28.695414099931554,0.4955509924709105,0.5082872928176804,0.10332729161062204,-0.01821982727512328,-0.12154711888574532,0.012152403441577267,-0.10939471544416805,0.3478411183680367,-0.4572358338122048,4.543612780106315,2024,9
211,2024-09-18,2024-11-19,42,912810SN9,-1.0,-1.5315212601413088,25.65639972621492,0.4955509924709105,0.5082872928176804,-1.7453521534891436,-1.9995431215065196,-0.25419096801737595,0.22087691068115656,-0.033314057336219394,0.8330630627937784,-0.8663771201299978,30.072125746621367,2024,9
212,2024-09-18,2024-11-19,42,912810SL3,-1.0,-1.5315212601413088,25.412731006160165,0.4955509924709105,0.49171270718231963,1.166087988331821,1.2373381556727736,0.07125016734095269,-0.09329510839307842,-0.022044941052125733,0.7891535407574893,-0.8111984818096151,-15.346735591556808,2024,9
213,2024-09-18,2024-11-19,42,912810SK5,-1.0,-1.5315212601413088,25.16084873374401,0.5037645448323076,0.5,-0.163309546867918,0.10576248168940872,0.2690720285573267,-0.1357752642399796,0.1332967643173471,0.7555869483519784,-0.6222901840346313,-16.17325932965099,2024,9
214,2024-10-02,2024-12-04,42,912810RV2,1.0,1.3872614470427287,22.373716632443532,0.7474332648870643,0.6630036630036626,0.5672218686057606,-0.014659609978751043,0.5818814785845117,0.05392488759452553,0.6358063661790372,1.0972656197721777,-0.46145925359314055,-3.5646258373570134,2024,10
215,2024-10-02,2024-12-04,42,912810RU4,1.0,1.3872614470427287,22.12183436002738,0.7556468172484614,0.3333333333333333,-0.8024247487386393,0.07960001627602686,-0.8820247650146662,0.024590069895037807,-0.8574346951196284,1.2453971520985316,-2.10283184721816,-3.0782995637621013,2024,10
216,2024-10-02,2024-12-04,42,912810TL2,-1.0,-1.513583006892558,28.123203285420946,0.5037645448323076,0.5,-2.5710860940685087,-0.9469644313278458,1.624121662740663,-0.19424779177225096,1.429873870968412,0.3173327949287504,1.1125410760396617,-28.09942481851226,2024,10
217,2024-10-09,2024-12-11,42,912810TX6,-1.0,-1.501735251431552,29.35523613963039,0.49555099247090695,0.4917127071823232,1.0136421561476094,0.025733241718839395,-0.98790891442877,0.09974248640217874,-0.8881664280265913,0.2788139927178177,-1.166980420744409,16.087962061593856,2024,10
218,2024-10-09,2024-12-11,42,912810UA4,-1.0,-1.501735251431552,29.598904859685145,0.4955509924709105,0.5082872928176804,-0.6042936255844733,-0.14643679666255238,0.4578568289219209,-0.08808109150799147,0.36977573741392944,0.1880221898669018,0.18175354754702763,-14.789907787864678,2024,10
219,2024-10-24,2024-12-26,42,912810RY6,1.0,1.2372353768504964,22.809034907597535,0.7474332648870643,0.33699633699633735,0.32675126700190127,0.2555984018482338,0.07115286515366748,-0.021604718800426533,0.049548146353240945,1.2263823716650448,-1.1768342253118038,4.599437508845568,2024,10
220,2024-11-22,2025-01-27,42,912810RZ3,1.0,1.8217375522013672,22.981519507186857,0.503764544832304,0.5000000000000036,-0.0308990478515625,-0.10042190551748931,0.06952285766592681,-0.10614526264792334,-0.03662240498199654,1.1138050929818093,-1.1504274979638058,7.018295998228524,2024,11
221,2024-11-22,2025-01-27,42,912810SN9,-1.0,-4.923966576207211,25.478439425051334,0.4955509924709105,0.5082872928176804,-2.1945201713299056,-3.022302448420211,-0.8277822770903054,0.3240325810330075,-0.5037496960572978,1.4486390983944433,-1.952388794451741,36.01682507646166,2024,11
222,2024-11-22,2025-01-27,42,912810SL3,-1.0,-4.923966576207211,25.234770704996578,0.4955509924709105,0.49171270718231963,1.2280051160435512,1.624223277055048,0.39621816101149676,-0.18649749053932893,0.20972067047216783,1.2962577122502927,-1.0865370417781248,-21.528350727584467,2024,11
223,2024-11-22,2025-01-27,42,912810SS8,-1.0,-4.923966576207211,25.982203969883642,0.5037645448323076,0.5,0.6481730573306255,0.5108833312987837,-0.13728972603184175,0.023511086292180766,-0.11377863973966099,1.016998168858058,-1.130776808597719,1.9592739431142547,2024,11
224,2024-12-09,2025-02-10,42,912810RV2,1.0,1.6364488655136744,22.193018480492814,0.7474332648870643,0.6630036630036626,-0.04422277952447207,-0.17522595304262367,0.1310031735181516,0.10179656105839756,0.23279973457654918,1.0688649011650457,-0.8360651665884966,-6.858786914761154,2024,12
225,2024-12-09,2025-02-10,42,912810SP4,-1.0,-3.4147612796299454,25.689253935660506,0.5037645448323076,0.5,0.7280404728824408,1.1985778808594638,0.47053740797702304,-0.005025945193459933,0.4655114627835631,1.1512508824808836,-0.6857394196973206,1.8115923414505062,2024,12
226,2024-12-31,2025-03-04,42,912810RY6,1.0,1.451876554926184,22.622861054072555,0.7474332648870607,0.3369963369963342,0.42827260751923113,0.5259014311291832,-0.09762882360995206,-0.019935642014985343,-0.11756446562493741,1.2661578062378571,-1.3837222718627946,0.7720448672726548,2024,12
227,2025-01-30,2025-04-01,42,912810RZ3,1.0,1.2459471678924328,22.792607802874745,0.503764544832304,0.49999999999999645,-0.14049562125748594,-0.04329681396488816,-0.09719880729259778,-0.019088635335776927,-0.1162874426283747,1.012304578188058,-1.1285920208164326,6.795673699297822,2025,1
228,2025-01-30,2025-04-01,42,912810SN9,-1.0,-1.8617644871278423,25.28952772073922,0.4955509924709105,0.5082872928176804,-3.3606978369941753,-3.1171037706305693,0.24359406636360603,0.24787058204123733,0.4914646484048434,1.0034453350599886,-0.5119806866551452,35.91800438658612,2025,1
229,2025-01-30,2025-04-01,42,912810SL3,-1.0,-1.8617644871278423,25.045859000684462,0.4955509924709105,0.49171270718231963,1.9406566303737716,1.6579485786018644,-0.28270805177190717,-0.11183143032605104,-0.3945394820979582,0.9476803429684437,-1.342219825066402,-21.42414741720188,2025,1
230,2025-02-13,2025-04-15,42,912810SA7,1.0,1.1623588881075295,23.006160164271048,0.4982888432580417,0.4945054945054928,-0.1446287999623319,-0.08867304838964252,-0.055955751572689394,-0.03086210055632653,-0.08681785212901592,0.9163258051712699,-1.0031436573002859,-4.665524419202342,2025,2
231,2025-02-13,2025-04-15,42,912810SC3,1.0,1.1623588881075295,23.252566735112936,0.4982888432580417,0.5054945054945073,0.2251593621221737,-0.3236519111381675,0.5488112732603412,0.09943618356250275,0.6482474568228439,0.83309313961479,-0.18484568279194613,-1.2468202722299395,2025,2
232,2025-02-13,2025-04-15,42,912810SD1,1.0,1.1623588881075295,23.50444900752909,0.5037645448323076,0.5,-0.015544891357333057,0.6034851074218306,-0.6190299987791636,-0.14112549771498062,-0.7601554964941443,0.8241489427057994,-1.5843044391999437,5.10875810006425,2025,2
233,2025-02-13,2025-04-15,42,912810SP4,-1.0,-1.7025671495115227,25.503080082135522,0.503764544832304,0.5000000000000036,1.1474238672590342,1.8347948615481169,0.6873709942890827,0.05062424120957297,0.7379952354986556,1.172099315231061,-0.4341040797324054,1.8174786265158502,2025,2
234,2025-02-21,2025-04-23,42,912810SZ2,1.0,5.0,26.480492813141684,0.5037645448323076,0.5,0.20295875841482847,0.3903388977050781,-0.18738013929024966,-0.09002213239376101,-0.27740227168401066,0.5914063888575428,-0.8688086605415535,10.477172677230215,2025,2
235,2025-02-21,2025-04-23,42,912810TB4,1.0,5.0,26.732375085557837,0.5037645448323076,0.5,-0.13496461256754522,0.1885414123533824,-0.3235060249209276,-0.07557186939548285,-0.3990778943164105,0.6660467810870342,-1.0651246754034447,12.34216781969775,2025,2
236,2025-02-21,2025-04-23,42,912810TD0,1.0,5.0,26.98425735797399,0.4982888432580417,0.4945054945054928,0.28510670085535317,0.18044985257668067,0.1046568482786725,-0.08095653908797859,0.023700309190693908,0.7095616436853261,-0.6858613344946323,8.595585335991814,2025,2
237,2025-02-21,2025-04-23,42,912810SU3,-1.0,-5.0,25.984941820670773,0.4955509924709105,0.49171270718231963,0.02582641287256493,0.2563307957096139,0.230504382837049,0.08913381175702581,0.31963819459407483,0.8369484797576748,-0.5173102851636,10.342233698706394,2025,2
238,2025-03-07,2025-05-07,42,912810SX7,1.0,3.631930632741403,26.190280629705683,0.4955509924709105,0.5082872928176732,-0.7859361764475548,-1.0744221802285736,0.28848600378101885,0.2331441603883855,0.5216301641694043,0.642300197848416,-0.12067003367901163,-29.108548549593735,2025,3
239,2025-03-07,2025-05-07,42,912810SS8,-1.0,-3.8910329197230697,25.694729637234772,0.503764544832304,0.49999999999999645,0.5247116088868076,0.36325608983678315,-0.16145551905002442,-0.04437342171281961,-0.20582894076284403,1.0142226728381034,-1.2200516136009474,-4.568850896328598,2025,3
240,2025-04-04,2025-06-05,42,912810SN9,-1.0,-2.4404405825515885,25.114305270362767,0.4955509924709105,0.5082872928176732,-3.0382216701191123,-3.1588327818811823,-0.12061111176207007,0.2869073409791641,0.16629622921709403,1.535236939858211,-1.368940710641117,28.941892698461885,2025,4
241,2025-04-21,2025-06-20,42,912810SP4,-1.0,-2.0884213016802473,25.32785763175907,0.5037645448323076,0.5,1.768112182617143,1.815135565329129,0.04702338271198592,0.009040647710146316,0.05606403042213223,1.3028745848274983,-1.246810554405366,7.582346830167609,2025,4
242,2025-04-28,2025-06-27,42,912810SZ2,1.0,1.93843126342331,26.305270362765228,0.503764544832304,0.5000000000000036,0.2806663513184926,0.5206108093262607,-0.2399444580077681,-0.03283040814517,-0.2727748661529381,0.9000618859706309,-1.172836752123569,10.23762604971759,2025,4
243,2025-04-28,2025-06-27,42,912810TB4,1.0,1.93843126342331,26.55715263518138,0.5037645448323076,0.5,0.4910418988523624,0.5130767822263849,-0.022034883374022485,-0.13953806578159214,-0.16157294915561463,0.8335352429151066,-0.9951081920707212,12.13371809518145,2025,4
244,2025-05-12,2025-07-14,42,912810SX7,1.0,1.756253324928982,26.015058179329227,0.4955509924709105,0.5082872928176804,-1.30178380920829,-0.963703939105498,-0.33807987010279206,0.16636251774630592,-0.17171735235648614,0.7757175978962166,-0.9474349502527027,-28.682452536648697,2025,5
245,2025-05-12,2025-07-14,42,912810SS8,-1.0,-1.7717748229800587,25.519507186858316,0.5037645448323076,0.5,0.214980180629043,0.1172771632001357,-0.0977030174289073,0.026245221113058898,-0.07145779631584841,1.0068891342989128,-1.0783469306147613,-4.465201944576648,2025,5
246,2025-05-19,2025-07-21,42,912810RU4,1.0,4.407190455461521,21.50034223134839,0.7556468172484614,0.3333333333333333,-0.33512115478520066,-0.25075276692718695,-0.0843683878580137,-0.023221782789268192,-0.1075901706472819,1.203170809179706,-1.310760979826988,0.5001376790873167,2025,5
247,2025-05-19,2025-07-21,42,912810RV2,1.0,4.407190455461521,21.752224503764545,0.7474332648870643,0.6630036630036626,-0.02931042626852509,-0.228413732060484,0.1991033057919589,0.10593530594954165,0.30503861174150054,1.1429305609717366,-0.8378919492302361,-6.65563727541462,2025,5
248,2025-05-19,2025-07-21,42,912810SL3,1.0,3.9463478788482558,24.752908966461327,0.4955509924709105,0.49171270718231963,1.8619165966826667,1.7802246103983066,0.08169198628436014,0.19462149691822705,0.2763134832025872,0.9858519667909922,-0.709538483588405,-21.002031390903454,2025,5
249,2025-05-19,2025-07-21,42,912810RS9,-1.0,-4.7822488861615255,20.996577686516083,0.7474332648870643,0.6739926739926747,0.3121002253159366,0.1951811514494084,-0.11691907386652822,0.08764884871839175,-0.029270225148136472,1.145901338005657,-1.1751715631537936,5.3661544315724825,2025,5
250,2025-05-19,2025-07-21,42,912810RQ3,-1.0,-4.7822488861615255,20.752908966461327,0.7474332648870607,0.32600732600732685,0.39440242778412404,0.5508038587186626,0.1564014309345385,0.014196167102809878,0.1705975980373484,1.1023009021652461,-0.9317033041278977,1.629389885498,2025,5
251,2025-06-03,2025-08-04,42,912810SK5,1.0,3.0097938521966845,24.45448323066393,0.5037645448323076,0.5,-0.2818941435700051,-0.6060717522299086,0.3241776086599035,0.07114579366624095,0.3953234023261445,0.9414795341233111,-0.5461561317971666,-9.350754003472673,2025,6
252,2025-06-10,2025-08-11,42,912810SN9,1.0,2.9912546541396074,24.930869267624914,0.4955509924709105,0.5082872928176804,-3.2113270206346467,-3.089202727348983,-0.12212429328566365,-0.3280402757575031,-0.45016456904316676,1.2245437061073,-1.6747082751504667,35.021448555413315,2025,6
253,2025-06-10,2025-08-11,42,912810SJ8,1.0,2.9912546541396074,24.18343600273785,0.503764544832304,0.5000000000000036,0.7044792175293413,0.6880991976587758,0.016380019870565476,-0.11335098849947507,-0.0969709686289096,0.8479566685048849,-0.9449276371337946,12.444006204386767,2025,6
254,2025-07-02,2025-09-02,42,912810TN8,-1.0,-2.356558345715059,27.627652292950035,0.4955509924709105,0.49171270718231963,0.3206619331290739,0.48725562628231245,0.16659369315323858,0.030122637072800496,0.19671633022603907,0.47971677899796206,-0.283000448771923,1.7608543083622408,2025,7
255,2025-07-02,2025-09-02,42,912810TL2,-1.0,-2.356558345715059,27.37577002053388,0.5037645448323076,0.5,-1.3779217120168497,-2.1780459231064864,-0.8001242110896367,-0.1820536650291104,-0.9821778761187472,0.4197261587046424,-1.4019040348233895,-19.21012548299194,2025,7
256,2025-07-02,2025-09-02,42,912810TJ7,-1.0,-2.356558345715059,27.123887748117728,0.5037645448323076,0.5,0.7963445840357242,1.3981111208638097,0.6017665368280856,0.1085120231227897,0.7102785599508753,0.3837843502789847,0.3264942096718906,11.06028148738207,2025,7
257,2025-07-24,2025-09-23,42,912810RV2,1.0,1.814383121592498,21.56605065023956,0.7474332648870607,0.6630036630036658,-0.32794728820575436,-0.6761065162826041,0.34815922807684974,0.04864687945279286,0.3968061075296426,1.0442804157724868,-0.6474743082428441,-6.648053011085054,2025,7
258,2025-07-24,2025-09-23,42,912810RU4,1.0,1.814383121592498,21.31416837782341,0.7556468172484578,0.3333333333333302,-0.26257832845053564,-0.06103515624991118,-0.20154317220062445,0.02696888494656085,-0.1745742872540636,1.1024493173044454,-1.277023604558509,0.6149853633909856,2025,7
259,2025-08-07,2025-10-07,42,912810SK5,1.0,1.5150467414726814,24.27652292950034,0.5037645448323076,0.5,-0.43690668421412227,-0.4620552062987837,0.02514852208466145,0.14206950586573316,0.16721802795039462,0.9109678325296067,-0.743749804579212,-9.009078929236495,2025,8
260,2025-08-21,2025-10-22,42,912810RY6,1.0,1.8125277679214467,21.984941820670773,0.7474332648870643,0.33699633699633735,0.2569422180399794,0.4456495627378487,-0.18870734469786932,-0.06071906634642374,-0.24942641104429306,0.890174901104108,-1.139601312148401,4.275106821928716,2025,8
261,2025-08-21,2025-10-22,42,912810TT5,-1.0,-1.8220910218271442,27.98631074606434,0.5037645448323076,0.5,0.061702728271484375,0.13439998347068993,0.07269725519920556,0.06265387900107854,0.1353511342002841,0.34525878168098034,-0.20990764748069624,4.368250157816021,2025,8
262,2025-09-05,2025-11-05,42,912810TR9,-1.0,-1.6339103033526068,27.693360711841205,0.4955509924709105,0.5082872928176804,0.9842055437164543,0.7689875489870435,-0.21521799472941083,0.006604908376314395,-0.20861308635309644,0.3540736195762858,-0.5626867059293823,3.6872387987367006,2025,9
263,2025-09-05,2025-11-05,42,912810TN8,-1.0,-1.6339103033526068,27.449691991786448,0.4955509924709105,0.49171270718231963,0.3040939557083622,0.30607942384688336,0.0019854681385211848,0.10135923564484656,0.10334470378336774,0.3534155549043496,-0.2500708511209819,9.414740571666755,2025,9
264,2025-09-05,2025-11-05,42,912810TL2,-1.0,-1.6339103033526068,27.197809719370294,0.5037645448323076,0.5,-2.1886716625586278,-1.763982331990599,0.4246893305680288,-0.23807681342345238,0.18661251714457644,0.35432778636461093,-0.1677152692200345,-26.36310826670538,2025,9
265,2025-09-12,2025-11-13,42,912810UG1,-1.0,-1.6023199714569265,29.429158110882955,0.4955509924709105,0.4917127071823268,0.014142832044772291,-0.11608053238933991,-0.1302233644341122,0.05663722390379021,-0.07358614053032199,0.30101169498251085,-0.3745978355128328,4.0567563586219535,2025,9
266,2025-09-12,2025-11-13,42,912810UK2,-1.0,-1.6023199714569265,29.672826830937716,0.4955509924709105,0.5082872928176732,-0.057659886818628436,0.017586018281168236,0.07524590509979667,-0.07026635666301723,0.004979548436779446,0.24886098053273537,-0.24388143209595592,-5.69119087769991,2025,9
267,2025-09-26,2025-11-28,42,912810RU4,1.0,1.4543277432939152,21.138945927446954,0.7556468172484614,0.3333333333333333,0.01589457194017818,-0.5889050346093772,0.6047996065495553,0.03160368560591867,0.636403292155474,1.109142238363027,-0.47273894620755297,-2.956988698961169,2025,9
268,2025-09-26,2025-11-28,42,912810RV2,1.0,1.4543277432939152,21.39082819986311,0.7474332648870643,0.6630036630036626,-0.6083939101670266,-0.32563466261328333,-0.28275924755374326,0.04052308592147786,-0.2422361616322654,1.0949114531818231,-1.3371476148140886,-3.0566918072891553,2025,9
269,2025-10-20,2025-12-19,42,912810UA4,-1.0,-1.399918444787908,28.57494866529774,0.4955509924709105,0.5082872928176804,-0.6905613683204859,-1.052595633549691,-0.36203426522920523,-0.0669121347487429,-0.42894639997794815,0.25674260970612367,-0.6856890096840718,-13.838754763504966,2025,10
270,2025-10-20,2025-12-19,42,912810TX6,-1.0,-1.399918444787908,28.331279945242983,0.49555099247090695,0.4917127071823232,0.9541021526188409,1.1014510202476124,0.14734886762877153,0.0777679662524748,0.22511683388124631,0.30813290383577413,-0.08301606995452782,15.113265067117055,2025,10
271,2025-10-20,2025-12-19,42,912810TV0,-1.0,-1.399918444787908,28.079397672826833,0.503764544832304,0.49999999999999645,-1.2413978576660156,-1.0366439819335938,0.20475387573242188,-0.10460222213764833,0.10015165359477354,0.2570891275872823,-0.15693747399250876,-18.261463965522722,2025,10
272,2025-10-27,2025-12-29,42,912810RY6,1.0,1.3009638044770455,21.806981519507186,0.7474332648870643,0.33699633699633735,0.42957382228761,0.5989922600588837,-0.16941843777127374,-0.013826971203211484,-0.18324540897448524,0.8853415580156101,-1.0685869669900954,4.114013181924889,2025,10
273,2025-11-18,2026-01-21,42,912810RZ3,1.0,1.9535591352061237,21.99315537303217,0.5037645448323076,0.5,0.45299530029292434,0.2530097961425337,0.19998550415039062,-0.10134511172230748,0.09864039242808315,0.49956689096422774,-0.4009264985361446,6.616820109848277,2025,11
274,2025-11-18,2026-01-21,42,912810UE6,-1.0,-3.0604369155838302,28.993839835728952,0.5037645448323076,0.5,-0.03860054062929663,-0.06637573242191941,-0.027775191792622778,0.04509115650099764,0.017315964708374862,0.3762775080256249,-0.35896154331725,2.4281239159994072,2025,11
275,2025-12-03,2026-02-04,42,912810RV2,1.0,1.7531340484245441,21.204654346338124,0.7474332648870643,0.6630036630036626,-0.14878017998432025,-0.8829179700914125,0.7341377901070922,0.0978546891895854,0.8319924792966776,0.7625113547265747,0.06948112457010291,-6.442889955786001,2025,12
276,2025-12-03,2026-02-04,42,912810UC0,-1.0,-2.8493784897316345,28.700889801505816,0.503764544832304,0.5000000000000036,0.38166046142573684,0.5396147768382153,0.1579543154124785,0.012066823724080866,0.17002113913655936,0.2107075146056226,-0.04068637546906323,4.306822582100409,2025,12
277,2025-12-24,2026-02-26,42,912810UA4,-1.0,-2.243583417782374,28.39151266255989,0.4955509924709105,0.5082872928176804,-0.9588759592572327,-0.9389857758211217,0.01989018343611093,-0.048995156159696455,-0.029104972723585525,0.4295699315101564,-0.4586749042337419,-5.625285638839813,2025,12
278,2025-12-24,2026-02-26,42,912810TX6,-1.0,-2.243583417782374,28.147843942505133,0.4955509924709105,0.49171270718231963,1.128642275027092,1.1406526858357413,0.012010410808649397,0.06171609195528174,0.07372650276393114,0.4299602207767247,-0.3562337180127936,6.995706931990128,2025,12
279,2026-01-02,2026-03-05,42,912810RY6,1.0,1.4674222052591253,21.620807665982205,0.7474332648870607,0.3369963369963342,0.41823441920398885,0.6477831047532856,-0.22954868554929675,-0.019466339335016913,-0.24901502488431365,0.8861931597435359,-1.1352081846278494,0.5798506357741928,2026,1
280,2026-01-26,2026-03-26,42,912810RZ3,1.0,1.2907850921410349,21.809719370294317,0.503764544832304,0.5000000000000036,0.2506256103515625,0.48618316650390625,-0.23555755615234375,-0.019593725493400153,-0.2551512816457439,0.9441004863693839,-1.1992517680151278,6.352540099097155,2026,1
281,2026-02-09,2026-04-10,42,912810RV2,1.0,1.1849052498122241,21.023956194387406,0.7474332648870643,0.6630036630036626,-0.5882291130093975,-0.8644558134533353,0.2762267004439378,0.021435122260842206,0.29766182270478003,1.0304754000141525,-0.7328135773093725,-6.159374450881842,2026,2
282,2026-02-09,2026-04-10,42,912810UC0,-1.0,-1.8572673843128014,28.520191649555098,0.5037645448323076,0.5,0.7065508665295539,0.5798339843749112,-0.12671688215464272,0.12554605321151968,-0.0011708289431230368,0.44405360324025533,-0.44522443218337837,4.3043613993702365,2026,2
283,2026-02-24,2026-04-24,42,912810TB4,1.0,5.0,25.724845995893222,0.503764544832304,0.5000000000000036,0.903521589290257,0.7819317358682909,0.12158985342196615,-0.0710542045610624,0.050535648860903754,0.5990769808054249,-0.5485413319445211,11.223022291014729,2026,2
284,2026-02-24,2026-04-24,42,912810TD0,1.0,5.0,25.976728268309376,0.49828884325804523,0.4945054945054964,0.07747917105240809,0.1625406554471187,-0.08506148439471062,-0.08500227249737627,-0.1700637568920869,0.6380314459166047,-0.8080952028086915,8.048940658749189,2026,2
285,2026-02-24,2026-04-24,42,912810SZ2,1.0,5.0,25.472963723477072,0.503764544832304,0.49999999999999645,0.42809912967136654,0.4949588413659889,-0.06685971169462235,-0.09347657400108421,-0.16033628569570657,0.6669589909136959,-0.8272952766094025,9.525339747339956,2026,2
286,2026-02-24,2026-04-24,42,912810SN9,-1.0,-5.0,24.2217659137577,0.4955509924709105,0.5082872928176804,-0.12864475248131058,0.5526484705466572,0.6812932230279678,0.20797351896015648,0.8892667419881243,0.825295242622655,0.06397149936546931,26.032916752868346,2026,2
287,2026-02-24,2026-04-24,42,912810SP4,-1.0,-5.0,24.473648186173854,0.5037645448323076,0.5,0.6453241777713004,0.366973876953125,-0.27835030081817536,0.061906185220157506,-0.21644411559801785,0.825944913440508,-1.0423890290385258,7.1577755577423545,2026,2
288,2026-02-24,2026-04-24,42,912810SS8,-1.0,-5.0,24.725530458590008,0.5037645448323076,0.5,0.3786631678949881,0.2551730506158645,-0.12349011727912362,-0.043031621962281066,-0.16652173924140468,0.7996712402253339,-0.9661929794667385,-4.043769882673246,2026,2
289,2026-03-03,2026-05-01,42,912810SX7,1.0,4.254299416200313,25.201916495550993,0.4955509924709105,0.5082872928176804,-1.4518189825406314,-1.3551670369695845,-0.09665194557104684,0.23779692641264152,0.14114498084159469,0.8155135548781914,-0.6743685740365968,-26.720969786676363,2026,3
290,2026-03-03,2026-05-01,42,912810SU3,-1.0,-4.309138274527203,24.958247775496236,0.4955509924709105,0.49171270718231963,0.45974267780457545,0.4661878950352527,0.006445217230677258,0.09239958771926532,0.09884480494994258,0.9202331954304319,-0.8213883904804893,9.377638717929386,2026,3
291,2026-04-29,2026-06-30,42,912810SZ2,1.0,2.0486633811987254,25.297741273100616,0.5037645448323076,0.5,0.25053994734420826,0.23746490478520066,0.0130750425590076,-0.03594739534502555,-0.02287235278601795,0.48183388953167944,-0.5047062423176973,9.626939122015216,2026,4
292,2026-04-29,2026-06-30,42,912810TD0,1.0,2.0486633811987254,25.801505817932924,0.4982888432580417,0.4945054945054928,-0.02505333869007309,0.17736665495151627,-0.20241999364158936,-0.020259945908497064,-0.22267993955008641,0.5345732095140963,-0.7572531490641827,8.076220113859733,2026,4
293,2026-04-29,2026-06-30,42,912810SP4,-1.0,-1.7787145632683745,24.298425735797398,0.5037645448323076,0.5,0.517368316650435,-0.11818053074108548,-0.6355488473915205,0.020814022657522926,-0.6147348247339975,0.7121597697673316,-1.3268945945013293,7.296967361068994,2026,4
294,2026-04-29,2026-06-30,42,912810SS8,-1.0,-1.7787145632683745,24.550308008213552,0.5037645448323076,0.5,0.13580322265625,0.2635955810547319,0.1277923583984819,0.009923741952081748,0.13771610035056367,0.5222600777185257,-0.384543977367962,-4.134694953626422,2026,4
295,2026-05-06,2026-07-08,42,912810SX7,1.0,1.9686482979073703,25.026694045174537,0.4955509924709105,0.5082872928176804,-1.2417084629092745,-0.798598760113256,-0.44310970279601847,0.18190183914604996,-0.2612078636499685,0.6292786453809543,-0.8904865090309229,-26.6623128662319,2026,5
296,2026-05-06,2026-07-08,42,912810SU3,-1.0,-1.6464739381696412,24.78302532511978,0.4955509924709105,0.49171270718231963,0.283932087088834,0.1786827382462164,-0.10524934884261761,0.02606916180366086,-0.07918018703895674,0.6507193322544297,-0.7298995192933864,9.439660572034853,2026,5
297,2026-05-20,2026-07-22,42,912810RV2,1.0,3.989688136023839,20.744695414099933,0.7474332648870643,0.6630036630036626,-0.40865258856133124,-0.18173476117639975,-0.2269178273849315,0.10675756904369592,-0.12016025834123557,1.0327132439671631,-1.1528735023083987,-6.014982263048282,2026,5
298,2026-05-20,2026-07-22,42,912810SJ8,1.0,3.5754459796503353,23.241615331964407,0.5037645448323076,0.5,0.9012403201206443,0.8831234001178245,0.018116920002819725,-0.11880704540621537,-0.10069012540339564,1.112149133564381,-1.2128392589677766,11.502651511172218,2026,5
299,2026-05-20,2026-07-22,42,912810TJ7,-1.0,-4.92218246911287,26.24229979466119,0.503764544832304,0.5000000000000036,0.6637314148024487,0.6691932678222656,0.005461853019816942,0.08827333094003623,0.09373518395985317,0.7076198840100182,-0.613884700050165,10.53580681227183,2026,5
300,2026-05-20,2026-07-22,42,912810TL2,-1.0,-4.92218246911287,26.494182067077343,0.5037645448323076,0.5,-1.2657701255585962,-0.9608268737792525,0.3049432517793438,-0.1668096965166507,0.13813355526269308,0.46948549287385405,-0.331351937611161,-18.181229364838657,2026,5
301,2026-05-20,2026-07-22,42,912810TN8,-1.0,-4.92218246911287,26.746064339493497,0.4955509924709105,0.49171270718231963,0.39940760872760883,0.19435641727341135,-0.20505119145419748,-0.0036600148050145763,-0.20871120625921205,0.4541368451488938,-0.6628480514081059,1.6946428590662492,2026,5
302,2026-06-04,2026-08-05,42,912810TR9,-1.0,-3.562193074836324,26.94866529774127,0.4955509924709105,0.5082872928176804,0.5494755276000074,0.5732762879429032,0.0238007603428958,0.13563206189739785,0.15943282224029365,0.3065504729126314,-0.14711765067233773,10.94129923486392,2026,6
