signal,horizon,n_dates,ic_mean,ic_sd,ic_t_naive,ic_t,ic_hit,ic_ir
agg_act__coupon_long__w025__book,5,1491,-0.002970488457714891,0.18382682037192247,-0.6239615318271264,-0.3931204754849076,0.48490945674044267,-0.11471871193808894
agg_act__coupon_long__w025__book,10,1486,-0.007496233634854299,0.1845309189102337,-1.5659697699896118,-0.7438394930597674,0.47106325706594887,-0.20392676963453868
agg_act__coupon_long__w025__book,21,1475,-0.009968920552911086,0.1828376374061703,-2.0940090017059263,-0.7169822320582918,0.48745762711864404,-0.1888744258481314
agg_act__coupon_long__w025__book,42,1454,-0.012422609297399943,0.1879942476639519,-2.5197094745858446,-0.6010356470856038,0.49449793672627235,-0.16186162305868737
agg_act__coupon_long__w025__book,63,1433,-0.01880565069572262,0.19410374130021882,-3.667562756480412,-0.6963076977027548,0.47732030704815076,-0.19376906977425085
agg_act__coupon_long__w025__equal,5,1491,-0.0025499421577453055,0.18679685322694778,-0.5271079846801623,-0.3345077999241232,0.4922870556673374,-0.09691166197012221
agg_act__coupon_long__w025__equal,10,1486,-0.006429901628624414,0.1887298392457726,-1.313327878853274,-0.6128088673944265,0.4831763122476447,-0.1710267445375434
agg_act__coupon_long__w025__equal,21,1475,-0.0083991850568359,0.1887595439191419,-1.7089298703887732,-0.5714949738527151,0.4908474576271186,-0.15414124190557327
agg_act__coupon_long__w025__equal,42,1454,-0.0067285449689270665,0.19277274326490815,-1.3309377240825648,-0.30584102660329204,0.4903713892709766,-0.08549705526882158
agg_act__coupon_long__w025__equal,63,1433,-0.007617316768010796,0.2049803745213254,-1.4067367366233952,-0.26015570108051994,0.48499651081646894,-0.07432240072542476
agg_act__coupon_long__w05__book,5,1492,-0.007008927215722178,0.20425565201469628,-1.3254455115338308,-0.8256478166858361,0.48458445040214476,-0.2436086670394837
agg_act__coupon_long__w05__book,10,1487,-0.01136027798649711,0.20666030189185752,-2.119763371562407,-0.9850837139035427,0.4855413584398117,-0.2759511254345545
agg_act__coupon_long__w05__book,21,1476,-0.010329555166864278,0.20715160429492324,-1.915739690531646,-0.6519441334537293,0.4735772357723577,-0.1727364306879569
agg_act__coupon_long__w05__book,42,1455,-0.007279266010866875,0.22096890841361563,-1.2565735583346391,-0.29453159528384076,0.4927835051546392,-0.080692290859459
agg_act__coupon_long__w05__book,63,1434,-0.008779129442747141,0.21799949561028945,-1.5250024428577793,-0.2971548550371795,0.5160390516039052,-0.08054265830450638
agg_act__coupon_long__w05__equal,5,1492,-0.008978145996571665,0.20558889715332668,-1.6868303953314074,-1.058028908204044,0.4725201072386059,-0.31002896803568897
agg_act__coupon_long__w05__equal,10,1487,-0.012287469669124116,0.20751607377778264,-2.283316952760962,-1.0449286327610787,0.47478143913920645,-0.2972425560753845
agg_act__coupon_long__w05__equal,21,1476,-0.008757157703918956,0.2076636331043287,-1.6201152192155237,-0.5198856231669873,0.497289972899729,-0.1460808697829208
agg_act__coupon_long__w05__equal,42,1455,-0.0031322446684849646,0.22742122707290577,-0.5253590002944555,-0.11789045976723014,0.49896907216494846,-0.03373652181061194
agg_act__coupon_long__w05__equal,63,1434,-0.0017646125468667553,0.23745842661685168,-0.28140794365462146,-0.05190936412350485,0.5104602510460251,-0.014862496749496497
agg_act__coupon_long__w1__book,5,1492,-0.01804927414898194,0.21599844083468378,-3.227702783612803,-1.991047270960731,0.46112600536193027,-0.5932317593392645
agg_act__coupon_long__w1__book,10,1487,-0.02608611755771223,0.22029951091869132,-4.566162871523336,-2.1048265566287507,0.4667114996637525,-0.5944237928715647
agg_act__coupon_long__w1__book,21,1476,-0.043029433096260374,0.22151046951490205,-7.463018969307658,-2.4493420586454375,0.4078590785907859,-0.6729177587571754
agg_act__coupon_long__w1__book,42,1455,-0.04811040764820053,0.2348983368877551,-7.81251009465571,-1.8016863076571643,0.42061855670103093,-0.501689163136547
agg_act__coupon_long__w1__book,63,1434,-0.048574873901435944,0.23568316958429225,-7.804726475564511,-1.4967233685744652,0.42747559274755925,-0.4122048594909371
agg_act__coupon_long__w1__equal,5,1492,-0.015826710836544397,0.21836128964077825,-2.799622199637235,-1.7352840716891895,0.45911528150134046,-0.5145532021746684
agg_act__coupon_long__w1__equal,10,1487,-0.02338046655454264,0.2231140291142126,-4.04093419759344,-1.8434385759828797,0.45595158036314726,-0.5260494424011983
agg_act__coupon_long__w1__equal,21,1476,-0.04038403467831962,0.2229526025034541,-6.958895882367758,-2.26687999885602,0.4234417344173442,-0.6274625107943235
agg_act__coupon_long__w1__equal,42,1455,-0.04774894257354519,0.24038705429637858,-7.576771314043254,-1.6952028837271311,0.41512027491408937,-0.48655093097666846
agg_act__coupon_long__w1__equal,63,1434,-0.05541519097123072,0.2448715114057591,-8.569690711353205,-1.5976741129210574,0.39330543933054396,-0.4526062721882429
agg_act__coupon_long_govt__w025__book,5,1491,-0.0022741466390478462,0.18408615126486533,-0.47701953944950815,-0.30457135582902034,0.4875922199865862,-0.08770262963920897
agg_act__coupon_long_govt__w025__book,10,1486,-0.0059847628583143955,0.18410521150304696,-1.2531130964220862,-0.6035758921055492,0.47510094212651416,-0.1631853376976654
agg_act__coupon_long_govt__w025__book,21,1475,-0.008617320897512352,0.17616469671102603,-1.8786652208337566,-0.6511074061289256,0.5030508474576271,-0.16945095014241007
agg_act__coupon_long_govt__w025__book,42,1454,-0.006636003305267102,0.1860925191106476,-1.3597525502382062,-0.32840233157894705,0.5034387895460798,-0.08734806808468307
agg_act__coupon_long_govt__w025__book,63,1433,-0.008916574907025876,0.19386197767579194,-1.7411192562620972,-0.33636161837513867,0.49685973482205165,-0.09198889863733514
agg_act__coupon_long_govt__w025__equal,5,1491,0.0019118206131259403,0.17928721243493737,0.4117528811323504,0.25963930061455376,0.5043594902749833,0.07570300050706863
agg_act__coupon_long_govt__w025__equal,10,1486,-0.0005423862393818897,0.17911272840615475,-0.11673245464234269,-0.05771283189882004,0.49125168236877526,-0.015201361381887449
agg_act__coupon_long_govt__w025__equal,21,1475,-0.001210705603764337,0.16413228962187945,-0.28329606019934117,-0.10151684032301148,0.5016949152542373,-0.02555260300772221
agg_act__coupon_long_govt__w025__equal,42,1454,0.008831444869774621,0.1663669574268649,2.024169568207107,0.49346744184610564,0.5199449793672627,0.1300290271400662
agg_act__coupon_long_govt__w025__equal,63,1433,0.01190998973419415,0.18074612719708846,2.4943964616893393,0.5130342935959802,0.5247732030704815,0.13178694247990505
agg_act__coupon_long_govt__w05__book,5,1492,-0.0046075378161952955,0.2045329739173473,-0.8701417098661018,-0.5426918360285009,0.4859249329758713,-0.1599266512515009
agg_act__coupon_long_govt__w05__book,10,1487,-0.007396837297398137,0.20760152006632102,-1.3739502932634053,-0.6351451381957913,0.4855413584398117,-0.17886106289199588
agg_act__coupon_long_govt__w05__book,21,1476,-0.007849329954808953,0.206001689352464,-1.46387833146118,-0.48844074783779673,0.47764227642276424,-0.13199346403261725
agg_act__coupon_long_govt__w05__book,42,1455,0.005611077355339659,0.2230735616443801,0.9594661364606639,0.22580324239948013,0.518213058419244,0.0616132020601273
agg_act__coupon_long_govt__w05__book,63,1434,0.016995860333095154,0.2222401708847628,2.8959773901926673,0.5488762529659252,0.5529986052998606,0.1529503893506988
agg_act__coupon_long_govt__w05__equal,5,1492,-0.001934263111277345,0.19730519846376154,-0.3786704650752207,-0.23900072628421115,0.4932975871313673,-0.06959728366158592
agg_act__coupon_long_govt__w05__equal,10,1487,-0.0028613702469873206,0.19554482611149002,-0.5642651284415088,-0.27792421654101124,0.5043712172158709,-0.07345612219072332
agg_act__coupon_long_govt__w05__equal,21,1476,0.0013902265473187106,0.1841125914993262,0.2900983543222224,0.10056123130381399,0.505420054200542,0.026157287715934157
agg_act__coupon_long_govt__w05__equal,42,1455,0.0173770072766134,0.2111346696347149,3.1394019710249648,0.7309661490025627,0.5353951890034364,0.20160024480098288
agg_act__coupon_long_govt__w05__equal,63,1434,0.03052389118408239,0.2178913560429622,5.304866640434382,0.9973273451057565,0.5502092050209205,0.2801753290118027
agg_act__coupon_long_govt__w1__book,5,1492,-0.011289878242787611,0.20896095070545787,-2.086933133786173,-1.290788658206371,0.47587131367292224,-0.38356537066081103
agg_act__coupon_long_govt__w1__book,10,1487,-0.01756883110050962,0.2156608745363932,-3.1414271293629836,-1.4252725162358324,0.47276395427034296,-0.4089514723425986
agg_act__coupon_long_govt__w1__book,21,1476,-0.03636035184580312,0.21945925496453245,-6.365277697395127,-2.0475601150495244,0.4342818428184282,-0.5739377615967018
agg_act__coupon_long_govt__w1__book,42,1455,-0.035070777334167746,0.22525906107003807,-5.938744197856297,-1.3983623649461538,0.436426116838488,-0.3813631688927564
agg_act__coupon_long_govt__w1__book,63,1434,-0.028789775428609183,0.22737305724221185,-4.794837039896386,-0.9421915874932977,0.45327754532775455,-0.2532382312820866
agg_act__coupon_long_govt__w1__equal,5,1492,-0.009007266128580507,0.20451216357279753,-1.7012113162897342,-1.0506010274215176,0.47989276139410186,-0.3126720921437514
agg_act__coupon_long_govt__w1__equal,10,1487,-0.014971643712165621,0.20879198346742,-2.7651019450939454,-1.2928947195995792,0.4714189643577673,-0.35996140131789506
agg_act__coupon_long_govt__w1__equal,21,1476,-0.029599946105836134,0.19221121467915137,-5.916370675458099,-2.007894559757311,0.43089430894308944,-0.5334611785497414
agg_act__coupon_long_govt__w1__equal,42,1455,-0.029020147961603095,0.20497754723769931,-5.4003863018086715,-1.3273122800503327,0.41855670103092785,-0.346791908303814
agg_act__coupon_long_govt__w1__equal,63,1434,-0.02383198121659941,0.2144460656124688,-4.208396403901128,-0.8530353857937698,0.44839609483960946,-0.2222655020369254
agg_act__daily_only__w025__book,5,1491,-0.001799730164685362,0.18463762727200292,-0.376379539879668,-0.23952721878174482,0.4922870556673374,-0.06919941985591643
agg_act__daily_only__w025__book,10,1486,-0.005283215648290021,0.18463042590366138,-1.1030735502742226,-0.5294133704734139,0.4757738896366083,-0.1436465952840305
agg_act__daily_only__w025__book,21,1475,-0.009317688622193782,0.17640117725899976,-2.0286294414930284,-0.698326367484003,0.5037288135593221,-0.18297735143853983
agg_act__daily_only__w025__book,42,1454,-0.0066026032571083,0.1863087154091025,-1.3513387599571018,-0.3260678321859194,0.5116918844566712,-0.08680758126875807
agg_act__daily_only__w025__book,63,1433,-0.009932788507986854,0.19274130702063066,-1.9508302621113416,-0.37862949577852334,0.4982554082344731,-0.10306860175980509
agg_act__daily_only__w025__equal,5,1491,0.003246530363472231,0.17701623886819404,0.7081824856549331,0.44983568352764447,0.5083836351441985,0.13020319110626963
agg_act__daily_only__w025__equal,10,1486,0.0017779567239614104,0.17564057976184963,0.3902165892986582,0.19525134635068025,0.49865410497981155,0.05081554576498035
agg_act__daily_only__w025__equal,21,1475,0.0018733931856070526,0.16231474154477263,0.44326861395218303,0.16037808091728642,0.5132203389830509,0.03998173116185733
agg_act__daily_only__w025__equal,42,1454,0.012295127600201535,0.1707205466615996,2.7461828509448045,0.6698169857454925,0.5275103163686382,0.17640986707125053
agg_act__daily_only__w025__equal,63,1433,0.016958848950138647,0.17982551707840697,3.569999451913886,0.7302028804741132,0.5478018143754362,0.18861448837368616
agg_act__daily_only__w05__book,5,1492,-0.004582824945384531,0.20339833297702337,-0.8703026196586646,-0.5422299069198231,0.48257372654155495,-0.15995622547370675
agg_act__daily_only__w05__book,10,1487,-0.006876291125958265,0.2064706123866012,-1.2842556758180714,-0.5968724611677123,0.4862138533960995,-0.16718460364116058
agg_act__daily_only__w05__book,21,1476,-0.0074305975633461125,0.2034363869708723,-1.4032604510406463,-0.4752830948798175,0.47696476964769646,-0.1265277338233076
agg_act__daily_only__w05__book,42,1455,0.004018425494948759,0.21872709927830358,0.7007850425679637,0.16642729836831405,0.5195876288659794,0.045001703330282194
agg_act__daily_only__w05__book,63,1434,0.01509174074730692,0.218653384238333,2.61371185782849,0.49926537149477107,0.5418410041841004,0.13804259924792078
agg_act__daily_only__w05__equal,5,1492,0.00044023467942775864,0.20025740464665187,0.08491415246840239,0.05354878377593377,0.4973190348525469,0.015606694741964126
agg_act__daily_only__w05__equal,10,1487,0.0033423812381899363,0.1958257691520712,0.6581753727458199,0.3195984691912207,0.5023537323470074,0.08568137240179183
agg_act__daily_only__w05__equal,21,1476,0.00972783101147002,0.18689684905038445,1.9996648689481948,0.6927079792044966,0.5257452574525745,0.18030370918418176
agg_act__daily_only__w05__equal,42,1455,0.02416411695953054,0.2075447795940933,4.441100609043727,1.0582493554572796,0.5512027491408935,0.2851902936394919
agg_act__daily_only__w05__equal,63,1434,0.038666573160733415,0.21165229067053337,6.91810719120839,1.3758904579449212,0.5662482566248257,0.36537826298250076
agg_act__daily_only__w1__book,5,1492,-0.011600612003618173,0.20658400411801545,-2.1690452998358674,-1.3431849795225466,0.47587131367292224,-0.3986570776717938
agg_act__daily_only__w1__book,10,1487,-0.017494267465082414,0.21238681855963407,-3.1763158871922736,-1.454301999726654,0.4741089441829186,-0.4134932962636856
agg_act__daily_only__w1__book,21,1476,-0.03556896327819997,0.21653943645409066,-6.310697799805751,-2.063833827712429,0.4349593495934959,-0.5690164579647421
agg_act__daily_only__w1__book,42,1455,-0.03238033590247422,0.22134091314830925,-5.580217786043143,-1.3108655427144513,0.43848797250859106,-0.3583399902567463
agg_act__daily_only__w1__book,63,1434,-0.0251466717988239,0.22515809854716937,-4.229290500712485,-0.8324707632231367,0.45676429567642957,-0.22336901902336692
agg_act__daily_only__w1__equal,5,1492,-0.011116451085582055,0.20484999490147324,-2.096112633102474,-1.2846054306370291,0.4879356568364611,-0.38525250572073977
agg_act__daily_only__w1__equal,10,1487,-0.011033159231908583,0.21052029916737275,-2.0209770966247613,-0.9381571547790306,0.4808338937457969,-0.2630911127971826
agg_act__daily_only__w1__equal,21,1476,-0.023248436017200138,0.19767290929600892,-4.518452973883961,-1.5487470263254357,0.44173441734417346,-0.40741518422239237
agg_act__daily_only__w1__equal,42,1455,-0.020728867458437848,0.20615647909997195,-3.835394869046855,-0.9796081771663951,0.44879725085910654,-0.24629421515456226
agg_act__daily_only__w1__equal,63,1434,-0.02158972889881043,0.20477877292137123,-3.9924255692254706,-0.8309858437114619,0.4686192468619247,-0.21085905136369018
agg_act__tlt_only__w025__book,5,1491,-0.002358583624394629,0.18275075228673665,-0.4983459432305502,-0.3136077753237202,0.49295774647887325,-0.09162360464686468
agg_act__tlt_only__w025__book,10,1486,-0.006001173654780167,0.18334965551498855,-1.2617273012617543,-0.6007290575604265,0.477792732166891,-0.16430711348132906
agg_act__tlt_only__w025__book,21,1475,-0.008687505976492153,0.18009053968298724,-1.8526792053702654,-0.6356351955920738,0.5003389830508475,-0.16710707590559967
agg_act__tlt_only__w025__book,42,1454,-0.01234526058983454,0.1864929272865597,-2.5241787078266626,-0.604895154442218,0.49449793672627235,-0.16214871859628127
agg_act__tlt_only__w025__book,63,1433,-0.017520792662612125,0.19116523295799975,-3.469508334622594,-0.6664265829944188,0.47801814375436147,-0.1833052212633409
agg_act__tlt_only__w025__equal,5,1491,-0.002358583624394629,0.18275075228673665,-0.4983459432305502,-0.3136077753237202,0.49295774647887325,-0.09162360464686468
agg_act__tlt_only__w025__equal,10,1486,-0.006001173654780167,0.18334965551498855,-1.2617273012617543,-0.6007290575604265,0.477792732166891,-0.16430711348132906
agg_act__tlt_only__w025__equal,21,1475,-0.008687505976492153,0.18009053968298724,-1.8526792053702654,-0.6356351955920738,0.5003389830508475,-0.16710707590559967
agg_act__tlt_only__w025__equal,42,1454,-0.01234526058983454,0.1864929272865597,-2.5241787078266626,-0.604895154442218,0.49449793672627235,-0.16214871859628127
agg_act__tlt_only__w025__equal,63,1433,-0.017520792662612125,0.19116523295799975,-3.469508334622594,-0.6664265829944188,0.47801814375436147,-0.1833052212633409
agg_act__tlt_only__w05__book,5,1492,-0.007158608568135349,0.20297147550885478,-1.3623165059801126,-0.8500119704645756,0.4865951742627346,-0.25038532721247314
agg_act__tlt_only__w05__book,10,1487,-0.011406410117129595,0.20490265419093695,-2.1466284593017195,-1.0066113019364562,0.47747141896435774,-0.27944842673526393
agg_act__tlt_only__w05__book,21,1476,-0.010127806433606931,0.20515452972948064,-1.8966074870265373,-0.6560037580507874,0.46747967479674796,-0.17101133799347343
agg_act__tlt_only__w05__book,42,1455,-0.008980708255586634,0.21825076034027388,-1.5695903485475846,-0.372447495206996,0.4934707903780069,-0.10079301772278106
agg_act__tlt_only__w05__book,63,1434,-0.009722677849461351,0.21780256137618306,-1.6904311578319158,-0.3350748390416829,0.5139470013947002,-0.08927973838350402
agg_act__tlt_only__w05__equal,5,1492,-0.007158608568135349,0.20297147550885478,-1.3623165059801126,-0.8500119704645756,0.4865951742627346,-0.25038532721247314
agg_act__tlt_only__w05__equal,10,1487,-0.011406410117129595,0.20490265419093695,-2.1466284593017195,-1.0066113019364562,0.47747141896435774,-0.27944842673526393
agg_act__tlt_only__w05__equal,21,1476,-0.010127806433606931,0.20515452972948064,-1.8966074870265373,-0.6560037580507874,0.46747967479674796,-0.17101133799347343
agg_act__tlt_only__w05__equal,42,1455,-0.008980708255586634,0.21825076034027388,-1.5695903485475846,-0.372447495206996,0.4934707903780069,-0.10079301772278106
agg_act__tlt_only__w05__equal,63,1434,-0.009722677849461351,0.21780256137618306,-1.6904311578319158,-0.3350748390416829,0.5139470013947002,-0.08927973838350402
agg_act__tlt_only__w1__book,5,1492,-0.018593473055271762,0.2149829982724214,-3.340725674862586,-2.0644558525490213,0.45308310991957107,-0.6140046659904373
agg_act__tlt_only__w1__book,10,1487,-0.027755513877677045,0.22050050998167314,-4.8539484359824225,-2.222888550618001,0.45729657027572296,-0.6318877624172642
agg_act__tlt_only__w1__book,21,1476,-0.047364667529514945,0.22298911100577806,-8.160448264623842,-2.673689834690128,0.40176151761517614,-0.735802840548586
agg_act__tlt_only__w1__book,42,1455,-0.047341935794177656,0.2316252551976,-7.796354853404667,-1.7731173311608162,0.41718213058419246,-0.5006517360656945
agg_act__tlt_only__w1__book,63,1434,-0.04304229770129895,0.23382167980834045,-6.970842115678989,-1.3410614019722231,0.43654114365411434,-0.36816344606351276
agg_act__tlt_only__w1__equal,5,1492,-0.018593473055271762,0.2149829982724214,-3.340725674862586,-2.0644558525490213,0.45308310991957107,-0.6140046659904373
agg_act__tlt_only__w1__equal,10,1487,-0.027755513877677045,0.22050050998167314,-4.8539484359824225,-2.222888550618001,0.45729657027572296,-0.6318877624172642
agg_act__tlt_only__w1__equal,21,1476,-0.047364667529514945,0.22298911100577806,-8.160448264623842,-2.673689834690128,0.40176151761517614,-0.735802840548586
agg_act__tlt_only__w1__equal,42,1455,-0.047341935794177656,0.2316252551976,-7.796354853404667,-1.7731173311608162,0.41718213058419246,-0.5006517360656945
agg_act__tlt_only__w1__equal,63,1434,-0.04304229770129895,0.23382167980834045,-6.970842115678989,-1.3410614019722231,0.43654114365411434,-0.36816344606351276
agg_floattwin__board__w025,5,1491,-0.0049698569960977676,0.19362798272878531,-0.9910934210399294,-0.6177952699277347,0.4902749832327297,-0.18221790106047017
agg_floattwin__board__w025,10,1486,-0.004322126893338277,0.18973925584807397,-0.8781116215311429,-0.4220147049056105,0.4993270524899058,-0.1143511642364466
agg_floattwin__board__w025,21,1475,-0.01155299876377228,0.1842206284919137,-2.4085323141044426,-0.8742580213365202,0.4766101694915254,-0.2172436496655679
agg_floattwin__board__w025,42,1454,-0.024052266490739813,0.188782859608679,-4.858202911909809,-1.3096375549035626,0.42916093535075656,-0.3120822524983415
agg_floattwin__board__w025,63,1433,-0.025414093822280368,0.1881845203664159,-5.112270529480214,-1.1064333944082245,0.44452198185624564,-0.2700976017878234
agg_floattwin__board__w05,5,1492,-0.009528638034776299,0.20518620715385644,-1.7937713267667104,-1.0926236323128113,0.47117962466487934,-0.3296840481821126
agg_floattwin__board__w05,10,1487,-0.008692320449603356,0.20962337275633747,-1.5990112103235783,-0.7509776320881665,0.48957632817753866,-0.20815952808262306
agg_floattwin__board__w05,21,1476,-0.020624403639137392,0.20908277687557064,-3.789712977734674,-1.2872637387236645,0.43902439024390244,-0.34170691161284505
agg_floattwin__board__w05,42,1455,-0.027095359320582716,0.21610241605921604,-4.782630057914728,-1.2019634413689677,0.4240549828178694,-0.3071219930951878
agg_floattwin__board__w05,63,1434,-0.03816554592520249,0.22253027628671176,-6.4946678827644195,-1.242335199404734,0.4246861924686193,-0.3430144118998833
agg_floattwin__board__w1,5,1492,-0.01026194808433023,0.23370454095583026,-1.6960828930710423,-1.019670265571708,0.492627345844504,-0.3117295197532242
agg_floattwin__board__w1,10,1487,-0.013050668994578778,0.24074737044088962,-2.0903870524333663,-0.9469949623144446,0.484196368527236,-0.2721269116409138
agg_floattwin__board__w1,21,1476,-0.018332654855415638,0.23791933827727793,-2.9603209430012183,-1.0048951457513697,0.4742547425474255,-0.2669231503174257
agg_floattwin__board__w1,42,1455,-0.019170375147990967,0.24248196518235984,-3.015662012286504,-0.7349518029501918,0.4529209621993127,-0.19365414353597257
agg_floattwin__board__w1,63,1434,-0.013956514956871106,0.2577988471547523,-2.05007896759848,-0.37634041667817936,0.47280334728033474,-0.10827445592488041
agg_own__coupon_long__w025,5,1491,0.001045419340478254,0.1782388407979393,0.22647851205937353,0.1444623562376578,0.49295774647887325,0.04163930284135626
agg_own__coupon_long__w025,10,1486,0.0002810769904259268,0.1772662177929125,0.061123571280220355,0.02964640370616388,0.48721399730820997,0.007959752913866587
agg_own__coupon_long__w025,21,1475,-0.0033583640354792068,0.17519266240684472,-0.7362204351632744,-0.25771164474037855,0.49830508474576274,-0.06640525989899872
agg_own__coupon_long__w025,42,1454,-0.008832364109052077,0.18493526945855404,-1.8211236028752313,-0.43686711504893033,0.4951856946354883,-0.11698571804605355
agg_own__coupon_long__w025,63,1433,-0.014143649216228486,0.1886270084816357,-2.838446381068464,-0.5474365060944847,0.46266573621772505,-0.14996420003772132
agg_own__coupon_long__w05,5,1492,-0.004159459044424232,0.20843708793661533,-0.7708080950235212,-0.47968520484429794,0.49463806970509383,-0.14166974872820404
agg_own__coupon_long__w05,10,1487,-0.005350143757758752,0.20750111132955043,-0.9942612388855231,-0.4590907510860499,0.4821788836583726,-0.12943308273328044
agg_own__coupon_long__w05,21,1476,-0.01201115694640844,0.2073278426135904,-2.225719301189016,-0.7462700329806371,0.46815718157181574,-0.2006863509175353
agg_own__coupon_long__w05,42,1455,-0.011444117591038474,0.21585607613558602,-2.0223183854712303,-0.47811756305951403,0.46804123711340206,-0.1298654601543175
agg_own__coupon_long__w05,63,1434,-0.007460090403926559,0.21649171758439353,-1.304900447548466,-0.26186651052270643,0.4783821478382148,-0.06891802131893052
agg_own__coupon_long__w1,5,1492,-0.01429249230759294,0.22055215722176522,-2.5031165330599072,-1.5401904261525723,0.4718498659517426,-0.46005729904171433
agg_own__coupon_long__w1,10,1487,-0.02476728884820517,0.22422541225569728,-4.2594068228278115,-1.9882056030917306,0.4606590450571621,-0.5544902427371482
agg_own__coupon_long__w1,21,1476,-0.0445306719843158,0.223423959556987,-7.657247476698233,-2.7007098683072575,0.40582655826558267,-0.6904307534872612
agg_own__coupon_long__w1,42,1455,-0.05756812840484512,0.21267364729835952,-10.325234594784117,-2.8261218898667604,0.41237113402061853,-0.6630466060567757
agg_own__coupon_long__w1,63,1434,-0.06358077069136983,0.20047106927726618,-12.010156227622144,-2.7497774354598263,0.39191073919107394,-0.6343136784832825
agg_own__coupon_long_govt__w025,5,1491,0.0009208387823054941,0.18062751114343992,0.19685140812713187,0.12684197955060045,0.5050301810865191,0.036192199088645564
agg_own__coupon_long_govt__w025,10,1486,0.0010771895152285214,0.17920431798423078,0.23171441510539584,0.11344915475840293,0.49057873485868103,0.03017476649661851
agg_own__coupon_long_govt__w025,21,1475,-0.0029039202466846358,0.17077960604373715,-0.653047374089233,-0.23540215881034715,0.5023728813559322,-0.05890325577982193
agg_own__coupon_long_govt__w025,42,1454,-0.006020816232606269,0.17998972822035783,-1.2755275811603135,-0.3190032167167304,0.49793672627235214,-0.08193760694441363
agg_own__coupon_long_govt__w025,63,1433,-0.0087244303700386,0.18526566751044435,-1.782646498836337,-0.3484690519427324,0.47173761339846476,-0.09418291567213079
agg_own__coupon_long_govt__w05,5,1492,0.0015539481601666344,0.20426036541716758,0.2938575366437109,0.18489318558229462,0.510053619302949,0.054009193269996945
agg_own__coupon_long_govt__w05,10,1487,0.001337351689942576,0.2029974912920851,0.25404487865502623,0.1208771941794738,0.4909213180901143,0.03307160181943705
agg_own__coupon_long_govt__w05,21,1476,-0.0036166938968178034,0.19501901749865494,-0.7124886787079395,-0.2533938040665174,0.5006775067750677,-0.06424294066352694
agg_own__coupon_long_govt__w05,42,1455,0.002097061993286279,0.19938386302837172,0.40119245767669576,0.10225131175944208,0.5030927835051546,0.025763026979792464
agg_own__coupon_long_govt__w05,63,1434,0.009275628610573074,0.2020637092518031,1.738319516603416,0.3501588170874579,0.48675034867503486,0.09180895119582493
agg_own__coupon_long_govt__w1,5,1492,-0.011473994538480959,0.214724910940456,-2.064032917058307,-1.2688855516436865,0.47587131367292224,-0.37935645281134395
agg_own__coupon_long_govt__w1,10,1487,-0.01963814485352373,0.220793373046098,-3.4298087910031563,-1.5784903760659026,0.46402151983860124,-0.4464930419120535
agg_own__coupon_long_govt__w1,21,1476,-0.04023031202472268,0.2134410651257782,-7.241334347348416,-2.5842887729324,0.41937669376693765,-0.6529291295478376
agg_own__coupon_long_govt__w1,42,1455,-0.043303259629105716,0.20109786898618823,-8.213809327556211,-2.3216350776371293,0.4274914089347079,-0.5274590468079822
agg_own__coupon_long_govt__w1,63,1434,-0.0479818899627253,0.19335017753951425,-9.397392165377457,-2.110535859306928,0.4281729428172943,-0.4963211368442568
agg_own__daily_only__w025,5,1491,0.0011223895455858284,0.18040715596817664,0.24023079274827447,0.15371085467828136,0.49966465459423204,0.044167734237154026
agg_own__daily_only__w025,10,1486,-0.000326672740719144,0.17959266065976082,-0.07011867750284732,-0.03412591090879066,0.49057873485868103,-0.009131131180327007
agg_own__daily_only__w025,21,1475,-0.004346146216307935,0.1706276548202273,-0.9782523988910691,-0.34783698094688414,0.5064406779661017,-0.08823594360128534
agg_own__daily_only__w025,42,1454,-0.007346214056692001,0.17950137272770372,-1.5605511495048643,-0.3893762786525842,0.49793672627235214,-0.10024701040840252
agg_own__daily_only__w025,63,1433,-0.011104484969901168,0.18345547916032606,-2.2913468167943094,-0.4540611722892716,0.4703419399860433,-0.12105918036055709
agg_own__daily_only__w05,5,1492,-0.001065219940592804,0.20443360699647317,-0.20126645996232562,-0.1271376098731814,0.510053619302949,-0.03699152745588086
agg_own__daily_only__w05,10,1487,-0.0022845597734428235,0.20270882557173395,-0.4345956271950927,-0.2063992330751386,0.49361129791526565,-0.056575726348657304
agg_own__daily_only__w05,21,1476,-0.006665013770151265,0.19582071265804973,-1.3076321897266339,-0.46651112893912,0.47899728997289975,-0.11790522387901885
agg_own__daily_only__w05,42,1455,0.001864173307284842,0.19742715104512304,0.3601727926600286,0.09167143152651605,0.5140893470790378,0.023128902842349013
agg_own__daily_only__w05,63,1434,0.008718035880400836,0.19917831482505496,1.6574909816893442,0.33875129839991047,0.5034867503486751,0.08754001044800666
agg_own__daily_only__w1,5,1492,-0.009818688783164756,0.21425458300619524,-1.770140692155795,-1.094357464024555,0.4772117962466488,-0.3253408840544523
agg_own__daily_only__w1,10,1487,-0.01701014001677945,0.21843053603605214,-3.002963276326572,-1.3940795545627935,0.46200403496973774,-0.39092622641656877
agg_own__daily_only__w1,21,1476,-0.03749810626786407,0.2098901982262872,-6.863732612498575,-2.476247053401329,0.4342818428184282,-0.6188819277166531
agg_own__daily_only__w1,42,1455,-0.039047764298928964,0.1994979664203738,-7.466020821154593,-2.1354286823590063,0.4261168384879725,-0.47943896293808874
agg_own__daily_only__w1,63,1434,-0.040421539107928374,0.19232331788706275,-7.958944548092627,-1.8106476071610313,0.42887029288702927,-0.42034985203057856
agg_own__tlt_only__w025,5,1491,-0.0004118769147977259,0.17853111739441105,-0.08908249035982546,-0.05672521290394296,0.48960429242119385,-0.016378299028132676
agg_own__tlt_only__w025,10,1486,-0.002445227290650351,0.17826358099570952,-0.5287690322580976,-0.2572416544979666,0.48048452220726784,-0.0688583922229165
agg_own__tlt_only__w025,21,1475,-0.005971338167498806,0.17423823162410407,-1.3162070788608655,-0.4657821784169589,0.4976271186440678,-0.11871861874259708
agg_own__tlt_only__w025,42,1454,-0.009299336620211254,0.1838273069196682,-1.9289641094215075,-0.4762060405349385,0.4938101788170564,-0.12391319901046921
agg_own__tlt_only__w025,63,1433,-0.01585753323882415,0.18631022896402927,-3.221973959273585,-0.6369238972668665,0.45987438939288205,-0.17022718856607438
agg_own__tlt_only__w05,5,1492,-0.006800431383605995,0.20863330605521643,-1.2590333510234897,-0.7861055352274074,0.4932975871313673,-0.23140252370401432
agg_own__tlt_only__w05,10,1487,-0.008518575557897597,0.20706096903873586,-1.5864420838050308,-0.7390054064853772,0.4781439139206456,-0.20652327723733838
agg_own__tlt_only__w05,21,1476,-0.016366640040099634,0.20494667446373518,-3.068045767524115,-1.0405080314731252,0.45934959349593496,-0.276636370634643
agg_own__tlt_only__w05,42,1455,-0.016853550658971126,0.21187110552923383,-3.0342487013898274,-0.7254056297210981,0.4584192439862543,-0.19484770877796878
agg_own__tlt_only__w05,63,1434,-0.012528970375040555,0.21115544181477103,-2.2469203605599435,-0.4622382482117461,0.48535564853556484,-0.11867058947058698
agg_own__tlt_only__w1,5,1492,-0.014439957379773796,0.2184583722425795,-2.5531811512500973,-1.5696803997582975,0.4738605898123324,-0.46925886545619433
agg_own__tlt_only__w1,10,1487,-0.023799412520132932,0.22242816532862397,-4.1260258201892475,-1.9395492197600412,0.45326160053799597,-0.5371266830665364
agg_own__tlt_only__w1,21,1476,-0.04092145082201955,0.21912512049187022,-7.1746717035789,-2.5404454262911296,0.41124661246612465,-0.6469183613824752
agg_own__tlt_only__w1,42,1455,-0.047473706552239404,0.20950694900715547,-8.64343171345121,-2.3333024621480036,0.4268041237113402,-0.5550477337514821
agg_own__tlt_only__w1,63,1434,-0.05646428527823466,0.1991934301072909,-10.734291892764633,-2.4333629519144586,0.399581589958159,-0.5669291928736956
null_deletion,5,1152,0.009607712685542322,0.19105990210192575,1.7067766622465192,1.0568119439783064,0.5190972222222222,0.35699795188072847
null_deletion,10,1116,0.02017393869454382,0.19819046770940096,3.400478485759305,1.569775347427992,0.5582437275985663,0.5109850623559496
null_deletion,21,906,0.027872547067992484,0.1993481559075523,4.208511651001466,1.403640423099212,0.5706401766004415,0.4843452645782811
null_deletion,42,510,0.06332377937317357,0.2042857553637113,7.000254515069746,1.9489275453582904,0.6450980392156863,0.7592842084005975
null_deletion,63,153,0.15338210863201376,0.17200159233667137,11.030315935655256,9.83217896478556,0.8169934640522876,1.7834963798682477
null_cross22,5,1245,-0.001947848157855407,0.18208820389257085,-0.37744872492496534,-0.24898973328293425,0.4979919678714859,-0.07594314092329643
null_cross22,10,1240,0.0009618774816949387,0.18034654831105906,0.18781175267459266,0.08628210614089307,0.4959677419354839,0.026773934302397783
null_cross22,21,1229,0.012669948005967503,0.1869613667401077,2.3757399452486423,0.7861121623549653,0.5215622457282343,0.23475431377325265
null_cross22,42,1208,0.032799724864624416,0.18917928575926712,6.0260133072212625,1.3951876619687336,0.5538079470198676,0.42469020484750514
null_cross22,63,1187,0.03431201060997102,0.19063229070026522,6.2011903205726835,1.2643183299888339,0.5627632687447346,0.3599810974723107
null_cross24,5,1350,-0.012087363032629354,0.17644773557691365,-2.5169950469114486,-1.5964768928426152,0.45925925925925926,-0.4863296465744874
null_cross24,10,1345,-0.017319365564790433,0.17382194977369944,-3.6541679496315975,-1.7329494208330738,0.45055762081784384,-0.5001815089011304
null_cross24,21,1334,-0.018497074987156137,0.17536219747197895,-3.8525208071068424,-1.3387419403863194,0.4460269865067466,-0.3653908782054945
null_cross24,42,1313,-0.0212667316295654,0.1808638148822493,-4.26070461594911,-1.0822727875424805,0.4691546077684692,-0.2880213547583177
null_cross24,63,1292,-0.034870843712706066,0.1651479180012218,-7.589630088072529,-1.7042436068939724,0.4071207430340557,-0.4222983145624407
null_cross26,5,1499,0.006841143398700601,0.1817939435813411,1.456968289469545,0.9423025014286426,0.5110073382254836,0.2671557656345954
null_cross26,10,1494,0.010192203764257224,0.18167162639503204,2.1684843497142903,1.0418122115512325,0.5073627844712182,0.2816315230195135
null_cross26,21,1480,0.01995770235040487,0.18255124335598616,4.205877348640584,1.5122111936732816,0.5351351351351351,0.3787183679250958
null_cross26,42,1438,0.030731221761918025,0.17848485190572602,6.529168945913624,1.6611921105995535,0.5702364394993046,0.4217490262354216
null_cross26,63,1396,0.04169689020289026,0.18097869288131535,8.608330410189362,1.927839389123052,0.5995702005730659,0.4607933623460836
null_cross28,5,1503,-0.0034179578169441917,0.17982780271635912,-0.7368674134016797,-0.46145885127091113,0.4823685961410512,-0.13493516020237495
null_cross28,10,1498,-0.0034290347099560736,0.17938900776102443,-0.7398300379778405,-0.3484984730147288,0.4993324432576769,-0.0959569253621161
null_cross28,21,1488,-0.0038339505421785543,0.17620213358081988,-0.8393378516436811,-0.3069007100835698,0.49798387096774194,-0.07537476417348386
null_cross28,42,1468,-0.0010011723386554579,0.17977077207616982,-0.21337954570597092,-0.05732968548194726,0.4843324250681199,-0.01364160228035129
null_cross28,63,1447,0.004144341813715907,0.16863718227230465,0.9348382981544087,0.18713943686181153,0.5100207325501037,0.049150985065961154
ctrl_resid,5,1606,0.13157509981712429,0.25819248675725326,20.42221660795364,12.000598484055049,0.7036114570361146,3.617806843709958
ctrl_resid,10,1601,0.17670610111393698,0.27185953171726013,26.007741869994593,10.988618606325442,0.7557776389756402,3.2629261952929305
ctrl_resid,21,1590,0.2418686553628703,0.28419424098312507,33.93617411477126,9.885143038022758,0.8163522012578617,2.948186412206243
ctrl_resid,42,1569,0.30346571870037375,0.306289350888375,39.245440857067514,8.146447198124232,0.8463989802421925,2.426908291414266
ctrl_resid,63,1548,0.3398145833107385,0.31959736761652097,41.83350926210095,7.511524413945029,0.8572351421188631,2.1265167848220563
