trial,label,cfg_horizon,cfg_threshold,res_mean,res_t,note,cfg_signal,cfg_signal_space,cfg_target,cfg_half_life,cfg_weighting
1,PRIMARY (in-sample),60,1.0,-0.5599041533546354,-9.430478587865792,,,,,,
2,"LABEL-FREE (unsigned intensity, FUTURES)",60,1.0,-0.6563914027149427,-9.057886108503364,,intensity,,,,
3,FUTURES->FUTURES|hl30|expected|h5,5,,-0.4968991925414139,-74.76312808048164,,,FUTURES,FUTURES,30.0,expected
4,FUTURES->FUTURES|hl30|expected|h15,15,,-0.4782682321065693,-25.239039112337224,,,FUTURES,FUTURES,30.0,expected
5,FUTURES->FUTURES|hl30|expected|h30,30,,-0.461099999999999,-12.07798690174219,,,FUTURES,FUTURES,30.0,expected
6,FUTURES->FUTURES|hl30|expected|h60,60,,-0.48805460750853163,-6.856037296113502,,,FUTURES,FUTURES,30.0,expected
7,FUTURES->FUTURES|hl30|expected|h240,240,,-0.4956683168317223,-2.475330018565365,,,FUTURES,FUTURES,30.0,expected
8,FUTURES->FUTURES|hl30|expected|h1440,1440,,-0.34058988764043074,-0.8715975333356731,,,FUTURES,FUTURES,30.0,expected
9,FUTURES->FUTURES|hl30|unweighted|h5,5,,-0.4947240926260464,-73.14044984856523,,,FUTURES,FUTURES,30.0,unweighted
10,FUTURES->FUTURES|hl30|unweighted|h15,15,,-0.47678053136860665,-27.59713226636254,,,FUTURES,FUTURES,30.0,unweighted
11,FUTURES->FUTURES|hl30|unweighted|h30,30,,-0.45013877874702474,-12.126788152598323,,,FUTURES,FUTURES,30.0,unweighted
12,FUTURES->FUTURES|hl30|unweighted|h60,60,,-0.5388888888888909,-9.207067869351638,,,FUTURES,FUTURES,30.0,unweighted
13,FUTURES->FUTURES|hl30|unweighted|h240,240,,-0.6048780487804929,-3.3830596487724174,,,FUTURES,FUTURES,30.0,unweighted
14,FUTURES->FUTURES|hl30|unweighted|h1440,1440,,-0.4817927170867916,-1.1619358388873018,,,FUTURES,FUTURES,30.0,unweighted
15,FUTURES->FUTURES|hl90|expected|h5,5,,-0.5027375831052022,-91.42879817785375,,,FUTURES,FUTURES,90.0,expected
16,FUTURES->FUTURES|hl90|expected|h15,15,,-0.515552460538531,-31.95509483914224,,,FUTURES,FUTURES,90.0,expected
17,FUTURES->FUTURES|hl90|expected|h30,30,,-0.5356894150417829,-17.302809946135405,,,FUTURES,FUTURES,90.0,expected
18,FUTURES->FUTURES|hl90|expected|h60,60,,-0.5599041533546354,-9.430478587865792,,,FUTURES,FUTURES,90.0,expected
19,FUTURES->FUTURES|hl90|expected|h240,240,,-0.6397435897435938,-2.915330128713429,,,FUTURES,FUTURES,90.0,expected
20,FUTURES->FUTURES|hl90|expected|h1440,1440,,-0.8229166666666649,-2.3435144141438284,,,FUTURES,FUTURES,90.0,expected
21,FUTURES->FUTURES|hl90|unweighted|h5,5,,-0.5008363893714218,-95.29841325955583,,,FUTURES,FUTURES,90.0,unweighted
22,FUTURES->FUTURES|hl90|unweighted|h15,15,,-0.5096963044273687,-33.749174066686244,,,FUTURES,FUTURES,90.0,unweighted
23,FUTURES->FUTURES|hl90|unweighted|h30,30,,-0.5341689560439571,-18.209721434435693,,,FUTURES,FUTURES,90.0,unweighted
24,FUTURES->FUTURES|hl90|unweighted|h60,60,,-0.6116352201257927,-10.402302932749734,,,FUTURES,FUTURES,90.0,unweighted
25,FUTURES->FUTURES|hl90|unweighted|h240,240,,-0.679568527918788,-3.083895878016357,,,FUTURES,FUTURES,90.0,unweighted
26,FUTURES->FUTURES|hl90|unweighted|h1440,1440,,-0.6044117647059002,-1.6241708938167676,,,FUTURES,FUTURES,90.0,unweighted
27,FUTURES->FUTURES|hl240|expected|h5,5,,-0.5033285782215892,-104.8117895007841,,,FUTURES,FUTURES,240.0,expected
28,FUTURES->FUTURES|hl240|expected|h15,15,,-0.5113656157463874,-35.575934968285935,,,FUTURES,FUTURES,240.0,expected
29,FUTURES->FUTURES|hl240|expected|h30,30,,-0.5193673883626544,-18.189356300234806,,,FUTURES,FUTURES,240.0,expected
30,FUTURES->FUTURES|hl240|expected|h60,60,,-0.5266339869281083,-8.502305369106331,,,FUTURES,FUTURES,240.0,expected
31,FUTURES->FUTURES|hl240|expected|h240,240,,-0.5501392757660027,-2.0763284868834684,,,FUTURES,FUTURES,240.0,expected
32,FUTURES->FUTURES|hl240|expected|h1440,1440,,-0.8150470219435322,-2.0472757974993727,,,FUTURES,FUTURES,240.0,expected
33,FUTURES->FUTURES|hl240|unweighted|h5,5,,-0.5004237040500265,-105.09685450908013,,,FUTURES,FUTURES,240.0,unweighted
34,FUTURES->FUTURES|hl240|unweighted|h15,15,,-0.5040612175102583,-35.571751744711115,,,FUTURES,FUTURES,240.0,unweighted
35,FUTURES->FUTURES|hl240|unweighted|h30,30,,-0.5185307743216437,-18.40103028688003,,,FUTURES,FUTURES,240.0,unweighted
36,FUTURES->FUTURES|hl240|unweighted|h60,60,,-0.551970756516208,-9.300861388929922,,,FUTURES,FUTURES,240.0,unweighted
37,FUTURES->FUTURES|hl240|unweighted|h240,240,,-0.6571038251365973,-2.7083710244563073,,,FUTURES,FUTURES,240.0,unweighted
38,FUTURES->FUTURES|hl240|unweighted|h1440,1440,,-0.736068111455096,-1.8992017680700033,,,FUTURES,FUTURES,240.0,unweighted
39,FUTURES->FUTURES|hl1440|expected|h5,5,,-0.5036457809514234,-113.28002913765108,,,FUTURES,FUTURES,1440.0,expected
40,FUTURES->FUTURES|hl1440|expected|h15,15,,-0.5115856428895952,-36.01818863349713,,,FUTURES,FUTURES,1440.0,expected
41,FUTURES->FUTURES|hl1440|expected|h30,30,,-0.5328043942630434,-17.699252196161535,,,FUTURES,FUTURES,1440.0,expected
42,FUTURES->FUTURES|hl1440|expected|h60,60,,-0.5756578947368481,-8.517952256687323,,,FUTURES,FUTURES,1440.0,expected
43,FUTURES->FUTURES|hl1440|expected|h240,240,,-0.6879251700680497,-2.156360396831047,,,FUTURES,FUTURES,1440.0,expected
44,FUTURES->FUTURES|hl1440|expected|h1440,1440,,-0.465034965034972,-0.8209049832895681,,,FUTURES,FUTURES,1440.0,expected
45,FUTURES->FUTURES|hl1440|unweighted|h5,5,,-0.502983142073728,-110.66054843637285,,,FUTURES,FUTURES,1440.0,unweighted
46,FUTURES->FUTURES|hl1440|unweighted|h15,15,,-0.5109625668449198,-37.06722384973861,,,FUTURES,FUTURES,1440.0,unweighted
47,FUTURES->FUTURES|hl1440|unweighted|h30,30,,-0.5315668202764965,-18.622592650800755,,,FUTURES,FUTURES,1440.0,unweighted
48,FUTURES->FUTURES|hl1440|unweighted|h60,60,,-0.5805538074260659,-9.502844605708187,,,FUTURES,FUTURES,1440.0,unweighted
49,FUTURES->FUTURES|hl1440|unweighted|h240,240,,-0.7482993197279166,-2.393397426444334,,,FUTURES,FUTURES,1440.0,unweighted
50,FUTURES->FUTURES|hl1440|unweighted|h1440,1440,,-0.556896551724145,-1.0051300565348509,,,FUTURES,FUTURES,1440.0,unweighted
51,FED_FUNDS->FED_FUNDS|hl30|expected|h5,5,,-0.5005653672194705,-214.27405666613396,,,FED_FUNDS,FED_FUNDS,30.0,expected
52,FED_FUNDS->FED_FUNDS|hl30|expected|h15,15,,-0.5013043478260899,-79.68973252293412,,,FED_FUNDS,FED_FUNDS,30.0,expected
53,FED_FUNDS->FED_FUNDS|hl30|expected|h30,30,,-0.5062468128505837,-45.362259224489016,,,FED_FUNDS,FED_FUNDS,30.0,expected
54,FED_FUNDS->FED_FUNDS|hl30|expected|h60,60,,-0.5167799490229474,-29.677806015396193,,,FED_FUNDS,FED_FUNDS,30.0,expected
55,FED_FUNDS->FED_FUNDS|hl30|expected|h240,240,,-0.5636986301369867,-9.147670157724825,,,FED_FUNDS,FED_FUNDS,30.0,expected
56,FED_FUNDS->FED_FUNDS|hl30|expected|h1440,1440,,-0.36713836477986994,-3.5784427396089433,,,FED_FUNDS,FED_FUNDS,30.0,expected
57,FED_FUNDS->FED_FUNDS|hl30|unweighted|h5,5,,-0.4990799158780234,-222.27474782921306,,,FED_FUNDS,FED_FUNDS,30.0,unweighted
58,FED_FUNDS->FED_FUNDS|hl30|unweighted|h15,15,,-0.4972387425658459,-81.50522758475593,,,FED_FUNDS,FED_FUNDS,30.0,unweighted
59,FED_FUNDS->FED_FUNDS|hl30|unweighted|h30,30,,-0.498868778280539,-46.296018947022226,,,FED_FUNDS,FED_FUNDS,30.0,unweighted
60,FED_FUNDS->FED_FUNDS|hl30|unweighted|h60,60,,-0.5072855953372265,-30.40521078205781,,,FED_FUNDS,FED_FUNDS,30.0,unweighted
61,FED_FUNDS->FED_FUNDS|hl30|unweighted|h240,240,,-0.5576407506702384,-8.693656541993283,,,FED_FUNDS,FED_FUNDS,30.0,unweighted
62,FED_FUNDS->FED_FUNDS|hl30|unweighted|h1440,1440,,-0.36320754716980613,-4.139256951951524,,,FED_FUNDS,FED_FUNDS,30.0,unweighted
63,FED_FUNDS->FED_FUNDS|hl90|expected|h5,5,,-0.5017344304614382,-261.1665967987093,,,FED_FUNDS,FED_FUNDS,90.0,expected
64,FED_FUNDS->FED_FUNDS|hl90|expected|h15,15,,-0.5060511756569842,-96.53696965982641,,,FED_FUNDS,FED_FUNDS,90.0,expected
65,FED_FUNDS->FED_FUNDS|hl90|expected|h30,30,,-0.5139664804469184,-52.106009275872296,,,FED_FUNDS,FED_FUNDS,90.0,expected
66,FED_FUNDS->FED_FUNDS|hl90|expected|h60,60,,-0.5315158546017025,-29.11930552919731,,,FED_FUNDS,FED_FUNDS,90.0,expected
67,FED_FUNDS->FED_FUNDS|hl90|expected|h240,240,,-0.5913597733711022,-8.924264022521571,,,FED_FUNDS,FED_FUNDS,90.0,expected
68,FED_FUNDS->FED_FUNDS|hl90|expected|h1440,1440,,-0.5402960526315844,-5.448255664823647,,,FED_FUNDS,FED_FUNDS,90.0,expected
69,FED_FUNDS->FED_FUNDS|hl90|unweighted|h5,5,,-0.5009119838559442,-262.57899682342713,,,FED_FUNDS,FED_FUNDS,90.0,unweighted
70,FED_FUNDS->FED_FUNDS|hl90|unweighted|h15,15,,-0.5026151791675894,-96.1530937953837,,,FED_FUNDS,FED_FUNDS,90.0,unweighted
71,FED_FUNDS->FED_FUNDS|hl90|unweighted|h30,30,,-0.5058067192036388,-49.57548418636454,,,FED_FUNDS,FED_FUNDS,90.0,unweighted
72,FED_FUNDS->FED_FUNDS|hl90|unweighted|h60,60,,-0.5139925373134211,-30.30116858229965,,,FED_FUNDS,FED_FUNDS,90.0,unweighted
73,FED_FUNDS->FED_FUNDS|hl90|unweighted|h240,240,,-0.5886426592797529,-8.49006519294895,,,FED_FUNDS,FED_FUNDS,90.0,unweighted
74,FED_FUNDS->FED_FUNDS|hl90|unweighted|h1440,1440,,-0.5543831168831228,-5.2537298722958985,,,FED_FUNDS,FED_FUNDS,90.0,unweighted
75,FED_FUNDS->FED_FUNDS|hl240|expected|h5,5,,-0.5008129237581278,-305.0173950087759,,,FED_FUNDS,FED_FUNDS,240.0,expected
76,FED_FUNDS->FED_FUNDS|hl240|expected|h15,15,,-0.5046691027202567,-104.84783681230088,,,FED_FUNDS,FED_FUNDS,240.0,expected
77,FED_FUNDS->FED_FUNDS|hl240|expected|h30,30,,-0.5134103367266999,-60.50097832253401,,,FED_FUNDS,FED_FUNDS,240.0,expected
78,FED_FUNDS->FED_FUNDS|hl240|expected|h60,60,,-0.5277161862527622,-27.821875419946334,,,FED_FUNDS,FED_FUNDS,240.0,expected
79,FED_FUNDS->FED_FUNDS|hl240|expected|h240,240,,-0.6434169278996497,-9.665187561700535,,,FED_FUNDS,FED_FUNDS,240.0,expected
80,FED_FUNDS->FED_FUNDS|hl240|expected|h1440,1440,,-0.5426621160409459,-5.381217199371395,,,FED_FUNDS,FED_FUNDS,240.0,expected
81,FED_FUNDS->FED_FUNDS|hl240|unweighted|h5,5,,-0.5003138628254249,-305.26240998338983,,,FED_FUNDS,FED_FUNDS,240.0,unweighted
82,FED_FUNDS->FED_FUNDS|hl240|unweighted|h15,15,,-0.50227801473439,-106.59720150299266,,,FED_FUNDS,FED_FUNDS,240.0,unweighted
83,FED_FUNDS->FED_FUNDS|hl240|unweighted|h30,30,,-0.5108979135618417,-57.09302987819814,,,FED_FUNDS,FED_FUNDS,240.0,unweighted
84,FED_FUNDS->FED_FUNDS|hl240|unweighted|h60,60,,-0.5276798307475177,-29.148992154006283,,,FED_FUNDS,FED_FUNDS,240.0,unweighted
85,FED_FUNDS->FED_FUNDS|hl240|unweighted|h240,240,,-0.6257621951218975,-9.71539648440098,,,FED_FUNDS,FED_FUNDS,240.0,unweighted
86,FED_FUNDS->FED_FUNDS|hl240|unweighted|h1440,1440,,-0.4453924914675731,-3.7297934391835903,,,FED_FUNDS,FED_FUNDS,240.0,unweighted
87,FED_FUNDS->FED_FUNDS|hl1440|expected|h5,5,,-0.49987311576917204,-391.0758161777079,,,FED_FUNDS,FED_FUNDS,1440.0,expected
88,FED_FUNDS->FED_FUNDS|hl1440|expected|h15,15,,-0.5006449165402134,-126.6993370996841,,,FED_FUNDS,FED_FUNDS,1440.0,expected
89,FED_FUNDS->FED_FUNDS|hl1440|expected|h30,30,,-0.5029305680793494,-66.69497737372116,,,FED_FUNDS,FED_FUNDS,1440.0,expected
90,FED_FUNDS->FED_FUNDS|hl1440|expected|h60,60,,-0.5058313397129167,-32.57186074156315,,,FED_FUNDS,FED_FUNDS,1440.0,expected
91,FED_FUNDS->FED_FUNDS|hl1440|expected|h240,240,,-0.5632911392405118,-7.343727074854433,,,FED_FUNDS,FED_FUNDS,1440.0,expected
92,FED_FUNDS->FED_FUNDS|hl1440|expected|h1440,1440,,-0.381578947368429,-3.41852373177076,,,FED_FUNDS,FED_FUNDS,1440.0,expected
93,FED_FUNDS->FED_FUNDS|hl1440|unweighted|h5,5,,-0.500292859325659,-436.9901933273527,,,FED_FUNDS,FED_FUNDS,1440.0,unweighted
94,FED_FUNDS->FED_FUNDS|hl1440|unweighted|h15,15,,-0.5009925179416695,-132.7619091206816,,,FED_FUNDS,FED_FUNDS,1440.0,unweighted
95,FED_FUNDS->FED_FUNDS|hl1440|unweighted|h30,30,,-0.5059090909090885,-68.55445133838917,,,FED_FUNDS,FED_FUNDS,1440.0,unweighted
96,FED_FUNDS->FED_FUNDS|hl1440|unweighted|h60,60,,-0.5210716435881936,-35.039336727807594,,,FED_FUNDS,FED_FUNDS,1440.0,unweighted
97,FED_FUNDS->FED_FUNDS|hl1440|unweighted|h240,240,,-0.5702875399360928,-7.376903212743502,,,FED_FUNDS,FED_FUNDS,1440.0,unweighted
98,FED_FUNDS->FED_FUNDS|hl1440|unweighted|h1440,1440,,-0.41810344827585816,-3.762935593719194,,,FED_FUNDS,FED_FUNDS,1440.0,unweighted
