mode,pca_window_days,pca_input,zscore_lookback_days,min_zscore_belly,min_zscore_wing,max_adf_pvalue,max_half_life_days,n_trades,total_pnl,avg_pnl,median_pnl,win_rate,avg_days,sharpe,max_loss,mr_exits,sl_exits,mh_exits
forward_stanchart,260,levels,130,1.0,0.0,0.1,60.0,86,43412651.01410188,504798.26760583615,773560.852602626,0.5813953488372093,1.0,1.5331065414546823,-20556972.99512325,60,26,0
forward_stanchart,260,levels,130,1.0,0.0,0.1,120.0,86,43412651.01410188,504798.26760583615,773560.852602626,0.5813953488372093,1.0,1.5331065414546823,-20556972.99512325,60,26,0
forward_stanchart,260,levels,130,1.0,0.0,0.2,60.0,89,43446868.491196916,488167.061698842,773560.852602626,0.5730337078651685,1.0,1.5067199349987113,-20556972.99512325,60,29,0
forward_stanchart,260,levels,130,1.0,0.0,0.2,120.0,89,43446868.491196916,488167.061698842,773560.852602626,0.5730337078651685,1.0,1.5067199349987113,-20556972.99512325,60,29,0
forward_stanchart,260,levels,130,1.0,0.0,0.5,60.0,89,43446868.491196916,488167.061698842,773560.852602626,0.5730337078651685,1.0,1.5067199349987113,-20556972.99512325,60,29,0
forward_stanchart,260,levels,130,1.0,0.0,0.5,120.0,92,52812630.89766156,574050.3358441477,773560.852602626,0.5760869565217391,1.0,1.7807458392445905,-20556972.99512325,61,31,0
forward_stanchart,260,levels,130,1.0,0.25,0.1,60.0,62,43345626.254740596,699123.0041087193,1079094.5472941769,0.6129032258064516,1.0,2.031648075006287,-20556972.99512325,44,18,0
forward_stanchart,260,levels,130,1.0,0.25,0.1,120.0,62,43345626.254740596,699123.0041087193,1079094.5472941769,0.6129032258064516,1.0,2.031648075006287,-20556972.99512325,44,18,0
forward_stanchart,260,levels,130,1.0,0.25,0.2,60.0,65,44237773.997688316,680581.1384259742,1079094.5472941769,0.6,1.0,2.023627980032991,-20556972.99512325,44,21,0
forward_stanchart,260,levels,130,1.0,0.25,0.2,120.0,65,44237773.997688316,680581.1384259742,1079094.5472941769,0.6,1.0,2.023627980032991,-20556972.99512325,44,21,0
forward_stanchart,260,levels,130,1.0,0.25,0.5,60.0,65,44237773.997688316,680581.1384259742,1079094.5472941769,0.6,1.0,2.023627980032991,-20556972.99512325,44,21,0
forward_stanchart,260,levels,130,1.0,0.25,0.5,120.0,65,44237773.997688316,680581.1384259742,1079094.5472941769,0.6,1.0,2.023627980032991,-20556972.99512325,44,21,0
forward_stanchart,260,levels,130,1.0,0.5,0.1,60.0,40,103771139.71090013,2594278.4927725038,2151551.569360108,0.85,1.0,11.960389716118806,-2048783.051718497,28,12,0
forward_stanchart,260,levels,130,1.0,0.5,0.1,120.0,40,103771139.71090013,2594278.4927725038,2151551.569360108,0.85,1.0,11.960389716118806,-2048783.051718497,28,12,0
forward_stanchart,260,levels,130,1.0,0.5,0.2,60.0,42,105175902.02158737,2504188.1433711285,2146710.237963665,0.8333333333333334,1.0,11.731959707539747,-2048783.051718497,28,14,0
forward_stanchart,260,levels,130,1.0,0.5,0.2,120.0,42,105175902.02158737,2504188.1433711285,2146710.237963665,0.8333333333333334,1.0,11.731959707539747,-2048783.051718497,28,14,0
forward_stanchart,260,levels,130,1.0,0.5,0.5,60.0,42,105175902.02158737,2504188.1433711285,2146710.237963665,0.8333333333333334,1.0,11.731959707539747,-2048783.051718497,28,14,0
forward_stanchart,260,levels,130,1.0,0.5,0.5,120.0,42,105175902.02158737,2504188.1433711285,2146710.237963665,0.8333333333333334,1.0,11.731959707539747,-2048783.051718497,28,14,0
forward_stanchart,260,levels,130,1.5,0.0,0.1,60.0,42,-53321364.30177119,-1269556.2928993143,-850815.3476448422,0.42857142857142855,1.0,-3.5237923773826685,-20556972.99512325,26,16,0
forward_stanchart,260,levels,130,1.5,0.0,0.1,120.0,42,-53321364.30177119,-1269556.2928993143,-850815.3476448422,0.42857142857142855,1.0,-3.5237923773826685,-20556972.99512325,26,16,0
forward_stanchart,260,levels,130,1.5,0.0,0.2,60.0,43,-53833978.86951071,-1251952.9969653657,-850815.3476448422,0.4186046511627907,1.0,-3.515341474511425,-20556972.99512325,26,17,0
forward_stanchart,260,levels,130,1.5,0.0,0.2,120.0,43,-53833978.86951071,-1251952.9969653657,-850815.3476448422,0.4186046511627907,1.0,-3.515341474511425,-20556972.99512325,26,17,0
forward_stanchart,260,levels,130,1.5,0.0,0.5,60.0,43,-53833978.86951071,-1251952.9969653657,-850815.3476448422,0.4186046511627907,1.0,-3.515341474511425,-20556972.99512325,26,17,0
forward_stanchart,260,levels,130,1.5,0.0,0.5,120.0,44,-47915401.98624466,-1088986.4087782882,-810460.6359239176,0.4318181818181818,1.0,-3.0380632011273097,-20556972.99512325,26,18,0
forward_stanchart,260,levels,130,1.5,0.25,0.1,60.0,28,-18712122.213512816,-668290.0790540291,700519.0369508062,0.5714285714285714,1.0,-1.5763912706939924,-20556972.99512325,20,8,0
forward_stanchart,260,levels,130,1.5,0.25,0.1,120.0,28,-18712122.213512816,-668290.0790540291,700519.0369508062,0.5714285714285714,1.0,-1.5763912706939924,-20556972.99512325,20,8,0
forward_stanchart,260,levels,130,1.5,0.25,0.2,60.0,29,-19224736.78125234,-662921.9579742186,693665.6374260307,0.5517241379310345,1.0,-1.5913927979496627,-20556972.99512325,20,9,0
forward_stanchart,260,levels,130,1.5,0.25,0.2,120.0,29,-19224736.78125234,-662921.9579742186,693665.6374260307,0.5517241379310345,1.0,-1.5913927979496627,-20556972.99512325,20,9,0
forward_stanchart,260,levels,130,1.5,0.25,0.5,60.0,29,-19224736.78125234,-662921.9579742186,693665.6374260307,0.5517241379310345,1.0,-1.5913927979496627,-20556972.99512325,20,9,0
forward_stanchart,260,levels,130,1.5,0.25,0.5,120.0,29,-19224736.78125234,-662921.9579742186,693665.6374260307,0.5517241379310345,1.0,-1.5913927979496627,-20556972.99512325,20,9,0
forward_stanchart,260,levels,130,1.5,0.5,0.1,60.0,22,73395109.19641267,3336141.3271096665,2156392.9007565514,0.9090909090909091,1.0,13.66811544943035,-770105.9242029929,18,4,0
forward_stanchart,260,levels,130,1.5,0.5,0.1,120.0,22,73395109.19641267,3336141.3271096665,2156392.9007565514,0.9090909090909091,1.0,13.66811544943035,-770105.9242029929,18,4,0
forward_stanchart,260,levels,130,1.5,0.5,0.2,60.0,22,73395109.19641267,3336141.3271096665,2156392.9007565514,0.9090909090909091,1.0,13.66811544943035,-770105.9242029929,18,4,0
forward_stanchart,260,levels,130,1.5,0.5,0.2,120.0,22,73395109.19641267,3336141.3271096665,2156392.9007565514,0.9090909090909091,1.0,13.66811544943035,-770105.9242029929,18,4,0
forward_stanchart,260,levels,130,1.5,0.5,0.5,60.0,22,73395109.19641267,3336141.3271096665,2156392.9007565514,0.9090909090909091,1.0,13.66811544943035,-770105.9242029929,18,4,0
forward_stanchart,260,levels,130,1.5,0.5,0.5,120.0,22,73395109.19641267,3336141.3271096665,2156392.9007565514,0.9090909090909091,1.0,13.66811544943035,-770105.9242029929,18,4,0
forward_stanchart,260,levels,130,2.0,0.0,0.1,60.0,20,-67667210.53733131,-3383360.5268665655,-1830177.8834810345,0.3,1.0,-7.14496224764228,-20556972.99512325,10,10,0
forward_stanchart,260,levels,130,2.0,0.0,0.1,120.0,20,-67667210.53733131,-3383360.5268665655,-1830177.8834810345,0.3,1.0,-7.14496224764228,-20556972.99512325,10,10,0
forward_stanchart,260,levels,130,2.0,0.0,0.2,60.0,20,-67667210.53733131,-3383360.5268665655,-1830177.8834810345,0.3,1.0,-7.14496224764228,-20556972.99512325,10,10,0
forward_stanchart,260,levels,130,2.0,0.0,0.2,120.0,20,-67667210.53733131,-3383360.5268665655,-1830177.8834810345,0.3,1.0,-7.14496224764228,-20556972.99512325,10,10,0
forward_stanchart,260,levels,130,2.0,0.0,0.5,60.0,20,-67667210.53733131,-3383360.5268665655,-1830177.8834810345,0.3,1.0,-7.14496224764228,-20556972.99512325,10,10,0
forward_stanchart,260,levels,130,2.0,0.0,0.5,120.0,20,-67667210.53733131,-3383360.5268665655,-1830177.8834810345,0.3,1.0,-7.14496224764228,-20556972.99512325,10,10,0
forward_stanchart,260,levels,130,2.0,0.25,0.1,60.0,12,-32629011.586305473,-2719084.2988587893,-2141247.8021741533,0.5,1.0,-4.442785707869623,-20556972.99512325,8,4,0
forward_stanchart,260,levels,130,2.0,0.25,0.1,120.0,12,-32629011.586305473,-2719084.2988587893,-2141247.8021741533,0.5,1.0,-4.442785707869623,-20556972.99512325,8,4,0
forward_stanchart,260,levels,130,2.0,0.25,0.2,60.0,12,-32629011.586305473,-2719084.2988587893,-2141247.8021741533,0.5,1.0,-4.442785707869623,-20556972.99512325,8,4,0
forward_stanchart,260,levels,130,2.0,0.25,0.2,120.0,12,-32629011.586305473,-2719084.2988587893,-2141247.8021741533,0.5,1.0,-4.442785707869623,-20556972.99512325,8,4,0
forward_stanchart,260,levels,130,2.0,0.25,0.5,60.0,12,-32629011.586305473,-2719084.2988587893,-2141247.8021741533,0.5,1.0,-4.442785707869623,-20556972.99512325,8,4,0
forward_stanchart,260,levels,130,2.0,0.25,0.5,120.0,12,-32629011.586305473,-2719084.2988587893,-2141247.8021741533,0.5,1.0,-4.442785707869623,-20556972.99512325,8,4,0
forward_stanchart,260,levels,130,2.0,0.5,0.1,60.0,10,58029304.09811367,5802930.409811367,5299749.0864274055,1.0,1.0,20.51617900259838,693665.6374260307,8,2,0
forward_stanchart,260,levels,130,2.0,0.5,0.1,120.0,10,58029304.09811367,5802930.409811367,5299749.0864274055,1.0,1.0,20.51617900259838,693665.6374260307,8,2,0
forward_stanchart,260,levels,130,2.0,0.5,0.2,60.0,10,58029304.09811367,5802930.409811367,5299749.0864274055,1.0,1.0,20.51617900259838,693665.6374260307,8,2,0
forward_stanchart,260,levels,130,2.0,0.5,0.2,120.0,10,58029304.09811367,5802930.409811367,5299749.0864274055,1.0,1.0,20.51617900259838,693665.6374260307,8,2,0
forward_stanchart,260,levels,130,2.0,0.5,0.5,60.0,10,58029304.09811367,5802930.409811367,5299749.0864274055,1.0,1.0,20.51617900259838,693665.6374260307,8,2,0
forward_stanchart,260,levels,130,2.0,0.5,0.5,120.0,10,58029304.09811367,5802930.409811367,5299749.0864274055,1.0,1.0,20.51617900259838,693665.6374260307,8,2,0
forward_stanchart,260,changes,130,1.0,0.0,0.1,60.0,30,51284158.61377926,1709471.953792642,2118120.2985015777,0.7333333333333333,1.0,8.12536971785117,-8112819.419612373,15,15,0
forward_stanchart,260,changes,130,1.0,0.0,0.1,120.0,30,51284158.61377926,1709471.953792642,2118120.2985015777,0.7333333333333333,1.0,8.12536971785117,-8112819.419612373,15,15,0
forward_stanchart,260,changes,130,1.0,0.0,0.2,60.0,30,51284158.61377926,1709471.953792642,2118120.2985015777,0.7333333333333333,1.0,8.12536971785117,-8112819.419612373,15,15,0
forward_stanchart,260,changes,130,1.0,0.0,0.2,120.0,30,51284158.61377926,1709471.953792642,2118120.2985015777,0.7333333333333333,1.0,8.12536971785117,-8112819.419612373,15,15,0
forward_stanchart,260,changes,130,1.0,0.0,0.5,60.0,30,51284158.61377926,1709471.953792642,2118120.2985015777,0.7333333333333333,1.0,8.12536971785117,-8112819.419612373,15,15,0
forward_stanchart,260,changes,130,1.0,0.0,0.5,120.0,30,51284158.61377926,1709471.953792642,2118120.2985015777,0.7333333333333333,1.0,8.12536971785117,-8112819.419612373,15,15,0
forward_stanchart,260,changes,130,1.0,0.25,0.1,60.0,16,54199396.00745259,3387462.250465787,2976959.982844549,0.9375,1.0,29.329461707279894,-24234.904109834544,7,9,0
forward_stanchart,260,changes,130,1.0,0.25,0.1,120.0,16,54199396.00745259,3387462.250465787,2976959.982844549,0.9375,1.0,29.329461707279894,-24234.904109834544,7,9,0
forward_stanchart,260,changes,130,1.0,0.25,0.2,60.0,16,54199396.00745259,3387462.250465787,2976959.982844549,0.9375,1.0,29.329461707279894,-24234.904109834544,7,9,0
forward_stanchart,260,changes,130,1.0,0.25,0.2,120.0,16,54199396.00745259,3387462.250465787,2976959.982844549,0.9375,1.0,29.329461707279894,-24234.904109834544,7,9,0
forward_stanchart,260,changes,130,1.0,0.25,0.5,60.0,16,54199396.00745259,3387462.250465787,2976959.982844549,0.9375,1.0,29.329461707279894,-24234.904109834544,7,9,0
forward_stanchart,260,changes,130,1.0,0.25,0.5,120.0,16,54199396.00745259,3387462.250465787,2976959.982844549,0.9375,1.0,29.329461707279894,-24234.904109834544,7,9,0
forward_stanchart,260,changes,130,1.0,0.5,0.1,60.0,12,48743794.80820303,4061982.9006835856,4964941.01143021,1.0,1.0,41.29048893293826,1686183.5421208204,7,5,0
forward_stanchart,260,changes,130,1.0,0.5,0.1,120.0,12,48743794.80820303,4061982.9006835856,4964941.01143021,1.0,1.0,41.29048893293826,1686183.5421208204,7,5,0
forward_stanchart,260,changes,130,1.0,0.5,0.2,60.0,12,48743794.80820303,4061982.9006835856,4964941.01143021,1.0,1.0,41.29048893293826,1686183.5421208204,7,5,0
forward_stanchart,260,changes,130,1.0,0.5,0.2,120.0,12,48743794.80820303,4061982.9006835856,4964941.01143021,1.0,1.0,41.29048893293826,1686183.5421208204,7,5,0
forward_stanchart,260,changes,130,1.0,0.5,0.5,60.0,12,48743794.80820303,4061982.9006835856,4964941.01143021,1.0,1.0,41.29048893293826,1686183.5421208204,7,5,0
forward_stanchart,260,changes,130,1.0,0.5,0.5,120.0,12,48743794.80820303,4061982.9006835856,4964941.01143021,1.0,1.0,41.29048893293826,1686183.5421208204,7,5,0
forward_stanchart,260,changes,130,1.5,0.0,0.1,60.0,11,13539297.554374103,1230845.2322158276,2200868.737525139,0.7272727272727273,1.0,4.183658797614366,-8112819.419612373,6,5,0
forward_stanchart,260,changes,130,1.5,0.0,0.1,120.0,11,13539297.554374103,1230845.2322158276,2200868.737525139,0.7272727272727273,1.0,4.183658797614366,-8112819.419612373,6,5,0
forward_stanchart,260,changes,130,1.5,0.0,0.2,60.0,11,13539297.554374103,1230845.2322158276,2200868.737525139,0.7272727272727273,1.0,4.183658797614366,-8112819.419612373,6,5,0
forward_stanchart,260,changes,130,1.5,0.0,0.2,120.0,11,13539297.554374103,1230845.2322158276,2200868.737525139,0.7272727272727273,1.0,4.183658797614366,-8112819.419612373,6,5,0
forward_stanchart,260,changes,130,1.5,0.0,0.5,60.0,11,13539297.554374103,1230845.2322158276,2200868.737525139,0.7272727272727273,1.0,4.183658797614366,-8112819.419612373,6,5,0
forward_stanchart,260,changes,130,1.5,0.0,0.5,120.0,11,13539297.554374103,1230845.2322158276,2200868.737525139,0.7272727272727273,1.0,4.183658797614366,-8112819.419612373,6,5,0
forward_stanchart,260,changes,130,1.5,0.25,0.1,60.0,5,22330542.219507687,4466108.443901537,5458077.458464847,1.0,1.0,50.33692649425718,2035371.8594780166,3,2,0
forward_stanchart,260,changes,130,1.5,0.25,0.1,120.0,5,22330542.219507687,4466108.443901537,5458077.458464847,1.0,1.0,50.33692649425718,2035371.8594780166,3,2,0
forward_stanchart,260,changes,130,1.5,0.25,0.2,60.0,5,22330542.219507687,4466108.443901537,5458077.458464847,1.0,1.0,50.33692649425718,2035371.8594780166,3,2,0
forward_stanchart,260,changes,130,1.5,0.25,0.2,120.0,5,22330542.219507687,4466108.443901537,5458077.458464847,1.0,1.0,50.33692649425718,2035371.8594780166,3,2,0
forward_stanchart,260,changes,130,1.5,0.25,0.5,60.0,5,22330542.219507687,4466108.443901537,5458077.458464847,1.0,1.0,50.33692649425718,2035371.8594780166,3,2,0
forward_stanchart,260,changes,130,1.5,0.25,0.5,120.0,5,22330542.219507687,4466108.443901537,5458077.458464847,1.0,1.0,50.33692649425718,2035371.8594780166,3,2,0
forward_stanchart,260,changes,130,1.5,0.5,0.1,60.0,4,20295170.36002967,5073792.590007418,5513885.208196975,1.0,1.0,101.21270347613292,3697706.9857066143,3,1,0
forward_stanchart,260,changes,130,1.5,0.5,0.1,120.0,4,20295170.36002967,5073792.590007418,5513885.208196975,1.0,1.0,101.21270347613292,3697706.9857066143,3,1,0
forward_stanchart,260,changes,130,1.5,0.5,0.2,60.0,4,20295170.36002967,5073792.590007418,5513885.208196975,1.0,1.0,101.21270347613292,3697706.9857066143,3,1,0
forward_stanchart,260,changes,130,1.5,0.5,0.2,120.0,4,20295170.36002967,5073792.590007418,5513885.208196975,1.0,1.0,101.21270347613292,3697706.9857066143,3,1,0
forward_stanchart,260,changes,130,1.5,0.5,0.5,60.0,4,20295170.36002967,5073792.590007418,5513885.208196975,1.0,1.0,101.21270347613292,3697706.9857066143,3,1,0
forward_stanchart,260,changes,130,1.5,0.5,0.5,120.0,4,20295170.36002967,5073792.590007418,5513885.208196975,1.0,1.0,101.21270347613292,3697706.9857066143,3,1,0
forward_stanchart,260,changes,130,2.0,0.0,0.1,60.0,2,11030729.0709402,5515364.5354701,5515364.5354701,1.0,1.0,1528.3324316981143,5458077.458464847,1,1,0
forward_stanchart,260,changes,130,2.0,0.0,0.1,120.0,2,11030729.0709402,5515364.5354701,5515364.5354701,1.0,1.0,1528.3324316981143,5458077.458464847,1,1,0
forward_stanchart,260,changes,130,2.0,0.0,0.2,60.0,2,11030729.0709402,5515364.5354701,5515364.5354701,1.0,1.0,1528.3324316981143,5458077.458464847,1,1,0
forward_stanchart,260,changes,130,2.0,0.0,0.2,120.0,2,11030729.0709402,5515364.5354701,5515364.5354701,1.0,1.0,1528.3324316981143,5458077.458464847,1,1,0
forward_stanchart,260,changes,130,2.0,0.0,0.5,60.0,2,11030729.0709402,5515364.5354701,5515364.5354701,1.0,1.0,1528.3324316981143,5458077.458464847,1,1,0
forward_stanchart,260,changes,130,2.0,0.0,0.5,120.0,2,11030729.0709402,5515364.5354701,5515364.5354701,1.0,1.0,1528.3324316981143,5458077.458464847,1,1,0
forward_stanchart,260,changes,130,2.0,0.25,0.1,60.0,1,5458077.458464847,5458077.458464847,5458077.458464847,1.0,1.0,0.0,5458077.458464847,1,0,0
forward_stanchart,260,changes,130,2.0,0.25,0.1,120.0,1,5458077.458464847,5458077.458464847,5458077.458464847,1.0,1.0,0.0,5458077.458464847,1,0,0
forward_stanchart,260,changes,130,2.0,0.25,0.2,60.0,1,5458077.458464847,5458077.458464847,5458077.458464847,1.0,1.0,0.0,5458077.458464847,1,0,0
forward_stanchart,260,changes,130,2.0,0.25,0.2,120.0,1,5458077.458464847,5458077.458464847,5458077.458464847,1.0,1.0,0.0,5458077.458464847,1,0,0
forward_stanchart,260,changes,130,2.0,0.25,0.5,60.0,1,5458077.458464847,5458077.458464847,5458077.458464847,1.0,1.0,0.0,5458077.458464847,1,0,0
forward_stanchart,260,changes,130,2.0,0.25,0.5,120.0,1,5458077.458464847,5458077.458464847,5458077.458464847,1.0,1.0,0.0,5458077.458464847,1,0,0
forward_stanchart,260,changes,130,2.0,0.5,0.1,60.0,1,5458077.458464847,5458077.458464847,5458077.458464847,1.0,1.0,0.0,5458077.458464847,1,0,0
forward_stanchart,260,changes,130,2.0,0.5,0.1,120.0,1,5458077.458464847,5458077.458464847,5458077.458464847,1.0,1.0,0.0,5458077.458464847,1,0,0
forward_stanchart,260,changes,130,2.0,0.5,0.2,60.0,1,5458077.458464847,5458077.458464847,5458077.458464847,1.0,1.0,0.0,5458077.458464847,1,0,0
forward_stanchart,260,changes,130,2.0,0.5,0.2,120.0,1,5458077.458464847,5458077.458464847,5458077.458464847,1.0,1.0,0.0,5458077.458464847,1,0,0
forward_stanchart,260,changes,130,2.0,0.5,0.5,60.0,1,5458077.458464847,5458077.458464847,5458077.458464847,1.0,1.0,0.0,5458077.458464847,1,0,0
forward_stanchart,260,changes,130,2.0,0.5,0.5,120.0,1,5458077.458464847,5458077.458464847,5458077.458464847,1.0,1.0,0.0,5458077.458464847,1,0,0
forward_stanchart,390,levels,130,1.0,0.0,0.1,60.0,0,0.0,,,,,,0.0,0,0,0
forward_stanchart,390,levels,130,1.0,0.0,0.1,120.0,0,0.0,,,,,,0.0,0,0,0
forward_stanchart,390,levels,130,1.0,0.0,0.2,60.0,0,0.0,,,,,,0.0,0,0,0
forward_stanchart,390,levels,130,1.0,0.0,0.2,120.0,0,0.0,,,,,,0.0,0,0,0
forward_stanchart,390,levels,130,1.0,0.0,0.5,60.0,0,0.0,,,,,,0.0,0,0,0
forward_stanchart,390,levels,130,1.0,0.0,0.5,120.0,0,0.0,,,,,,0.0,0,0,0
forward_stanchart,390,levels,130,1.0,0.25,0.1,60.0,0,0.0,,,,,,0.0,0,0,0
forward_stanchart,390,levels,130,1.0,0.25,0.1,120.0,0,0.0,,,,,,0.0,0,0,0
forward_stanchart,390,levels,130,1.0,0.25,0.2,60.0,0,0.0,,,,,,0.0,0,0,0
forward_stanchart,390,levels,130,1.0,0.25,0.2,120.0,0,0.0,,,,,,0.0,0,0,0
forward_stanchart,390,levels,130,1.0,0.25,0.5,60.0,0,0.0,,,,,,0.0,0,0,0
forward_stanchart,390,levels,130,1.0,0.25,0.5,120.0,0,0.0,,,,,,0.0,0,0,0
forward_stanchart,390,levels,130,1.0,0.5,0.1,60.0,0,0.0,,,,,,0.0,0,0,0
forward_stanchart,390,levels,130,1.0,0.5,0.1,120.0,0,0.0,,,,,,0.0,0,0,0
forward_stanchart,390,levels,130,1.0,0.5,0.2,60.0,0,0.0,,,,,,0.0,0,0,0
forward_stanchart,390,levels,130,1.0,0.5,0.2,120.0,0,0.0,,,,,,0.0,0,0,0
forward_stanchart,390,levels,130,1.0,0.5,0.5,60.0,0,0.0,,,,,,0.0,0,0,0
forward_stanchart,390,levels,130,1.0,0.5,0.5,120.0,0,0.0,,,,,,0.0,0,0,0
forward_stanchart,390,levels,130,1.5,0.0,0.1,60.0,0,0.0,,,,,,0.0,0,0,0
forward_stanchart,390,levels,130,1.5,0.0,0.1,120.0,0,0.0,,,,,,0.0,0,0,0
forward_stanchart,390,levels,130,1.5,0.0,0.2,60.0,0,0.0,,,,,,0.0,0,0,0
forward_stanchart,390,levels,130,1.5,0.0,0.2,120.0,0,0.0,,,,,,0.0,0,0,0
forward_stanchart,390,levels,130,1.5,0.0,0.5,60.0,0,0.0,,,,,,0.0,0,0,0
forward_stanchart,390,levels,130,1.5,0.0,0.5,120.0,0,0.0,,,,,,0.0,0,0,0
forward_stanchart,390,levels,130,1.5,0.25,0.1,60.0,0,0.0,,,,,,0.0,0,0,0
forward_stanchart,390,levels,130,1.5,0.25,0.1,120.0,0,0.0,,,,,,0.0,0,0,0
forward_stanchart,390,levels,130,1.5,0.25,0.2,60.0,0,0.0,,,,,,0.0,0,0,0
forward_stanchart,390,levels,130,1.5,0.25,0.2,120.0,0,0.0,,,,,,0.0,0,0,0
forward_stanchart,390,levels,130,1.5,0.25,0.5,60.0,0,0.0,,,,,,0.0,0,0,0
forward_stanchart,390,levels,130,1.5,0.25,0.5,120.0,0,0.0,,,,,,0.0,0,0,0
forward_stanchart,390,levels,130,1.5,0.5,0.1,60.0,0,0.0,,,,,,0.0,0,0,0
forward_stanchart,390,levels,130,1.5,0.5,0.1,120.0,0,0.0,,,,,,0.0,0,0,0
forward_stanchart,390,levels,130,1.5,0.5,0.2,60.0,0,0.0,,,,,,0.0,0,0,0
forward_stanchart,390,levels,130,1.5,0.5,0.2,120.0,0,0.0,,,,,,0.0,0,0,0
forward_stanchart,390,levels,130,1.5,0.5,0.5,60.0,0,0.0,,,,,,0.0,0,0,0
forward_stanchart,390,levels,130,1.5,0.5,0.5,120.0,0,0.0,,,,,,0.0,0,0,0
forward_stanchart,390,levels,130,2.0,0.0,0.1,60.0,0,0.0,,,,,,0.0,0,0,0
forward_stanchart,390,levels,130,2.0,0.0,0.1,120.0,0,0.0,,,,,,0.0,0,0,0
forward_stanchart,390,levels,130,2.0,0.0,0.2,60.0,0,0.0,,,,,,0.0,0,0,0
forward_stanchart,390,levels,130,2.0,0.0,0.2,120.0,0,0.0,,,,,,0.0,0,0,0
forward_stanchart,390,levels,130,2.0,0.0,0.5,60.0,0,0.0,,,,,,0.0,0,0,0
forward_stanchart,390,levels,130,2.0,0.0,0.5,120.0,0,0.0,,,,,,0.0,0,0,0
forward_stanchart,390,levels,130,2.0,0.25,0.1,60.0,0,0.0,,,,,,0.0,0,0,0
forward_stanchart,390,levels,130,2.0,0.25,0.1,120.0,0,0.0,,,,,,0.0,0,0,0
forward_stanchart,390,levels,130,2.0,0.25,0.2,60.0,0,0.0,,,,,,0.0,0,0,0
forward_stanchart,390,levels,130,2.0,0.25,0.2,120.0,0,0.0,,,,,,0.0,0,0,0
forward_stanchart,390,levels,130,2.0,0.25,0.5,60.0,0,0.0,,,,,,0.0,0,0,0
forward_stanchart,390,levels,130,2.0,0.25,0.5,120.0,0,0.0,,,,,,0.0,0,0,0
forward_stanchart,390,levels,130,2.0,0.5,0.1,60.0,0,0.0,,,,,,0.0,0,0,0
forward_stanchart,390,levels,130,2.0,0.5,0.1,120.0,0,0.0,,,,,,0.0,0,0,0
forward_stanchart,390,levels,130,2.0,0.5,0.2,60.0,0,0.0,,,,,,0.0,0,0,0
forward_stanchart,390,levels,130,2.0,0.5,0.2,120.0,0,0.0,,,,,,0.0,0,0,0
forward_stanchart,390,levels,130,2.0,0.5,0.5,60.0,0,0.0,,,,,,0.0,0,0,0
forward_stanchart,390,levels,130,2.0,0.5,0.5,120.0,0,0.0,,,,,,0.0,0,0,0
forward_stanchart,390,levels,260,1.0,0.0,0.1,60.0,0,0.0,,,,,,0.0,0,0,0
forward_stanchart,390,levels,260,1.0,0.0,0.1,120.0,0,0.0,,,,,,0.0,0,0,0
forward_stanchart,390,levels,260,1.0,0.0,0.2,60.0,0,0.0,,,,,,0.0,0,0,0
forward_stanchart,390,levels,260,1.0,0.0,0.2,120.0,0,0.0,,,,,,0.0,0,0,0
forward_stanchart,390,levels,260,1.0,0.0,0.5,60.0,0,0.0,,,,,,0.0,0,0,0
forward_stanchart,390,levels,260,1.0,0.0,0.5,120.0,0,0.0,,,,,,0.0,0,0,0
forward_stanchart,390,levels,260,1.0,0.25,0.1,60.0,0,0.0,,,,,,0.0,0,0,0
forward_stanchart,390,levels,260,1.0,0.25,0.1,120.0,0,0.0,,,,,,0.0,0,0,0
forward_stanchart,390,levels,260,1.0,0.25,0.2,60.0,0,0.0,,,,,,0.0,0,0,0
forward_stanchart,390,levels,260,1.0,0.25,0.2,120.0,0,0.0,,,,,,0.0,0,0,0
forward_stanchart,390,levels,260,1.0,0.25,0.5,60.0,0,0.0,,,,,,0.0,0,0,0
forward_stanchart,390,levels,260,1.0,0.25,0.5,120.0,0,0.0,,,,,,0.0,0,0,0
forward_stanchart,390,levels,260,1.0,0.5,0.1,60.0,0,0.0,,,,,,0.0,0,0,0
forward_stanchart,390,levels,260,1.0,0.5,0.1,120.0,0,0.0,,,,,,0.0,0,0,0
forward_stanchart,390,levels,260,1.0,0.5,0.2,60.0,0,0.0,,,,,,0.0,0,0,0
forward_stanchart,390,levels,260,1.0,0.5,0.2,120.0,0,0.0,,,,,,0.0,0,0,0
forward_stanchart,390,levels,260,1.0,0.5,0.5,60.0,0,0.0,,,,,,0.0,0,0,0
forward_stanchart,390,levels,260,1.0,0.5,0.5,120.0,0,0.0,,,,,,0.0,0,0,0
forward_stanchart,390,levels,260,1.5,0.0,0.1,60.0,0,0.0,,,,,,0.0,0,0,0
forward_stanchart,390,levels,260,1.5,0.0,0.1,120.0,0,0.0,,,,,,0.0,0,0,0
forward_stanchart,390,levels,260,1.5,0.0,0.2,60.0,0,0.0,,,,,,0.0,0,0,0
forward_stanchart,390,levels,260,1.5,0.0,0.2,120.0,0,0.0,,,,,,0.0,0,0,0
forward_stanchart,390,levels,260,1.5,0.0,0.5,60.0,0,0.0,,,,,,0.0,0,0,0
forward_stanchart,390,levels,260,1.5,0.0,0.5,120.0,0,0.0,,,,,,0.0,0,0,0
forward_stanchart,390,levels,260,1.5,0.25,0.1,60.0,0,0.0,,,,,,0.0,0,0,0
forward_stanchart,390,levels,260,1.5,0.25,0.1,120.0,0,0.0,,,,,,0.0,0,0,0
forward_stanchart,390,levels,260,1.5,0.25,0.2,60.0,0,0.0,,,,,,0.0,0,0,0
forward_stanchart,390,levels,260,1.5,0.25,0.2,120.0,0,0.0,,,,,,0.0,0,0,0
forward_stanchart,390,levels,260,1.5,0.25,0.5,60.0,0,0.0,,,,,,0.0,0,0,0
forward_stanchart,390,levels,260,1.5,0.25,0.5,120.0,0,0.0,,,,,,0.0,0,0,0
forward_stanchart,390,levels,260,1.5,0.5,0.1,60.0,0,0.0,,,,,,0.0,0,0,0
forward_stanchart,390,levels,260,1.5,0.5,0.1,120.0,0,0.0,,,,,,0.0,0,0,0
forward_stanchart,390,levels,260,1.5,0.5,0.2,60.0,0,0.0,,,,,,0.0,0,0,0
forward_stanchart,390,levels,260,1.5,0.5,0.2,120.0,0,0.0,,,,,,0.0,0,0,0
forward_stanchart,390,levels,260,1.5,0.5,0.5,60.0,0,0.0,,,,,,0.0,0,0,0
forward_stanchart,390,levels,260,1.5,0.5,0.5,120.0,0,0.0,,,,,,0.0,0,0,0
forward_stanchart,390,levels,260,2.0,0.0,0.1,60.0,0,0.0,,,,,,0.0,0,0,0
forward_stanchart,390,levels,260,2.0,0.0,0.1,120.0,0,0.0,,,,,,0.0,0,0,0
forward_stanchart,390,levels,260,2.0,0.0,0.2,60.0,0,0.0,,,,,,0.0,0,0,0
forward_stanchart,390,levels,260,2.0,0.0,0.2,120.0,0,0.0,,,,,,0.0,0,0,0
forward_stanchart,390,levels,260,2.0,0.0,0.5,60.0,0,0.0,,,,,,0.0,0,0,0
forward_stanchart,390,levels,260,2.0,0.0,0.5,120.0,0,0.0,,,,,,0.0,0,0,0
forward_stanchart,390,levels,260,2.0,0.25,0.1,60.0,0,0.0,,,,,,0.0,0,0,0
forward_stanchart,390,levels,260,2.0,0.25,0.1,120.0,0,0.0,,,,,,0.0,0,0,0
forward_stanchart,390,levels,260,2.0,0.25,0.2,60.0,0,0.0,,,,,,0.0,0,0,0
forward_stanchart,390,levels,260,2.0,0.25,0.2,120.0,0,0.0,,,,,,0.0,0,0,0
forward_stanchart,390,levels,260,2.0,0.25,0.5,60.0,0,0.0,,,,,,0.0,0,0,0
forward_stanchart,390,levels,260,2.0,0.25,0.5,120.0,0,0.0,,,,,,0.0,0,0,0
forward_stanchart,390,levels,260,2.0,0.5,0.1,60.0,0,0.0,,,,,,0.0,0,0,0
forward_stanchart,390,levels,260,2.0,0.5,0.1,120.0,0,0.0,,,,,,0.0,0,0,0
forward_stanchart,390,levels,260,2.0,0.5,0.2,60.0,0,0.0,,,,,,0.0,0,0,0
forward_stanchart,390,levels,260,2.0,0.5,0.2,120.0,0,0.0,,,,,,0.0,0,0,0
forward_stanchart,390,levels,260,2.0,0.5,0.5,60.0,0,0.0,,,,,,0.0,0,0,0
forward_stanchart,390,levels,260,2.0,0.5,0.5,120.0,0,0.0,,,,,,0.0,0,0,0
forward_stanchart,390,changes,130,1.0,0.0,0.1,60.0,2,3571986.2250578725,1785993.1125289362,1785993.1125289362,1.0,1.0,368.13391706021036,1708978.3078606734,1,1,0
forward_stanchart,390,changes,130,1.0,0.0,0.1,120.0,7,11212935.409634555,1601847.9156620794,1708978.3078606734,0.7142857142857143,1.0,9.77005500673356,-2232272.772250945,2,5,0
forward_stanchart,390,changes,130,1.0,0.0,0.2,60.0,2,3571986.2250578725,1785993.1125289362,1785993.1125289362,1.0,1.0,368.13391706021036,1708978.3078606734,1,1,0
forward_stanchart,390,changes,130,1.0,0.0,0.2,120.0,99,-57422554.2565148,-580025.8005708564,-1391749.1384361293,0.4444444444444444,1.0101010101010102,-0.6834851057065703,-43958140.83534897,44,55,0
forward_stanchart,390,changes,130,1.0,0.0,0.5,60.0,2,3571986.2250578725,1785993.1125289362,1785993.1125289362,1.0,1.0,368.13391706021036,1708978.3078606734,1,1,0
forward_stanchart,390,changes,130,1.0,0.0,0.5,120.0,99,-57422554.2565148,-580025.8005708564,-1391749.1384361293,0.4444444444444444,1.0101010101010102,-0.6834851057065703,-43958140.83534897,44,55,0
forward_stanchart,390,changes,130,1.0,0.25,0.1,60.0,1,1689760.9677538816,1689760.9677538816,1689760.9677538816,1.0,1.0,0.0,1689760.9677538816,1,0,0
forward_stanchart,390,changes,130,1.0,0.25,0.1,120.0,5,7695227.64867424,1539045.529734848,1689760.9677538816,0.6,1.0,7.941244791248759,-2232272.772250945,2,3,0
forward_stanchart,390,changes,130,1.0,0.25,0.2,60.0,1,1689760.9677538816,1689760.9677538816,1689760.9677538816,1.0,1.0,0.0,1689760.9677538816,1,0,0
forward_stanchart,390,changes,130,1.0,0.25,0.2,120.0,88,-100547822.36921012,-1142588.8905592063,-1661417.9914181205,0.4318181818181818,1.0113636363636365,-1.3475449165690792,-43958140.83534897,45,43,0
forward_stanchart,390,changes,130,1.0,0.25,0.5,60.0,1,1689760.9677538816,1689760.9677538816,1689760.9677538816,1.0,1.0,0.0,1689760.9677538816,1,0,0
forward_stanchart,390,changes,130,1.0,0.25,0.5,120.0,88,-100547822.36921012,-1142588.8905592063,-1661417.9914181205,0.4318181818181818,1.0113636363636365,-1.3475449165690792,-43958140.83534897,45,43,0
forward_stanchart,390,changes,130,1.0,0.5,0.1,60.0,0,0.0,,,,,,0.0,0,0,0
forward_stanchart,390,changes,130,1.0,0.5,0.1,120.0,2,9629488.591607433,4814744.295803716,4814744.295803716,1.0,1.0,62.095472630914536,3583870.401781228,0,2,0
forward_stanchart,390,changes,130,1.0,0.5,0.2,60.0,0,0.0,,,,,,0.0,0,0,0
forward_stanchart,390,changes,130,1.0,0.5,0.2,120.0,75,-126211635.2861498,-1682821.803815331,-2808320.6776098125,0.41333333333333333,1.0133333333333334,-1.9118662137523788,-43958140.83534897,41,34,0
forward_stanchart,390,changes,130,1.0,0.5,0.5,60.0,0,0.0,,,,,,0.0,0,0,0
forward_stanchart,390,changes,130,1.0,0.5,0.5,120.0,75,-126211635.2861498,-1682821.803815331,-2808320.6776098125,0.41333333333333333,1.0133333333333334,-1.9118662137523788,-43958140.83534897,41,34,0
forward_stanchart,390,changes,130,1.5,0.0,0.1,60.0,1,1708978.3078606734,1708978.3078606734,1708978.3078606734,1.0,1.0,0.0,1708978.3078606734,1,0,0
forward_stanchart,390,changes,130,1.5,0.0,0.1,120.0,3,11338466.899468107,3779488.966489369,3583870.401781228,1.0,1.0,33.7857931645182,1708978.3078606734,1,2,0
forward_stanchart,390,changes,130,1.5,0.0,0.2,60.0,1,1708978.3078606734,1708978.3078606734,1708978.3078606734,1.0,1.0,0.0,1708978.3078606734,1,0,0
forward_stanchart,390,changes,130,1.5,0.0,0.2,120.0,44,26036849.993762314,591746.5907673253,854481.6539303367,0.5,1.0,0.7228612931596209,-30700102.07825944,19,24,0
forward_stanchart,390,changes,130,1.5,0.0,0.5,60.0,1,1708978.3078606734,1708978.3078606734,1708978.3078606734,1.0,1.0,0.0,1708978.3078606734,1,0,0
forward_stanchart,390,changes,130,1.5,0.0,0.5,120.0,44,26036849.993762314,591746.5907673253,854481.6539303367,0.5,1.0,0.7228612931596209,-30700102.07825944,19,24,0
forward_stanchart,390,changes,130,1.5,0.25,0.1,60.0,0,0.0,,,,,,0.0,0,0,0
forward_stanchart,390,changes,130,1.5,0.25,0.1,120.0,2,9629488.591607433,4814744.295803716,4814744.295803716,1.0,1.0,62.095472630914536,3583870.401781228,0,2,0
forward_stanchart,390,changes,130,1.5,0.25,0.2,60.0,0,0.0,,,,,,0.0,0,0,0
forward_stanchart,390,changes,130,1.5,0.25,0.2,120.0,40,8969620.666781329,224240.51666953313,-76050.13178566779,0.475,1.0,0.272368660282495,-30700102.07825944,18,21,0
forward_stanchart,390,changes,130,1.5,0.25,0.5,60.0,0,0.0,,,,,,0.0,0,0,0
forward_stanchart,390,changes,130,1.5,0.25,0.5,120.0,40,8969620.666781329,224240.51666953313,-76050.13178566779,0.475,1.0,0.272368660282495,-30700102.07825944,18,21,0
forward_stanchart,390,changes,130,1.5,0.5,0.1,60.0,0,0.0,,,,,,0.0,0,0,0
forward_stanchart,390,changes,130,1.5,0.5,0.1,120.0,2,9629488.591607433,4814744.295803716,4814744.295803716,1.0,1.0,62.095472630914536,3583870.401781228,0,2,0
forward_stanchart,390,changes,130,1.5,0.5,0.2,60.0,0,0.0,,,,,,0.0,0,0,0
forward_stanchart,390,changes,130,1.5,0.5,0.2,120.0,39,-21897731.03789039,-561480.2830228306,-2432991.096523598,0.4358974358974359,1.0,-0.6693255962950407,-30700102.07825944,20,18,0
forward_stanchart,390,changes,130,1.5,0.5,0.5,60.0,0,0.0,,,,,,0.0,0,0,0
forward_stanchart,390,changes,130,1.5,0.5,0.5,120.0,39,-21897731.03789039,-561480.2830228306,-2432991.096523598,0.4358974358974359,1.0,-0.6693255962950407,-30700102.07825944,20,18,0
forward_stanchart,390,changes,130,2.0,0.0,0.1,60.0,0,0.0,,,,,,0.0,0,0,0
forward_stanchart,390,changes,130,2.0,0.0,0.1,120.0,0,0.0,,,,,,0.0,0,0,0
forward_stanchart,390,changes,130,2.0,0.0,0.2,60.0,0,0.0,,,,,,0.0,0,0,0
forward_stanchart,390,changes,130,2.0,0.0,0.2,120.0,15,-9787118.27152948,-652474.5514352988,-3630300.8619259303,0.3333333333333333,0.9333333333333333,-0.6792489400820617,-27217571.621287778,8,6,0
forward_stanchart,390,changes,130,2.0,0.0,0.5,60.0,0,0.0,,,,,,0.0,0,0,0
forward_stanchart,390,changes,130,2.0,0.0,0.5,120.0,15,-9787118.27152948,-652474.5514352988,-3630300.8619259303,0.3333333333333333,0.9333333333333333,-0.6792489400820617,-27217571.621287778,8,6,0
forward_stanchart,390,changes,130,2.0,0.25,0.1,60.0,0,0.0,,,,,,0.0,0,0,0
forward_stanchart,390,changes,130,2.0,0.25,0.1,120.0,0,0.0,,,,,,0.0,0,0,0
forward_stanchart,390,changes,130,2.0,0.25,0.2,60.0,0,0.0,,,,,,0.0,0,0,0
forward_stanchart,390,changes,130,2.0,0.25,0.2,120.0,15,-9787118.27152948,-652474.5514352988,-3630300.8619259303,0.3333333333333333,0.9333333333333333,-0.6792489400820617,-27217571.621287778,8,6,0
forward_stanchart,390,changes,130,2.0,0.25,0.5,60.0,0,0.0,,,,,,0.0,0,0,0
forward_stanchart,390,changes,130,2.0,0.25,0.5,120.0,15,-9787118.27152948,-652474.5514352988,-3630300.8619259303,0.3333333333333333,0.9333333333333333,-0.6792489400820617,-27217571.621287778,8,6,0
forward_stanchart,390,changes,130,2.0,0.5,0.1,60.0,0,0.0,,,,,,0.0,0,0,0
forward_stanchart,390,changes,130,2.0,0.5,0.1,120.0,0,0.0,,,,,,0.0,0,0,0
forward_stanchart,390,changes,130,2.0,0.5,0.2,60.0,0,0.0,,,,,,0.0,0,0,0
forward_stanchart,390,changes,130,2.0,0.5,0.2,120.0,15,-25933399.741652463,-1728893.3161101642,-5131098.759795318,0.26666666666666666,0.9333333333333333,-1.8065478590893533,-27217571.621287778,9,5,0
forward_stanchart,390,changes,130,2.0,0.5,0.5,60.0,0,0.0,,,,,,0.0,0,0,0
forward_stanchart,390,changes,130,2.0,0.5,0.5,120.0,15,-25933399.741652463,-1728893.3161101642,-5131098.759795318,0.26666666666666666,0.9333333333333333,-1.8065478590893533,-27217571.621287778,9,5,0
forward_stanchart,390,changes,260,1.0,0.0,0.1,60.0,0,0.0,,,,,,0.0,0,0,0
forward_stanchart,390,changes,260,1.0,0.0,0.1,120.0,0,0.0,,,,,,0.0,0,0,0
forward_stanchart,390,changes,260,1.0,0.0,0.2,60.0,0,0.0,,,,,,0.0,0,0,0
forward_stanchart,390,changes,260,1.0,0.0,0.2,120.0,110,-337361797.00319475,-3066925.427301771,-5275200.219400403,0.43636363636363634,1.0,-2.4035240751122107,-50115213.25575217,52,58,0
forward_stanchart,390,changes,260,1.0,0.0,0.5,60.0,0,0.0,,,,,,0.0,0,0,0
forward_stanchart,390,changes,260,1.0,0.0,0.5,120.0,110,-337361797.00319475,-3066925.427301771,-5275200.219400403,0.43636363636363634,1.0,-2.4035240751122107,-50115213.25575217,52,58,0
forward_stanchart,390,changes,260,1.0,0.25,0.1,60.0,0,0.0,,,,,,0.0,0,0,0
forward_stanchart,390,changes,260,1.0,0.25,0.1,120.0,0,0.0,,,,,,0.0,0,0,0
forward_stanchart,390,changes,260,1.0,0.25,0.2,60.0,0,0.0,,,,,,0.0,0,0,0
forward_stanchart,390,changes,260,1.0,0.25,0.2,120.0,102,-415692732.29486865,-4075418.944067339,-6654875.350908009,0.4117647058823529,1.0,-3.2921431007131914,-50115213.25575217,46,56,0
forward_stanchart,390,changes,260,1.0,0.25,0.5,60.0,0,0.0,,,,,,0.0,0,0,0
forward_stanchart,390,changes,260,1.0,0.25,0.5,120.0,102,-415692732.29486865,-4075418.944067339,-6654875.350908009,0.4117647058823529,1.0,-3.2921431007131914,-50115213.25575217,46,56,0
forward_stanchart,390,changes,260,1.0,0.5,0.1,60.0,0,0.0,,,,,,0.0,0,0,0
forward_stanchart,390,changes,260,1.0,0.5,0.1,120.0,0,0.0,,,,,,0.0,0,0,0
forward_stanchart,390,changes,260,1.0,0.5,0.2,60.0,0,0.0,,,,,,0.0,0,0,0
forward_stanchart,390,changes,260,1.0,0.5,0.2,120.0,74,-197336769.13289565,-2666713.0963904816,-5275200.219400403,0.43243243243243246,1.0,-2.115744991676054,-50115213.25575217,38,36,0
forward_stanchart,390,changes,260,1.0,0.5,0.5,60.0,0,0.0,,,,,,0.0,0,0,0
forward_stanchart,390,changes,260,1.0,0.5,0.5,120.0,74,-197336769.13289565,-2666713.0963904816,-5275200.219400403,0.43243243243243246,1.0,-2.115744991676054,-50115213.25575217,38,36,0
forward_stanchart,390,changes,260,1.5,0.0,0.1,60.0,0,0.0,,,,,,0.0,0,0,0
forward_stanchart,390,changes,260,1.5,0.0,0.1,120.0,0,0.0,,,,,,0.0,0,0,0
forward_stanchart,390,changes,260,1.5,0.0,0.2,60.0,0,0.0,,,,,,0.0,0,0,0
forward_stanchart,390,changes,260,1.5,0.0,0.2,120.0,56,-124429185.43040782,-2221949.7398287104,-4921199.297810077,0.5,1.0,-1.5561100043994174,-50115213.25575217,30,26,0
forward_stanchart,390,changes,260,1.5,0.0,0.5,60.0,0,0.0,,,,,,0.0,0,0,0
forward_stanchart,390,changes,260,1.5,0.0,0.5,120.0,56,-124429185.43040782,-2221949.7398287104,-4921199.297810077,0.5,1.0,-1.5561100043994174,-50115213.25575217,30,26,0
forward_stanchart,390,changes,260,1.5,0.25,0.1,60.0,0,0.0,,,,,,0.0,0,0,0
forward_stanchart,390,changes,260,1.5,0.25,0.1,120.0,0,0.0,,,,,,0.0,0,0,0
forward_stanchart,390,changes,260,1.5,0.25,0.2,60.0,0,0.0,,,,,,0.0,0,0,0
forward_stanchart,390,changes,260,1.5,0.25,0.2,120.0,52,-210069275.50492212,-4039793.759710041,-5960302.204221481,0.46153846153846156,1.0,-3.039470371339754,-50115213.25575217,28,24,0
forward_stanchart,390,changes,260,1.5,0.25,0.5,60.0,0,0.0,,,,,,0.0,0,0,0
forward_stanchart,390,changes,260,1.5,0.25,0.5,120.0,52,-210069275.50492212,-4039793.759710041,-5960302.204221481,0.46153846153846156,1.0,-3.039470371339754,-50115213.25575217,28,24,0
forward_stanchart,390,changes,260,1.5,0.5,0.1,60.0,0,0.0,,,,,,0.0,0,0,0
forward_stanchart,390,changes,260,1.5,0.5,0.1,120.0,0,0.0,,,,,,0.0,0,0,0
forward_stanchart,390,changes,260,1.5,0.5,0.2,60.0,0,0.0,,,,,,0.0,0,0,0
forward_stanchart,390,changes,260,1.5,0.5,0.2,120.0,44,-119505750.81420347,-2716039.791231897,-4921199.297810077,0.5,1.0,-2.132852459579095,-50115213.25575217,26,18,0
forward_stanchart,390,changes,260,1.5,0.5,0.5,60.0,0,0.0,,,,,,0.0,0,0,0
forward_stanchart,390,changes,260,1.5,0.5,0.5,120.0,44,-119505750.81420347,-2716039.791231897,-4921199.297810077,0.5,1.0,-2.132852459579095,-50115213.25575217,26,18,0
forward_stanchart,390,changes,260,2.0,0.0,0.1,60.0,0,0.0,,,,,,0.0,0,0,0
forward_stanchart,390,changes,260,2.0,0.0,0.1,120.0,0,0.0,,,,,,0.0,0,0,0
forward_stanchart,390,changes,260,2.0,0.0,0.2,60.0,0,0.0,,,,,,0.0,0,0,0
forward_stanchart,390,changes,260,2.0,0.0,0.2,120.0,24,-71970066.42577496,-2998752.767740622,-5960302.204221481,0.4166666666666667,1.0,-4.502087015189851,-16715172.14881755,14,10,0
forward_stanchart,390,changes,260,2.0,0.0,0.5,60.0,0,0.0,,,,,,0.0,0,0,0
forward_stanchart,390,changes,260,2.0,0.0,0.5,120.0,24,-71970066.42577496,-2998752.767740622,-5960302.204221481,0.4166666666666667,1.0,-4.502087015189851,-16715172.14881755,14,10,0
forward_stanchart,390,changes,260,2.0,0.25,0.1,60.0,0,0.0,,,,,,0.0,0,0,0
forward_stanchart,390,changes,260,2.0,0.25,0.1,120.0,0,0.0,,,,,,0.0,0,0,0
forward_stanchart,390,changes,260,2.0,0.25,0.2,60.0,0,0.0,,,,,,0.0,0,0,0
forward_stanchart,390,changes,260,2.0,0.25,0.2,120.0,24,-71970066.42577496,-2998752.767740622,-5960302.204221481,0.4166666666666667,1.0,-4.502087015189851,-16715172.14881755,14,10,0
forward_stanchart,390,changes,260,2.0,0.25,0.5,60.0,0,0.0,,,,,,0.0,0,0,0
forward_stanchart,390,changes,260,2.0,0.25,0.5,120.0,24,-71970066.42577496,-2998752.767740622,-5960302.204221481,0.4166666666666667,1.0,-4.502087015189851,-16715172.14881755,14,10,0
forward_stanchart,390,changes,260,2.0,0.5,0.1,60.0,0,0.0,,,,,,0.0,0,0,0
forward_stanchart,390,changes,260,2.0,0.5,0.1,120.0,0,0.0,,,,,,0.0,0,0,0
forward_stanchart,390,changes,260,2.0,0.5,0.2,60.0,0,0.0,,,,,,0.0,0,0,0
forward_stanchart,390,changes,260,2.0,0.5,0.2,120.0,22,-68571221.56735533,-3116873.7076070607,-10221181.979233142,0.45454545454545453,1.0,-4.483285976523554,-16715172.14881755,12,10,0
forward_stanchart,390,changes,260,2.0,0.5,0.5,60.0,0,0.0,,,,,,0.0,0,0,0
forward_stanchart,390,changes,260,2.0,0.5,0.5,120.0,22,-68571221.56735533,-3116873.7076070607,-10221181.979233142,0.45454545454545453,1.0,-4.483285976523554,-16715172.14881755,12,10,0
forward_stanchart,520,levels,130,1.0,0.0,0.1,60.0,26,16589379.736004455,638053.0667694021,340308.75293935323,0.5769230769230769,1.0,3.843442433063199,-5051912.026490781,7,19,0
forward_stanchart,520,levels,130,1.0,0.0,0.1,120.0,26,16589379.736004455,638053.0667694021,340308.75293935323,0.5769230769230769,1.0,3.843442433063199,-5051912.026490781,7,19,0
forward_stanchart,520,levels,130,1.0,0.0,0.2,60.0,26,16589379.736004455,638053.0667694021,340308.75293935323,0.5769230769230769,1.0,3.843442433063199,-5051912.026490781,7,19,0
forward_stanchart,520,levels,130,1.0,0.0,0.2,120.0,26,16589379.736004455,638053.0667694021,340308.75293935323,0.5769230769230769,1.0,3.843442433063199,-5051912.026490781,7,19,0
forward_stanchart,520,levels,130,1.0,0.0,0.5,60.0,26,16589379.736004455,638053.0667694021,340308.75293935323,0.5769230769230769,1.0,3.843442433063199,-5051912.026490781,7,19,0
forward_stanchart,520,levels,130,1.0,0.0,0.5,120.0,26,16589379.736004455,638053.0667694021,340308.75293935323,0.5769230769230769,1.0,3.843442433063199,-5051912.026490781,7,19,0
forward_stanchart,520,levels,130,1.0,0.25,0.1,60.0,19,19683538.85612921,1035975.7292699585,488109.8229149371,0.5789473684210527,1.0526315789473684,5.4056832245223205,-3334805.2718512397,3,16,0
forward_stanchart,520,levels,130,1.0,0.25,0.1,120.0,19,19683538.85612921,1035975.7292699585,488109.8229149371,0.5789473684210527,1.0526315789473684,5.4056832245223205,-3334805.2718512397,3,16,0
forward_stanchart,520,levels,130,1.0,0.25,0.2,60.0,19,19683538.85612921,1035975.7292699585,488109.8229149371,0.5789473684210527,1.0526315789473684,5.4056832245223205,-3334805.2718512397,3,16,0
forward_stanchart,520,levels,130,1.0,0.25,0.2,120.0,19,19683538.85612921,1035975.7292699585,488109.8229149371,0.5789473684210527,1.0526315789473684,5.4056832245223205,-3334805.2718512397,3,16,0
forward_stanchart,520,levels,130,1.0,0.25,0.5,60.0,19,19683538.85612921,1035975.7292699585,488109.8229149371,0.5789473684210527,1.0526315789473684,5.4056832245223205,-3334805.2718512397,3,16,0
forward_stanchart,520,levels,130,1.0,0.25,0.5,120.0,19,19683538.85612921,1035975.7292699585,488109.8229149371,0.5789473684210527,1.0526315789473684,5.4056832245223205,-3334805.2718512397,3,16,0
forward_stanchart,520,levels,130,1.0,0.5,0.1,60.0,16,10106074.712917453,631629.6695573407,-54269.38504214064,0.5,1.0625,3.33807105780045,-3334805.2718512397,2,14,0
forward_stanchart,520,levels,130,1.0,0.5,0.1,120.0,16,10106074.712917453,631629.6695573407,-54269.38504214064,0.5,1.0625,3.33807105780045,-3334805.2718512397,2,14,0
forward_stanchart,520,levels,130,1.0,0.5,0.2,60.0,16,10106074.712917453,631629.6695573407,-54269.38504214064,0.5,1.0625,3.33807105780045,-3334805.2718512397,2,14,0
forward_stanchart,520,levels,130,1.0,0.5,0.2,120.0,16,10106074.712917453,631629.6695573407,-54269.38504214064,0.5,1.0625,3.33807105780045,-3334805.2718512397,2,14,0
forward_stanchart,520,levels,130,1.0,0.5,0.5,60.0,16,10106074.712917453,631629.6695573407,-54269.38504214064,0.5,1.0625,3.33807105780045,-3334805.2718512397,2,14,0
forward_stanchart,520,levels,130,1.0,0.5,0.5,120.0,16,10106074.712917453,631629.6695573407,-54269.38504214064,0.5,1.0625,3.33807105780045,-3334805.2718512397,2,14,0
forward_stanchart,520,levels,130,1.5,0.0,0.1,60.0,17,8647031.580632407,508648.91650778864,600534.7748646782,0.5882352941176471,1.0,2.87862701730429,-5051912.026490781,3,14,0
forward_stanchart,520,levels,130,1.5,0.0,0.1,120.0,17,8647031.580632407,508648.91650778864,600534.7748646782,0.5882352941176471,1.0,2.87862701730429,-5051912.026490781,3,14,0
forward_stanchart,520,levels,130,1.5,0.0,0.2,60.0,17,8647031.580632407,508648.91650778864,600534.7748646782,0.5882352941176471,1.0,2.87862701730429,-5051912.026490781,3,14,0
forward_stanchart,520,levels,130,1.5,0.0,0.2,120.0,17,8647031.580632407,508648.91650778864,600534.7748646782,0.5882352941176471,1.0,2.87862701730429,-5051912.026490781,3,14,0
forward_stanchart,520,levels,130,1.5,0.0,0.5,60.0,17,8647031.580632407,508648.91650778864,600534.7748646782,0.5882352941176471,1.0,2.87862701730429,-5051912.026490781,3,14,0
forward_stanchart,520,levels,130,1.5,0.0,0.5,120.0,17,8647031.580632407,508648.91650778864,600534.7748646782,0.5882352941176471,1.0,2.87862701730429,-5051912.026490781,3,14,0
forward_stanchart,520,levels,130,1.5,0.25,0.1,60.0,13,14755478.494504683,1135036.807269591,661225.6646242519,0.6153846153846154,1.0769230769230769,5.226448167842071,-3334805.2718512397,2,11,0
forward_stanchart,520,levels,130,1.5,0.25,0.1,120.0,13,14755478.494504683,1135036.807269591,661225.6646242519,0.6153846153846154,1.0769230769230769,5.226448167842071,-3334805.2718512397,2,11,0
forward_stanchart,520,levels,130,1.5,0.25,0.2,60.0,13,14755478.494504683,1135036.807269591,661225.6646242519,0.6153846153846154,1.0769230769230769,5.226448167842071,-3334805.2718512397,2,11,0
forward_stanchart,520,levels,130,1.5,0.25,0.2,120.0,13,14755478.494504683,1135036.807269591,661225.6646242519,0.6153846153846154,1.0769230769230769,5.226448167842071,-3334805.2718512397,2,11,0
forward_stanchart,520,levels,130,1.5,0.25,0.5,60.0,13,14755478.494504683,1135036.807269591,661225.6646242519,0.6153846153846154,1.0769230769230769,5.226448167842071,-3334805.2718512397,2,11,0
forward_stanchart,520,levels,130,1.5,0.25,0.5,120.0,13,14755478.494504683,1135036.807269591,661225.6646242519,0.6153846153846154,1.0769230769230769,5.226448167842071,-3334805.2718512397,2,11,0
forward_stanchart,520,levels,130,1.5,0.5,0.1,60.0,10,12867887.57820687,1286788.757820687,1589358.5956966637,0.6,1.1,5.355868202315406,-3334805.2718512397,2,8,0
forward_stanchart,520,levels,130,1.5,0.5,0.1,120.0,10,12867887.57820687,1286788.757820687,1589358.5956966637,0.6,1.1,5.355868202315406,-3334805.2718512397,2,8,0
forward_stanchart,520,levels,130,1.5,0.5,0.2,60.0,10,12867887.57820687,1286788.757820687,1589358.5956966637,0.6,1.1,5.355868202315406,-3334805.2718512397,2,8,0
forward_stanchart,520,levels,130,1.5,0.5,0.2,120.0,10,12867887.57820687,1286788.757820687,1589358.5956966637,0.6,1.1,5.355868202315406,-3334805.2718512397,2,8,0
forward_stanchart,520,levels,130,1.5,0.5,0.5,60.0,10,12867887.57820687,1286788.757820687,1589358.5956966637,0.6,1.1,5.355868202315406,-3334805.2718512397,2,8,0
forward_stanchart,520,levels,130,1.5,0.5,0.5,120.0,10,12867887.57820687,1286788.757820687,1589358.5956966637,0.6,1.1,5.355868202315406,-3334805.2718512397,2,8,0
forward_stanchart,520,levels,130,2.0,0.0,0.1,60.0,6,5416503.739318465,902750.6232197442,1088125.2502107562,0.5,1.1666666666666667,5.216806743800716,-2321172.7944151075,1,5,0
forward_stanchart,520,levels,130,2.0,0.0,0.1,120.0,6,5416503.739318465,902750.6232197442,1088125.2502107562,0.5,1.1666666666666667,5.216806743800716,-2321172.7944151075,1,5,0
forward_stanchart,520,levels,130,2.0,0.0,0.2,60.0,6,5416503.739318465,902750.6232197442,1088125.2502107562,0.5,1.1666666666666667,5.216806743800716,-2321172.7944151075,1,5,0
forward_stanchart,520,levels,130,2.0,0.0,0.2,120.0,6,5416503.739318465,902750.6232197442,1088125.2502107562,0.5,1.1666666666666667,5.216806743800716,-2321172.7944151075,1,5,0
forward_stanchart,520,levels,130,2.0,0.0,0.5,60.0,6,5416503.739318465,902750.6232197442,1088125.2502107562,0.5,1.1666666666666667,5.216806743800716,-2321172.7944151075,1,5,0
forward_stanchart,520,levels,130,2.0,0.0,0.5,120.0,6,5416503.739318465,902750.6232197442,1088125.2502107562,0.5,1.1666666666666667,5.216806743800716,-2321172.7944151075,1,5,0
forward_stanchart,520,levels,130,2.0,0.25,0.1,60.0,5,1757726.0602563585,351545.2120512717,-401931.91610713676,0.4,1.2,2.0904561841463636,-2321172.7944151075,0,5,0
forward_stanchart,520,levels,130,2.0,0.25,0.1,120.0,5,1757726.0602563585,351545.2120512717,-401931.91610713676,0.4,1.2,2.0904561841463636,-2321172.7944151075,0,5,0
forward_stanchart,520,levels,130,2.0,0.25,0.2,60.0,5,1757726.0602563585,351545.2120512717,-401931.91610713676,0.4,1.2,2.0904561841463636,-2321172.7944151075,0,5,0
forward_stanchart,520,levels,130,2.0,0.25,0.2,120.0,5,1757726.0602563585,351545.2120512717,-401931.91610713676,0.4,1.2,2.0904561841463636,-2321172.7944151075,0,5,0
forward_stanchart,520,levels,130,2.0,0.25,0.5,60.0,5,1757726.0602563585,351545.2120512717,-401931.91610713676,0.4,1.2,2.0904561841463636,-2321172.7944151075,0,5,0
forward_stanchart,520,levels,130,2.0,0.25,0.5,120.0,5,1757726.0602563585,351545.2120512717,-401931.91610713676,0.4,1.2,2.0904561841463636,-2321172.7944151075,0,5,0
forward_stanchart,520,levels,130,2.0,0.5,0.1,60.0,5,1757726.0602563585,351545.2120512717,-401931.91610713676,0.4,1.2,2.0904561841463636,-2321172.7944151075,0,5,0
forward_stanchart,520,levels,130,2.0,0.5,0.1,120.0,5,1757726.0602563585,351545.2120512717,-401931.91610713676,0.4,1.2,2.0904561841463636,-2321172.7944151075,0,5,0
forward_stanchart,520,levels,130,2.0,0.5,0.2,60.0,5,1757726.0602563585,351545.2120512717,-401931.91610713676,0.4,1.2,2.0904561841463636,-2321172.7944151075,0,5,0
forward_stanchart,520,levels,130,2.0,0.5,0.2,120.0,5,1757726.0602563585,351545.2120512717,-401931.91610713676,0.4,1.2,2.0904561841463636,-2321172.7944151075,0,5,0
forward_stanchart,520,levels,130,2.0,0.5,0.5,60.0,5,1757726.0602563585,351545.2120512717,-401931.91610713676,0.4,1.2,2.0904561841463636,-2321172.7944151075,0,5,0
forward_stanchart,520,levels,130,2.0,0.5,0.5,120.0,5,1757726.0602563585,351545.2120512717,-401931.91610713676,0.4,1.2,2.0904561841463636,-2321172.7944151075,0,5,0
forward_stanchart,520,levels,260,1.0,0.0,0.1,60.0,16,3454164.7256193087,215885.29535120685,-153719.57899988032,0.4375,1.5,2.6483591713774595,-904920.6707333137,5,11,0
forward_stanchart,520,levels,260,1.0,0.0,0.1,120.0,16,3454164.7256193087,215885.29535120685,-153719.57899988032,0.4375,1.5,2.6483591713774595,-904920.6707333137,5,11,0
forward_stanchart,520,levels,260,1.0,0.0,0.2,60.0,18,6189794.705825727,343877.4836569848,133390.78736964482,0.5,1.4444444444444444,4.174326138570992,-904920.6707333137,5,13,0
forward_stanchart,520,levels,260,1.0,0.0,0.2,120.0,18,6189794.705825727,343877.4836569848,133390.78736964482,0.5,1.4444444444444444,4.174326138570992,-904920.6707333137,5,13,0
forward_stanchart,520,levels,260,1.0,0.0,0.5,60.0,19,6828263.639367329,359382.2968088067,417599.86043556675,0.5263157894736842,1.4210526315789473,4.510130225683786,-904920.6707333137,5,14,0
forward_stanchart,520,levels,260,1.0,0.0,0.5,120.0,26,6899214.131551219,265354.38967504684,191714.80920290074,0.5384615384615384,1.3076923076923077,3.204776045317804,-1754107.2151533244,12,14,0
forward_stanchart,520,levels,260,1.0,0.25,0.1,60.0,9,-1902146.6681365273,-211349.62979294753,-583380.7118903268,0.3333333333333333,1.0,-4.362160084418225,-904920.6707333137,3,6,0
forward_stanchart,520,levels,260,1.0,0.25,0.1,120.0,9,-1902146.6681365273,-211349.62979294753,-583380.7118903268,0.3333333333333333,1.0,-4.362160084418225,-904920.6707333137,3,6,0
forward_stanchart,520,levels,260,1.0,0.25,0.2,60.0,10,204076.12795512064,20407.612795512086,-498165.13607412693,0.4,1.0,0.32143008552356506,-904920.6707333137,3,7,0
forward_stanchart,520,levels,260,1.0,0.25,0.2,120.0,10,204076.12795512064,20407.612795512086,-498165.13607412693,0.4,1.0,0.32143008552356506,-904920.6707333137,3,7,0
forward_stanchart,520,levels,260,1.0,0.25,0.5,60.0,10,204076.12795512064,20407.612795512086,-498165.13607412693,0.4,1.0,0.32143008552356506,-904920.6707333137,3,7,0
forward_stanchart,520,levels,260,1.0,0.25,0.5,120.0,14,1927574.762566276,137683.91161187686,-195123.19923596043,0.5,1.0,1.8783404454878525,-1636891.16515551,7,7,0
forward_stanchart,520,levels,260,1.0,0.5,0.1,60.0,1,1342102.5343371062,1342102.5343371062,1342102.5343371062,1.0,1.0,0.0,1342102.5343371062,1,0,0
forward_stanchart,520,levels,260,1.0,0.5,0.1,120.0,1,1342102.5343371062,1342102.5343371062,1342102.5343371062,1.0,1.0,0.0,1342102.5343371062,1,0,0
forward_stanchart,520,levels,260,1.0,0.5,0.2,60.0,1,1342102.5343371062,1342102.5343371062,1342102.5343371062,1.0,1.0,0.0,1342102.5343371062,1,0,0
forward_stanchart,520,levels,260,1.0,0.5,0.2,120.0,1,1342102.5343371062,1342102.5343371062,1342102.5343371062,1.0,1.0,0.0,1342102.5343371062,1,0,0
forward_stanchart,520,levels,260,1.0,0.5,0.5,60.0,1,1342102.5343371062,1342102.5343371062,1342102.5343371062,1.0,1.0,0.0,1342102.5343371062,1,0,0
forward_stanchart,520,levels,260,1.0,0.5,0.5,120.0,2,3646998.2689018417,1823499.1344509209,1823499.1344509209,1.0,1.0,60.13160738432337,1342102.5343371062,2,0,0
forward_stanchart,520,levels,260,1.5,0.0,0.1,60.0,9,-926742.1546529809,-102971.35051699787,-320758.14303276455,0.4444444444444444,1.0,-2.357411043737733,-904920.6707333137,3,6,0
forward_stanchart,520,levels,260,1.5,0.0,0.1,120.0,9,-926742.1546529809,-102971.35051699787,-320758.14303276455,0.4444444444444444,1.0,-2.357411043737733,-904920.6707333137,3,6,0
forward_stanchart,520,levels,260,1.5,0.0,0.2,60.0,9,-926742.1546529809,-102971.35051699787,-320758.14303276455,0.4444444444444444,1.0,-2.357411043737733,-904920.6707333137,3,6,0
forward_stanchart,520,levels,260,1.5,0.0,0.2,120.0,9,-926742.1546529809,-102971.35051699787,-320758.14303276455,0.4444444444444444,1.0,-2.357411043737733,-904920.6707333137,3,6,0
forward_stanchart,520,levels,260,1.5,0.0,0.5,60.0,9,-926742.1546529809,-102971.35051699787,-320758.14303276455,0.4444444444444444,1.0,-2.357411043737733,-904920.6707333137,3,6,0
forward_stanchart,520,levels,260,1.5,0.0,0.5,120.0,12,207607.8214890028,17300.651790750195,50779.536363030216,0.5,1.0,0.3990853455849816,-904920.6707333137,6,6,0
forward_stanchart,520,levels,260,1.5,0.25,0.1,60.0,6,-990388.8745857932,-165064.81243096554,-141200.36059060105,0.5,1.0,-4.045936444252972,-904920.6707333137,2,4,0
forward_stanchart,520,levels,260,1.5,0.25,0.1,120.0,6,-990388.8745857932,-165064.81243096554,-141200.36059060105,0.5,1.0,-4.045936444252972,-904920.6707333137,2,4,0
forward_stanchart,520,levels,260,1.5,0.25,0.2,60.0,6,-990388.8745857932,-165064.81243096554,-141200.36059060105,0.5,1.0,-4.045936444252972,-904920.6707333137,2,4,0
forward_stanchart,520,levels,260,1.5,0.25,0.2,120.0,6,-990388.8745857932,-165064.81243096554,-141200.36059060105,0.5,1.0,-4.045936444252972,-904920.6707333137,2,4,0
forward_stanchart,520,levels,260,1.5,0.25,0.5,60.0,6,-990388.8745857932,-165064.81243096554,-141200.36059060105,0.5,1.0,-4.045936444252972,-904920.6707333137,2,4,0
forward_stanchart,520,levels,260,1.5,0.25,0.5,120.0,7,42402.028830129886,6057.432690018555,417599.86043556675,0.5714285714285714,1.0,0.13143874682000972,-904920.6707333137,3,4,0
forward_stanchart,520,levels,260,1.5,0.5,0.1,60.0,0,0.0,,,,,,0.0,0,0,0
forward_stanchart,520,levels,260,1.5,0.5,0.1,120.0,0,0.0,,,,,,0.0,0,0,0
forward_stanchart,520,levels,260,1.5,0.5,0.2,60.0,0,0.0,,,,,,0.0,0,0,0
forward_stanchart,520,levels,260,1.5,0.5,0.2,120.0,0,0.0,,,,,,0.0,0,0,0
forward_stanchart,520,levels,260,1.5,0.5,0.5,60.0,0,0.0,,,,,,0.0,0,0,0
forward_stanchart,520,levels,260,1.5,0.5,0.5,120.0,0,0.0,,,,,,0.0,0,0,0
forward_stanchart,520,levels,260,2.0,0.0,0.1,60.0,0,0.0,,,,,,0.0,0,0,0
forward_stanchart,520,levels,260,2.0,0.0,0.1,120.0,0,0.0,,,,,,0.0,0,0,0
forward_stanchart,520,levels,260,2.0,0.0,0.2,60.0,0,0.0,,,,,,0.0,0,0,0
forward_stanchart,520,levels,260,2.0,0.0,0.2,120.0,0,0.0,,,,,,0.0,0,0,0
forward_stanchart,520,levels,260,2.0,0.0,0.5,60.0,0,0.0,,,,,,0.0,0,0,0
forward_stanchart,520,levels,260,2.0,0.0,0.5,120.0,0,0.0,,,,,,0.0,0,0,0
forward_stanchart,520,levels,260,2.0,0.25,0.1,60.0,0,0.0,,,,,,0.0,0,0,0
forward_stanchart,520,levels,260,2.0,0.25,0.1,120.0,0,0.0,,,,,,0.0,0,0,0
forward_stanchart,520,levels,260,2.0,0.25,0.2,60.0,0,0.0,,,,,,0.0,0,0,0
forward_stanchart,520,levels,260,2.0,0.25,0.2,120.0,0,0.0,,,,,,0.0,0,0,0
forward_stanchart,520,levels,260,2.0,0.25,0.5,60.0,0,0.0,,,,,,0.0,0,0,0
forward_stanchart,520,levels,260,2.0,0.25,0.5,120.0,0,0.0,,,,,,0.0,0,0,0
forward_stanchart,520,levels,260,2.0,0.5,0.1,60.0,0,0.0,,,,,,0.0,0,0,0
forward_stanchart,520,levels,260,2.0,0.5,0.1,120.0,0,0.0,,,,,,0.0,0,0,0
forward_stanchart,520,levels,260,2.0,0.5,0.2,60.0,0,0.0,,,,,,0.0,0,0,0
forward_stanchart,520,levels,260,2.0,0.5,0.2,120.0,0,0.0,,,,,,0.0,0,0,0
forward_stanchart,520,levels,260,2.0,0.5,0.5,60.0,0,0.0,,,,,,0.0,0,0,0
forward_stanchart,520,levels,260,2.0,0.5,0.5,120.0,0,0.0,,,,,,0.0,0,0,0
forward_stanchart,520,changes,130,1.0,0.0,0.1,60.0,53,82049036.02348341,1548095.0193110076,1746440.993875351,0.660377358490566,1.0943396226415094,5.559998949501577,-7268067.53790408,23,30,0
forward_stanchart,520,changes,130,1.0,0.0,0.1,120.0,53,82049036.02348341,1548095.0193110076,1746440.993875351,0.660377358490566,1.0943396226415094,5.559998949501577,-7268067.53790408,23,30,0
forward_stanchart,520,changes,130,1.0,0.0,0.2,60.0,53,82049036.02348341,1548095.0193110076,1746440.993875351,0.660377358490566,1.0943396226415094,5.559998949501577,-7268067.53790408,23,30,0
forward_stanchart,520,changes,130,1.0,0.0,0.2,120.0,53,82049036.02348341,1548095.0193110076,1746440.993875351,0.660377358490566,1.0943396226415094,5.559998949501577,-7268067.53790408,23,30,0
forward_stanchart,520,changes,130,1.0,0.0,0.5,60.0,53,82049036.02348341,1548095.0193110076,1746440.993875351,0.660377358490566,1.0943396226415094,5.559998949501577,-7268067.53790408,23,30,0
forward_stanchart,520,changes,130,1.0,0.0,0.5,120.0,53,82049036.02348341,1548095.0193110076,1746440.993875351,0.660377358490566,1.0943396226415094,5.559998949501577,-7268067.53790408,23,30,0
forward_stanchart,520,changes,130,1.0,0.25,0.1,60.0,44,59895612.82878508,1361263.9279269336,1736258.5598343005,0.6363636363636364,1.1136363636363635,4.57411310499068,-7268067.53790408,20,24,0
forward_stanchart,520,changes,130,1.0,0.25,0.1,120.0,44,59895612.82878508,1361263.9279269336,1736258.5598343005,0.6363636363636364,1.1136363636363635,4.57411310499068,-7268067.53790408,20,24,0
forward_stanchart,520,changes,130,1.0,0.25,0.2,60.0,44,59895612.82878508,1361263.9279269336,1736258.5598343005,0.6363636363636364,1.1136363636363635,4.57411310499068,-7268067.53790408,20,24,0
forward_stanchart,520,changes,130,1.0,0.25,0.2,120.0,44,59895612.82878508,1361263.9279269336,1736258.5598343005,0.6363636363636364,1.1136363636363635,4.57411310499068,-7268067.53790408,20,24,0
forward_stanchart,520,changes,130,1.0,0.25,0.5,60.0,44,59895612.82878508,1361263.9279269336,1736258.5598343005,0.6363636363636364,1.1136363636363635,4.57411310499068,-7268067.53790408,20,24,0
forward_stanchart,520,changes,130,1.0,0.25,0.5,120.0,44,59895612.82878508,1361263.9279269336,1736258.5598343005,0.6363636363636364,1.1136363636363635,4.57411310499068,-7268067.53790408,20,24,0
forward_stanchart,520,changes,130,1.0,0.5,0.1,60.0,28,40260397.02163121,1437871.3222011146,1945207.6011988926,0.6071428571428571,1.0,4.874930127262107,-5177034.322843535,13,15,0
forward_stanchart,520,changes,130,1.0,0.5,0.1,120.0,28,40260397.02163121,1437871.3222011146,1945207.6011988926,0.6071428571428571,1.0,4.874930127262107,-5177034.322843535,13,15,0
forward_stanchart,520,changes,130,1.0,0.5,0.2,60.0,28,40260397.02163121,1437871.3222011146,1945207.6011988926,0.6071428571428571,1.0,4.874930127262107,-5177034.322843535,13,15,0
forward_stanchart,520,changes,130,1.0,0.5,0.2,120.0,28,40260397.02163121,1437871.3222011146,1945207.6011988926,0.6071428571428571,1.0,4.874930127262107,-5177034.322843535,13,15,0
forward_stanchart,520,changes,130,1.0,0.5,0.5,60.0,28,40260397.02163121,1437871.3222011146,1945207.6011988926,0.6071428571428571,1.0,4.874930127262107,-5177034.322843535,13,15,0
forward_stanchart,520,changes,130,1.0,0.5,0.5,120.0,28,40260397.02163121,1437871.3222011146,1945207.6011988926,0.6071428571428571,1.0,4.874930127262107,-5177034.322843535,13,15,0
forward_stanchart,520,changes,130,1.5,0.0,0.1,60.0,16,47651633.73276936,2978227.1082980847,1945207.6011988926,0.6875,1.3125,7.315242021411741,-7268067.53790408,7,9,0
forward_stanchart,520,changes,130,1.5,0.0,0.1,120.0,16,47651633.73276936,2978227.1082980847,1945207.6011988926,0.6875,1.3125,7.315242021411741,-7268067.53790408,7,9,0
forward_stanchart,520,changes,130,1.5,0.0,0.2,60.0,16,47651633.73276936,2978227.1082980847,1945207.6011988926,0.6875,1.3125,7.315242021411741,-7268067.53790408,7,9,0
forward_stanchart,520,changes,130,1.5,0.0,0.2,120.0,16,47651633.73276936,2978227.1082980847,1945207.6011988926,0.6875,1.3125,7.315242021411741,-7268067.53790408,7,9,0
forward_stanchart,520,changes,130,1.5,0.0,0.5,60.0,16,47651633.73276936,2978227.1082980847,1945207.6011988926,0.6875,1.3125,7.315242021411741,-7268067.53790408,7,9,0
forward_stanchart,520,changes,130,1.5,0.0,0.5,120.0,16,47651633.73276936,2978227.1082980847,1945207.6011988926,0.6875,1.3125,7.315242021411741,-7268067.53790408,7,9,0
forward_stanchart,520,changes,130,1.5,0.25,0.1,60.0,16,47651633.73276936,2978227.1082980847,1945207.6011988926,0.6875,1.3125,7.315242021411741,-7268067.53790408,7,9,0
forward_stanchart,520,changes,130,1.5,0.25,0.1,120.0,16,47651633.73276936,2978227.1082980847,1945207.6011988926,0.6875,1.3125,7.315242021411741,-7268067.53790408,7,9,0
forward_stanchart,520,changes,130,1.5,0.25,0.2,60.0,16,47651633.73276936,2978227.1082980847,1945207.6011988926,0.6875,1.3125,7.315242021411741,-7268067.53790408,7,9,0
forward_stanchart,520,changes,130,1.5,0.25,0.2,120.0,16,47651633.73276936,2978227.1082980847,1945207.6011988926,0.6875,1.3125,7.315242021411741,-7268067.53790408,7,9,0
forward_stanchart,520,changes,130,1.5,0.25,0.5,60.0,16,47651633.73276936,2978227.1082980847,1945207.6011988926,0.6875,1.3125,7.315242021411741,-7268067.53790408,7,9,0
forward_stanchart,520,changes,130,1.5,0.25,0.5,120.0,16,47651633.73276936,2978227.1082980847,1945207.6011988926,0.6875,1.3125,7.315242021411741,-7268067.53790408,7,9,0
forward_stanchart,520,changes,130,1.5,0.5,0.1,60.0,8,35868069.73781991,4483508.717227489,4372133.055618697,0.75,1.0,11.707869750374565,-3002961.805546802,3,5,0
forward_stanchart,520,changes,130,1.5,0.5,0.1,120.0,8,35868069.73781991,4483508.717227489,4372133.055618697,0.75,1.0,11.707869750374565,-3002961.805546802,3,5,0
forward_stanchart,520,changes,130,1.5,0.5,0.2,60.0,8,35868069.73781991,4483508.717227489,4372133.055618697,0.75,1.0,11.707869750374565,-3002961.805546802,3,5,0
forward_stanchart,520,changes,130,1.5,0.5,0.2,120.0,8,35868069.73781991,4483508.717227489,4372133.055618697,0.75,1.0,11.707869750374565,-3002961.805546802,3,5,0
forward_stanchart,520,changes,130,1.5,0.5,0.5,60.0,8,35868069.73781991,4483508.717227489,4372133.055618697,0.75,1.0,11.707869750374565,-3002961.805546802,3,5,0
forward_stanchart,520,changes,130,1.5,0.5,0.5,120.0,8,35868069.73781991,4483508.717227489,4372133.055618697,0.75,1.0,11.707869750374565,-3002961.805546802,3,5,0
forward_stanchart,520,changes,130,2.0,0.0,0.1,60.0,5,4763571.875853843,952714.3751707686,1265225.2496842186,0.6,2.0,1.9287824977995016,-7268067.53790408,1,4,0
forward_stanchart,520,changes,130,2.0,0.0,0.1,120.0,5,4763571.875853843,952714.3751707686,1265225.2496842186,0.6,2.0,1.9287824977995016,-7268067.53790408,1,4,0
forward_stanchart,520,changes,130,2.0,0.0,0.2,60.0,5,4763571.875853843,952714.3751707686,1265225.2496842186,0.6,2.0,1.9287824977995016,-7268067.53790408,1,4,0
forward_stanchart,520,changes,130,2.0,0.0,0.2,120.0,5,4763571.875853843,952714.3751707686,1265225.2496842186,0.6,2.0,1.9287824977995016,-7268067.53790408,1,4,0
forward_stanchart,520,changes,130,2.0,0.0,0.5,60.0,5,4763571.875853843,952714.3751707686,1265225.2496842186,0.6,2.0,1.9287824977995016,-7268067.53790408,1,4,0
forward_stanchart,520,changes,130,2.0,0.0,0.5,120.0,5,4763571.875853843,952714.3751707686,1265225.2496842186,0.6,2.0,1.9287824977995016,-7268067.53790408,1,4,0
forward_stanchart,520,changes,130,2.0,0.25,0.1,60.0,5,4763571.875853843,952714.3751707686,1265225.2496842186,0.6,2.0,1.9287824977995016,-7268067.53790408,1,4,0
forward_stanchart,520,changes,130,2.0,0.25,0.1,120.0,5,4763571.875853843,952714.3751707686,1265225.2496842186,0.6,2.0,1.9287824977995016,-7268067.53790408,1,4,0
forward_stanchart,520,changes,130,2.0,0.25,0.2,60.0,5,4763571.875853843,952714.3751707686,1265225.2496842186,0.6,2.0,1.9287824977995016,-7268067.53790408,1,4,0
forward_stanchart,520,changes,130,2.0,0.25,0.2,120.0,5,4763571.875853843,952714.3751707686,1265225.2496842186,0.6,2.0,1.9287824977995016,-7268067.53790408,1,4,0
forward_stanchart,520,changes,130,2.0,0.25,0.5,60.0,5,4763571.875853843,952714.3751707686,1265225.2496842186,0.6,2.0,1.9287824977995016,-7268067.53790408,1,4,0
forward_stanchart,520,changes,130,2.0,0.25,0.5,120.0,5,4763571.875853843,952714.3751707686,1265225.2496842186,0.6,2.0,1.9287824977995016,-7268067.53790408,1,4,0
forward_stanchart,520,changes,130,2.0,0.5,0.1,60.0,2,3826282.4737127894,1913141.2368563947,1913141.2368563947,0.5,1.0,6.177693053223925,-3002961.805546802,0,2,0
forward_stanchart,520,changes,130,2.0,0.5,0.1,120.0,2,3826282.4737127894,1913141.2368563947,1913141.2368563947,0.5,1.0,6.177693053223925,-3002961.805546802,0,2,0
forward_stanchart,520,changes,130,2.0,0.5,0.2,60.0,2,3826282.4737127894,1913141.2368563947,1913141.2368563947,0.5,1.0,6.177693053223925,-3002961.805546802,0,2,0
forward_stanchart,520,changes,130,2.0,0.5,0.2,120.0,2,3826282.4737127894,1913141.2368563947,1913141.2368563947,0.5,1.0,6.177693053223925,-3002961.805546802,0,2,0
forward_stanchart,520,changes,130,2.0,0.5,0.5,60.0,2,3826282.4737127894,1913141.2368563947,1913141.2368563947,0.5,1.0,6.177693053223925,-3002961.805546802,0,2,0
forward_stanchart,520,changes,130,2.0,0.5,0.5,120.0,2,3826282.4737127894,1913141.2368563947,1913141.2368563947,0.5,1.0,6.177693053223925,-3002961.805546802,0,2,0
forward_stanchart,520,changes,260,1.0,0.0,0.1,60.0,4,4647348.456475378,1161837.1141188445,1418492.7900140677,0.75,1.0,16.340470519085535,-582635.3526668738,3,1,0
forward_stanchart,520,changes,260,1.0,0.0,0.1,120.0,4,4647348.456475378,1161837.1141188445,1418492.7900140677,0.75,1.0,16.340470519085535,-582635.3526668738,3,1,0
forward_stanchart,520,changes,260,1.0,0.0,0.2,60.0,5,4384747.644510901,876949.5289021801,968367.4127675323,0.6,1.0,12.008902833690282,-582635.3526668738,4,1,0
forward_stanchart,520,changes,260,1.0,0.0,0.2,120.0,5,4384747.644510901,876949.5289021801,968367.4127675323,0.6,1.0,12.008902833690282,-582635.3526668738,4,1,0
forward_stanchart,520,changes,260,1.0,0.0,0.5,60.0,5,4384747.644510901,876949.5289021801,968367.4127675323,0.6,1.0,12.008902833690282,-582635.3526668738,4,1,0
forward_stanchart,520,changes,260,1.0,0.0,0.5,120.0,5,4384747.644510901,876949.5289021801,968367.4127675323,0.6,1.0,12.008902833690282,-582635.3526668738,4,1,0
forward_stanchart,520,changes,260,1.0,0.25,0.1,60.0,1,2392998.229114116,2392998.229114116,2392998.229114116,1.0,1.0,0.0,2392998.229114116,1,0,0
forward_stanchart,520,changes,260,1.0,0.25,0.1,120.0,1,2392998.229114116,2392998.229114116,2392998.229114116,1.0,1.0,0.0,2392998.229114116,1,0,0
forward_stanchart,520,changes,260,1.0,0.25,0.2,60.0,1,2392998.229114116,2392998.229114116,2392998.229114116,1.0,1.0,0.0,2392998.229114116,1,0,0
forward_stanchart,520,changes,260,1.0,0.25,0.2,120.0,1,2392998.229114116,2392998.229114116,2392998.229114116,1.0,1.0,0.0,2392998.229114116,1,0,0
forward_stanchart,520,changes,260,1.0,0.25,0.5,60.0,1,2392998.229114116,2392998.229114116,2392998.229114116,1.0,1.0,0.0,2392998.229114116,1,0,0
forward_stanchart,520,changes,260,1.0,0.25,0.5,120.0,1,2392998.229114116,2392998.229114116,2392998.229114116,1.0,1.0,0.0,2392998.229114116,1,0,0
forward_stanchart,520,changes,260,1.0,0.5,0.1,60.0,0,0.0,,,,,,0.0,0,0,0
forward_stanchart,520,changes,260,1.0,0.5,0.1,120.0,0,0.0,,,,,,0.0,0,0,0
forward_stanchart,520,changes,260,1.0,0.5,0.2,60.0,0,0.0,,,,,,0.0,0,0,0
forward_stanchart,520,changes,260,1.0,0.5,0.2,120.0,0,0.0,,,,,,0.0,0,0,0
forward_stanchart,520,changes,260,1.0,0.5,0.5,60.0,0,0.0,,,,,,0.0,0,0,0
forward_stanchart,520,changes,260,1.0,0.5,0.5,120.0,0,0.0,,,,,,0.0,0,0,0
forward_stanchart,520,changes,260,1.5,0.0,0.1,60.0,0,0.0,,,,,,0.0,0,0,0
forward_stanchart,520,changes,260,1.5,0.0,0.1,120.0,0,0.0,,,,,,0.0,0,0,0
forward_stanchart,520,changes,260,1.5,0.0,0.2,60.0,0,0.0,,,,,,0.0,0,0,0
forward_stanchart,520,changes,260,1.5,0.0,0.2,120.0,0,0.0,,,,,,0.0,0,0,0
forward_stanchart,520,changes,260,1.5,0.0,0.5,60.0,0,0.0,,,,,,0.0,0,0,0
forward_stanchart,520,changes,260,1.5,0.0,0.5,120.0,0,0.0,,,,,,0.0,0,0,0
forward_stanchart,520,changes,260,1.5,0.25,0.1,60.0,0,0.0,,,,,,0.0,0,0,0
forward_stanchart,520,changes,260,1.5,0.25,0.1,120.0,0,0.0,,,,,,0.0,0,0,0
forward_stanchart,520,changes,260,1.5,0.25,0.2,60.0,0,0.0,,,,,,0.0,0,0,0
forward_stanchart,520,changes,260,1.5,0.25,0.2,120.0,0,0.0,,,,,,0.0,0,0,0
forward_stanchart,520,changes,260,1.5,0.25,0.5,60.0,0,0.0,,,,,,0.0,0,0,0
forward_stanchart,520,changes,260,1.5,0.25,0.5,120.0,0,0.0,,,,,,0.0,0,0,0
forward_stanchart,520,changes,260,1.5,0.5,0.1,60.0,0,0.0,,,,,,0.0,0,0,0
forward_stanchart,520,changes,260,1.5,0.5,0.1,120.0,0,0.0,,,,,,0.0,0,0,0
forward_stanchart,520,changes,260,1.5,0.5,0.2,60.0,0,0.0,,,,,,0.0,0,0,0
forward_stanchart,520,changes,260,1.5,0.5,0.2,120.0,0,0.0,,,,,,0.0,0,0,0
forward_stanchart,520,changes,260,1.5,0.5,0.5,60.0,0,0.0,,,,,,0.0,0,0,0
forward_stanchart,520,changes,260,1.5,0.5,0.5,120.0,0,0.0,,,,,,0.0,0,0,0
forward_stanchart,520,changes,260,2.0,0.0,0.1,60.0,0,0.0,,,,,,0.0,0,0,0
forward_stanchart,520,changes,260,2.0,0.0,0.1,120.0,0,0.0,,,,,,0.0,0,0,0
forward_stanchart,520,changes,260,2.0,0.0,0.2,60.0,0,0.0,,,,,,0.0,0,0,0
forward_stanchart,520,changes,260,2.0,0.0,0.2,120.0,0,0.0,,,,,,0.0,0,0,0
forward_stanchart,520,changes,260,2.0,0.0,0.5,60.0,0,0.0,,,,,,0.0,0,0,0
forward_stanchart,520,changes,260,2.0,0.0,0.5,120.0,0,0.0,,,,,,0.0,0,0,0
forward_stanchart,520,changes,260,2.0,0.25,0.1,60.0,0,0.0,,,,,,0.0,0,0,0
forward_stanchart,520,changes,260,2.0,0.25,0.1,120.0,0,0.0,,,,,,0.0,0,0,0
forward_stanchart,520,changes,260,2.0,0.25,0.2,60.0,0,0.0,,,,,,0.0,0,0,0
forward_stanchart,520,changes,260,2.0,0.25,0.2,120.0,0,0.0,,,,,,0.0,0,0,0
forward_stanchart,520,changes,260,2.0,0.25,0.5,60.0,0,0.0,,,,,,0.0,0,0,0
forward_stanchart,520,changes,260,2.0,0.25,0.5,120.0,0,0.0,,,,,,0.0,0,0,0
forward_stanchart,520,changes,260,2.0,0.5,0.1,60.0,0,0.0,,,,,,0.0,0,0,0
forward_stanchart,520,changes,260,2.0,0.5,0.1,120.0,0,0.0,,,,,,0.0,0,0,0
forward_stanchart,520,changes,260,2.0,0.5,0.2,60.0,0,0.0,,,,,,0.0,0,0,0
forward_stanchart,520,changes,260,2.0,0.5,0.2,120.0,0,0.0,,,,,,0.0,0,0,0
forward_stanchart,520,changes,260,2.0,0.5,0.5,60.0,0,0.0,,,,,,0.0,0,0,0
forward_stanchart,520,changes,260,2.0,0.5,0.5,120.0,0,0.0,,,,,,0.0,0,0,0
