,day,bucket,lls,peak_lag_min,peak_rho,n_x,n_y
0,0,SFRH26,-17.634773295137233,-15.0,-0.21336650343854477,96,95
1,0,SFRM26,-0.5269793946316499,-15.0,0.18041018244421123,96,95
2,0,SFRU26,-2.029028444186104,-1.0,0.21221256953783108,96,95
3,0,SFRZ26,2.683990725470254,240.0,-0.16396762265123818,96,95
4,0,SFRH27,-2.0848962919615603,-15.0,0.3515187917249529,96,95
5,0,SFRM27,-6.387561840271508,-15.0,0.3549674935391116,96,95
6,1,SFRH26,-0.8194803268362278,-60.0,-0.22302501591904259,96,96
7,1,SFRM26,-2.749879566385092,-60.0,-0.26281543925247836,96,96
8,1,SFRU26,-0.4000200245293868,-60.0,-0.08133420614471676,96,96
9,1,SFRZ26,-3.555837447546163,-1.0,0.302453547161731,96,96
10,1,SFRH27,-1.57073432142171,-1.0,0.3445279289309034,96,96
11,1,SFRM27,-6.523241828685169,-1.0,0.3873661175386332,96,96
12,2,SFRH26,-2.4675832680045895,1.0,-0.3359669134927936,96,96
13,2,SFRM26,1.2976902699439326,60.0,-0.18834872544174294,96,96
14,2,SFRU26,-4.310471605908252,-1.0,0.23770020216037568,96,96
15,2,SFRZ26,-316.65401632094216,-30.0,-0.36618296904790837,96,96
16,2,SFRH27,-1.057490219364742,-15.0,0.1504703769541083,96,96
17,2,SFRM27,0.05798205119426473,-240.0,0.17804244088295024,96,96
18,3,SFRH26,-3.6022684719165814,-5.0,-0.20673281283006797,96,96
19,3,SFRM26,-0.1486632035962226,-15.0,-0.09854877090443445,96,96
20,3,SFRU26,2.2725349032485065,30.0,0.358850912350856,96,96
21,3,SFRZ26,-3.4270382897143072,-30.0,0.3010427300013496,96,96
22,3,SFRH27,0.18443413137673154,0.0,0.22121601957002104,96,96
23,3,SFRM27,-0.5802629590027033,1.0,0.20702704457444607,96,96
24,4,SFRH26,-9.116727979099373,-1.0,-0.3249681392126549,96,96
25,4,SFRM26,-3.9123397649488023,-30.0,-0.337366678238697,96,96
26,4,SFRU26,0.07561087727926957,30.0,0.33780459475030056,96,96
27,4,SFRZ26,-0.21513654187544534,-60.0,0.21557563800817922,96,96
28,4,SFRH27,0.05112221610954439,5.0,0.15940733514467925,96,96
29,4,SFRM27,0.3004847518787101,5.0,0.1399954082559901,96,96
30,5,SFRH26,-1.78932763585005,-60.0,0.24539902901618074,96,96
31,5,SFRM26,3.9164136427125236,5.0,0.26845938784386425,96,96
32,5,SFRU26,0.08060945647916753,-60.0,-0.3115918746853816,96,96
33,5,SFRZ26,1.4826286106309132,60.0,0.17335837326392922,96,96
34,5,SFRH27,-0.884321046007907,-60.0,-0.2639897728203904,96,96
35,5,SFRM27,-56.049204283842116,-60.0,-0.4667923113067976,96,96
36,6,SFRH26,0.07625270268439681,120.0,-0.2710714967355016,96,96
37,6,SFRM26,-3.6538481921942063,-120.0,-0.332441211639841,96,96
38,6,SFRU26,1.0670168169882976,60.0,0.2884936271192953,96,96
39,6,SFRZ26,-0.42668234485040424,0.0,-0.16419938714966664,96,96
40,6,SFRH27,-0.7391692699193677,-240.0,0.1555195491366621,96,96
41,6,SFRM27,-1.2015175105946514,-60.0,0.22708192437979674,96,96
42,7,SFRH26,-0.23175171165376515,-60.0,-0.13063838876906406,96,96
43,7,SFRM26,-3.3387072881706215,-240.0,-0.2400291284468609,96,96
44,7,SFRU26,-27.90546807724558,-5.0,0.4424873894889413,96,96
45,7,SFRZ26,-164.31755386392481,-5.0,0.4434867947890406,96,96
46,7,SFRH27,-8.663381497307284,-240.0,-0.4051810317405853,96,96
47,7,SFRM27,0.3825028864271626,1.0,-0.18454870274295856,96,96
48,8,SFRH26,-0.5237200932354379,-1.0,0.10215177763460806,96,96
49,8,SFRM26,5.280979802283019,30.0,0.32088072470633855,96,96
50,8,SFRU26,-0.023483877174165977,-5.0,-0.17171778194342502,96,96
51,8,SFRZ26,-0.1093941825172158,30.0,-0.19491574696115177,96,96
52,8,SFRH27,-1.9037013031169903,-15.0,0.1232545294620954,96,96
53,8,SFRM27,-0.3206937439097724,-120.0,-0.0936651697325541,96,96
54,9,SFRH26,0.6066355423276993,1.0,0.10189989082983493,96,96
55,9,SFRM26,-0.421037723757621,-1.0,-0.17210803711984893,96,96
56,9,SFRU26,1.8712477957071536,30.0,0.2326124527617977,96,96
57,9,SFRZ26,-2.4637869419294125,-1.0,-0.19017409689319875,96,96
58,9,SFRH27,-9.64091616217864,-240.0,-0.3813886532477941,96,96
59,9,SFRM27,94.8675018681966,5.0,0.47385403168995677,96,96
60,10,SFRH26,0.12156316080650952,-30.0,0.15883248749590143,96,96
61,10,SFRM26,8.135631693981873,15.0,0.39358456987408924,96,96
62,10,SFRU26,-906.2903577680133,-1.0,-0.6450867508058868,96,96
63,10,SFRZ26,-20.139175006869035,-1.0,-0.4203833334374574,96,96
64,10,SFRH27,-72.74884559963212,-1.0,-0.6831552034391577,96,96
65,10,SFRM27,-29.929473916423525,-1.0,-0.47397062472422724,96,96
66,11,SFRH26,-3.2219814573687167,-120.0,0.20208648749821273,96,96
67,11,SFRM26,0.23180885583364266,1.0,0.10795490740356886,96,96
68,11,SFRU26,-0.24013003115913775,-120.0,0.10085393348064875,96,96
69,11,SFRZ26,0.3879718114370443,30.0,-0.1827093243286965,96,96
70,11,SFRH27,-2.447315318807662,-60.0,-0.26232214385083097,96,96
71,11,SFRM27,-7.7875583972886915,-60.0,-0.3309710420626059,96,96
72,12,SFRH26,0.80108575791401,5.0,0.26965984912074775,96,96
73,12,SFRM26,4.2263175302027305,1.0,-0.4921337687909877,96,96
74,12,SFRU26,-3.918931219749015,-240.0,-0.2182066160052148,96,96
75,12,SFRZ26,1.7169371016945985,30.0,0.2299247793886945,96,96
76,12,SFRH27,-7.285254764724001,-60.0,0.24034880955304344,96,96
77,12,SFRM27,-6.041783670433749,-15.0,0.23043529906208574,96,96
78,13,SFRH26,0.03175152586689395,-15.0,-0.10020555017589912,96,96
79,13,SFRM26,0.17365438760261925,1.0,0.24391665494137205,96,96
80,13,SFRU26,-0.2641611787651188,-1.0,-0.30037775975843656,96,96
81,13,SFRZ26,1.6959811123286404,1.0,0.25702437911938675,96,96
82,13,SFRH27,0.011280470714287654,-1.0,0.06906236127634013,96,96
83,13,SFRM27,0.4986095455377779,60.0,0.12497198116942772,96,96
84,14,SFRH26,-7.254000710594851,-60.0,0.3643534614170897,96,96
85,14,SFRM26,-1.3931910280369257,-60.0,-0.193943172355405,96,96
86,14,SFRU26,-0.21892196901895883,60.0,0.25050908422905455,96,96
87,14,SFRZ26,-2.2733133618192056,-1.0,0.2727616899062853,96,96
88,14,SFRH27,-3.0440288145725853,-5.0,0.3238936839572513,96,96
89,14,SFRM27,-1.3604961840583265,-1.0,0.24462686077675053,96,96
90,15,SFRH26,0.3241403637300857,1.0,0.19239052474631058,96,96
91,15,SFRM26,0.38357233756850095,1.0,0.12751157938487237,96,96
92,15,SFRU26,5.091677755416463,1.0,0.40544291912619673,96,96
93,15,SFRZ26,-0.7413159666468278,-240.0,0.2833388052835845,96,96
94,15,SFRH27,-0.3316304417572553,-1.0,-0.17756930572619917,96,96
95,15,SFRM27,-0.54184362803911,-240.0,0.1430135568456953,96,96
96,16,SFRH26,-0.14261873577708153,-15.0,0.09347448738447786,96,96
97,16,SFRM26,-1.1721601950311584,-30.0,0.19290876092169687,96,96
98,16,SFRU26,0.25598011138823684,60.0,-0.27862308243587114,96,96
99,16,SFRZ26,-0.046928469185649635,0.0,0.14061541319033125,96,96
100,16,SFRH27,-29.437500686272934,-1.0,0.38978932261323107,96,96
101,16,SFRM27,0.2939901380284324,60.0,0.336506341584828,96,96
102,17,SFRH26,-17.33857128844627,-30.0,0.238027175214887,96,96
103,17,SFRM26,-1.0776688483380605,-1.0,-0.11668785893886857,96,96
104,17,SFRU26,-0.1299538124000989,1.0,-0.16092401439772872,96,96
105,17,SFRZ26,-2.370630456905685,-1.0,-0.24134963299472953,96,96
106,17,SFRH27,-3.0770544492481062,-1.0,-0.19630174148062762,96,96
107,17,SFRM27,-0.29365590708285727,-30.0,-0.11335675259990238,96,96
108,18,SFRH26,-0.1831933720563098,-30.0,-0.13369546629864879,96,96
109,18,SFRM26,1.7144407979285337,1.0,-0.1882109477818628,96,96
110,18,SFRU26,-0.33231481914378347,0.0,-0.25230024297244963,96,96
111,18,SFRZ26,0.05269680659243523,1.0,0.09570815877843963,96,96
112,18,SFRH27,6.726136182521527,15.0,0.48014901623421824,96,96
113,18,SFRM27,13.416110118883426,15.0,0.4418913863420607,96,96
114,19,SFRH26,-6.246100781964103,-120.0,-0.19653680800470255,96,96
115,19,SFRM26,0.36005833500050954,5.0,0.15006455076430866,96,96
116,19,SFRU26,-0.24019634538069656,-120.0,-0.11231773800271042,96,96
117,19,SFRZ26,-3.5274070181241557,-60.0,0.19557959432541883,96,96
118,19,SFRH27,-0.20590581555577303,-120.0,-0.13769682328852492,96,96
119,19,SFRM27,0.35738747338773197,5.0,0.09978540777968758,96,96
120,20,SFRH26,-2.464284655112569,-60.0,-0.1517116393001022,96,96
121,20,SFRM26,0.5190046152786078,-30.0,0.20030966217701185,96,96
122,20,SFRU26,2.1922913820601213,1.0,-0.19323508449051455,96,96
123,20,SFRZ26,0.5303788993180024,120.0,-0.10993965442837884,96,96
124,20,SFRH27,-0.018579393283426057,240.0,-0.15056309444440397,96,96
125,20,SFRM27,-0.46609524691355536,-240.0,-0.13601326048624965,96,96
126,21,SFRH26,13.796420021887696,120.0,-0.37822287422155537,96,96
127,21,SFRM26,-4.2391844873502755,-240.0,-0.32703178687811085,96,96
128,21,SFRU26,-0.25159507819875004,-1.0,-0.15322463632092814,96,96
129,21,SFRZ26,-0.3618205670845793,-5.0,-0.12398709169214145,96,96
130,21,SFRH27,-2.0575301717089673,-5.0,-0.15256250687964987,96,96
131,21,SFRM27,-0.833330588765533,-5.0,-0.13329569481641157,96,96
132,22,SFRH26,0.3482985703807307,1.0,-0.1485670322881867,96,96
133,22,SFRM26,0.5354102493521231,15.0,-0.15100554795511276,96,96
134,22,SFRU26,-0.5376293553225804,-240.0,-0.15587068842993196,96,96
135,22,SFRZ26,-0.2648458482159545,0.0,0.23373193827712957,96,96
136,22,SFRH27,-4.841051338679315,-5.0,-0.2767832197171504,96,96
137,22,SFRM27,-0.8932205919698823,1.0,0.2961614705593362,96,96
138,23,SFRH26,-4.574424183983712,-120.0,-0.28847128019320806,96,96
139,23,SFRM26,-6.566700523232867,-120.0,-0.5045639809742337,96,96
140,23,SFRU26,-1.6739050403891464,-5.0,-0.1556911981007892,96,96
141,23,SFRZ26,-0.022830175119400622,1.0,0.22926515019843713,96,96
142,23,SFRH27,-1.945055411382137,-5.0,-0.20913744941551143,96,96
143,23,SFRM27,-2.1745848046787883,-5.0,-0.2268174149248618,96,96
144,24,SFRH26,-0.14129338565470972,-15.0,0.07790739150476698,96,96
145,24,SFRM26,0.013680037084313902,60.0,-0.0709473656543439,96,96
146,24,SFRU26,2.1172401771908227,5.0,-0.2267994815040943,96,96
147,24,SFRZ26,-5.479645208313489,-15.0,0.2812943969700228,96,96
148,24,SFRH27,1.4958605116466555,5.0,0.29398974647863996,96,96
149,24,SFRM27,-1.4480831784434085,-30.0,0.23417658577719036,96,96
150,25,SFRH26,1.3356002024871751,5.0,-0.21757003278280856,96,96
151,25,SFRM26,-0.10662961645845598,0.0,-0.24281093765603232,96,96
152,25,SFRU26,-0.08573834810032584,-30.0,0.1088201903446194,96,96
153,25,SFRZ26,-9.597022663052433,-120.0,-0.4149142951233004,96,96
154,25,SFRH27,-6.367011568191379,-1.0,0.3179510721112687,96,96
155,25,SFRM27,0.13314999145802345,30.0,0.21895658332987963,96,96
156,26,SFRH26,-0.08274362286142625,-15.0,0.19612359073574182,96,96
157,26,SFRM26,7.508978384764926,15.0,0.3504225970814428,96,96
158,26,SFRU26,0.4032549224575152,240.0,-0.17864514386520225,96,96
159,26,SFRZ26,0.44365084285788564,60.0,-0.22839906509692318,96,96
160,26,SFRH27,-0.5722639778484522,-5.0,-0.19500910735139826,96,96
161,26,SFRM27,-0.5703240614010863,-1.0,-0.24915389600582538,96,96
162,27,SFRH26,-6.132459899167567,-120.0,-0.3570755487853212,96,96
163,27,SFRM26,-4.272194299947453,-30.0,0.293362265479664,96,96
164,27,SFRU26,3.26858765351901,1.0,-0.27127253024596765,96,96
165,27,SFRZ26,-0.8576496841955213,-1.0,-0.2660607291104447,96,96
166,27,SFRH27,-0.20139186670918227,-30.0,-0.3023992731391712,96,96
167,27,SFRM27,-0.954605509377422,-30.0,-0.17321728140028117,96,96
168,28,SFRH26,4.43749578989216,30.0,0.12462885881223504,96,96
169,28,SFRM26,-5.932201086503435,-30.0,-0.35616947157685347,96,96
170,28,SFRU26,0.2271211718458098,1.0,-0.23084690454374987,96,96
171,28,SFRZ26,-1.7178592959250716,-60.0,0.19553407858310612,96,96
172,28,SFRH27,-0.28235250563205494,-1.0,-0.20076970013891218,96,96
173,28,SFRM27,0.031200024643074295,120.0,-0.19723666118276065,96,96
174,29,SFRH26,0.10278294643263515,30.0,-0.08575186748916705,96,96
175,29,SFRM26,-39.33700336422004,-1.0,0.35052585790796054,96,96
176,29,SFRU26,-8.284004819131848,-1.0,0.42655442211886274,96,96
177,29,SFRZ26,-4.7027618149084525,-1.0,0.28212068462345663,96,96
178,29,SFRH27,-3.6287654006871994,-1.0,0.3471462616121896,96,96
179,29,SFRM27,-3.4438313090049038,-1.0,0.22248828351828787,96,96
180,30,SFRH26,1.5229468023556225,120.0,0.17117955549246267,96,96
181,30,SFRM26,-5.325850581592921,-120.0,-0.1803273292304315,96,96
182,30,SFRU26,0.6280351884513126,15.0,-0.1936613218198893,96,96
183,30,SFRZ26,2.1647154312452948,5.0,-0.15599947047291662,96,96
184,30,SFRH27,0.5841213495513845,1.0,0.3859343903238689,96,96
185,30,SFRM27,-0.2666261772107973,5.0,-0.18043593438535607,96,96
186,31,SFRH26,11.405817759647977,1.0,0.38650209909076544,96,96
187,31,SFRM26,-9.177757102277026,-60.0,-0.32867457936519745,96,96
188,31,SFRU26,-1.1598446969804503,-240.0,-0.2139235844833167,96,96
189,31,SFRZ26,-0.6089358945065148,-60.0,0.16598226834914728,96,96
190,31,SFRH27,0.6980801138711602,1.0,-0.24726313493477795,96,96
191,31,SFRM27,-1.9572478700707379,-60.0,0.30226567789281705,96,96
192,32,SFRH26,-57.75298691858741,-60.0,0.2706035047134485,96,96
193,32,SFRM26,0.6942120460606396,1.0,-0.12130773279338304,96,96
194,32,SFRU26,-0.7990518237939132,-120.0,-0.20596552443403707,96,96
195,32,SFRZ26,14.278477679592916,5.0,0.3502516509465665,96,96
196,32,SFRH27,4.208820564426309,15.0,-0.2927422046451457,96,96
197,32,SFRM27,1.4282108139776326,120.0,-0.13863590482399937,96,96
198,33,SFRH26,0.6785054146822,1.0,-0.18671570742815694,96,96
199,33,SFRM26,2.481620878037729,60.0,0.15837405896883933,96,96
200,33,SFRU26,0.8884691779258584,30.0,-0.37778535803830565,96,96
201,33,SFRZ26,-1.7738367826936876,-60.0,-0.21509881042995654,96,96
202,33,SFRH27,0.8229303084712883,1.0,0.2474758474065517,96,96
203,33,SFRM27,-0.08910228991139864,-120.0,-0.1674482520851115,96,96
204,34,SFRH26,5.379184176038356,15.0,-0.2245120293412724,96,96
205,34,SFRM26,-2.660773921963205,-30.0,0.330600451147699,96,96
206,34,SFRU26,-0.34550137644870726,-1.0,-0.13918813068019933,96,96
207,34,SFRZ26,-1.3542691041402466,-5.0,-0.20290496227184054,96,96
208,34,SFRH27,0.32690715559904354,60.0,-0.11255461034942499,96,96
209,34,SFRM27,3.7042509353859154,30.0,-0.22860289128908953,96,96
210,35,SFRH26,0.49007340311962366,240.0,-0.09905765135448334,96,96
211,35,SFRM26,3.3483802842477255,120.0,0.33143723922896556,96,96
212,35,SFRU26,0.21755692382254957,15.0,0.11119679466369173,96,96
213,35,SFRZ26,0.38493334716210753,120.0,0.1405048518797997,96,96
214,35,SFRH27,0.7245541163291848,1.0,-0.2858406346763406,96,96
215,35,SFRM27,0.14662660121248383,1.0,-0.2178491685590947,96,96
216,36,SFRH26,-1.2721744883127777,-1.0,-0.36738137700567836,96,96
217,36,SFRM26,-4.106777770535009,-1.0,-0.3929438806694109,96,96
218,36,SFRU26,6.3763942131301485,15.0,-0.39548708914199965,96,96
219,36,SFRZ26,-3.8950940233930136,-1.0,-0.3073954600111352,96,96
220,36,SFRH27,-21.049354458714294,-1.0,-0.35071765910463115,96,96
221,36,SFRM27,-3.040899992246233,-1.0,-0.2546434019671763,96,96
222,37,SFRH26,-2.3230703468836147,-1.0,-0.20398469206496792,96,96
223,37,SFRM26,-1.4398858725258523,30.0,0.24262840726122206,96,96
224,37,SFRU26,-531.6099825762552,-120.0,0.8467459213598865,96,96
225,37,SFRZ26,0.047083655467187416,0.0,0.08629779393876784,96,96
226,37,SFRH27,-1.824728429052719,-15.0,-0.15012449108283304,96,96
227,37,SFRM27,-1.1022536090342103,-1.0,-0.1350711010867591,96,96
228,38,SFRH26,-3.5180421921097245,-1.0,-0.35306829963808434,96,96
229,38,SFRM26,0.06298920102653528,15.0,0.21020677437653734,96,96
230,38,SFRU26,0.252904089054566,-120.0,-0.14238212817918863,96,96
231,38,SFRZ26,-1.6026312419341346,-1.0,-0.2632826262147945,96,96
232,38,SFRH27,0.08222735169313371,1.0,-0.29645008267889866,96,96
233,38,SFRM27,-2.8907381181429925,-1.0,-0.21836797286551318,96,96
234,39,SFRH26,-75.10423017296893,-1.0,-0.6492478641943757,96,96
235,39,SFRM26,-2.5132293681967837,-15.0,-0.12556559249166463,96,96
236,39,SFRU26,-3.3937125573669653,-60.0,-0.3967867030946786,96,96
237,39,SFRZ26,-0.7828711569171624,-60.0,-0.19481264951163743,96,96
238,39,SFRH27,-0.9970062113015904,-60.0,-0.2068640284594833,96,96
239,39,SFRM27,-1.8868028999129562,-30.0,0.2058625823552474,96,96
240,40,SFRH26,-1.7403905740121037,-60.0,-0.16215794640893222,96,96
241,40,SFRM26,0.7343285615916423,15.0,0.3026413737375725,96,96
242,40,SFRU26,-1.1560415444966217,-240.0,0.22461106448031856,96,96
243,40,SFRZ26,-1.334487315062249,-1.0,0.1445970168675396,96,96
244,40,SFRH27,0.11452159819142547,15.0,-0.1240079361991709,96,96
245,40,SFRM27,-3.466259685511516,-120.0,0.14625594729365018,96,96
246,41,SFRH26,-1.32746357601569,-1.0,0.28455887668926394,96,96
247,41,SFRM26,-15.15957995562331,-1.0,-0.4976733506349691,96,96
248,41,SFRU26,-5.308434187320485,-5.0,-0.27162658957646957,96,96
249,41,SFRZ26,-20.996537890243378,-15.0,0.36255548993474296,96,96
250,41,SFRH27,-13.321264192501431,-30.0,0.38657982323517154,96,96
251,41,SFRM27,-0.9614630201966439,-30.0,0.3350314761614463,96,96
252,42,SFRH26,0.3378151798298983,1.0,0.1335508000172513,96,96
253,42,SFRM26,-0.07405119957003342,60.0,-0.15895388195059626,96,96
254,42,SFRU26,-2.805628406963883,-60.0,0.2420855585541727,96,96
255,42,SFRZ26,-1.1727611678011631,-120.0,-0.22080927582064808,96,96
256,42,SFRH27,-2.6829373791757853,-1.0,0.21153749101245364,96,96
257,42,SFRM27,-0.40677245566585507,120.0,0.23229004912596762,96,96
258,43,SFRH26,-0.05684399069477148,-60.0,-0.13873353894302803,96,96
259,43,SFRM26,-1.6107607322001716,-60.0,-0.20185338992595286,96,96
260,43,SFRU26,0.16873060272807025,0.0,-0.26738876627706215,96,96
261,43,SFRZ26,0.9548525264869773,15.0,0.22875620221585452,96,96
262,43,SFRH27,5.863532773294467,1.0,0.21223577367397792,96,96
263,43,SFRM27,1.2334549225494937,15.0,0.21869519383374528,96,96
264,44,SFRH26,-0.013058794108458952,-15.0,-0.1925388903178422,96,96
265,44,SFRM26,20.980524750586554,5.0,-0.2004136037093668,96,96
266,44,SFRU26,-0.08369214329965124,1.0,0.19059286861202304,96,96
267,44,SFRZ26,-4.064504594632254,-1.0,-0.21230594533930047,96,96
268,44,SFRH27,-0.6289784298966532,-240.0,0.1750312148881359,96,96
269,44,SFRM27,-5.750161453856642,-240.0,0.27496463340509153,96,96
270,45,SFRM26,-0.05677318814251891,-1.0,-0.2450270769782014,96,96
271,45,SFRU26,0.13233645926314366,0.0,-0.11866059198984172,96,96
272,45,SFRZ26,0.3190840331816911,120.0,0.12114628932796996,96,96
273,45,SFRH27,1.3931141567097522,5.0,0.2320556047165148,96,96
274,45,SFRM27,-0.5382860651485808,0.0,-0.2472622200688217,96,96
275,45,SFRU27,-0.740329856210459,-5.0,0.17834052364621714,96,96
276,46,SFRM26,-0.05939843485670217,-1.0,-0.10826160724740276,96,96
277,46,SFRU26,0.1317061952180286,5.0,0.3489566511335846,96,96
278,46,SFRZ26,-0.2911417077632158,5.0,0.29346613489329243,96,96
279,46,SFRH27,-2.8078640609245817,-1.0,-0.26799848857813735,96,96
280,46,SFRM27,-0.06119011997171295,-240.0,0.24482021019797826,96,96
281,46,SFRU27,-0.018630766538563787,-240.0,0.1341705124931546,96,96
282,47,SFRM26,-3.0521126155649068,-15.0,-0.3526651998240797,96,96
283,47,SFRU26,2.317545688460513,60.0,-0.2083226801678809,96,96
284,47,SFRZ26,2.6866966149727443,60.0,-0.2388493717628583,96,96
285,47,SFRH27,-0.1933210988325279,-30.0,0.16363612635166375,96,96
286,47,SFRM27,-2.6656229441628616,-30.0,0.34735142975057337,96,96
287,47,SFRU27,-0.5217728984519057,-30.0,0.29328220752503786,96,96
288,48,SFRM26,-7.59017116428143,-1.0,-0.3860005376156072,96,96
289,48,SFRU26,-0.4444653643202237,-1.0,-0.2064026425880104,96,96
290,48,SFRZ26,0.5282979224530172,-1.0,-0.28270996465216947,96,96
291,48,SFRH27,3.033056265177716,1.0,-0.25097924982573167,96,96
292,48,SFRM27,1.2738537594604116,30.0,-0.21766455014452257,96,96
293,48,SFRU27,-0.099592386849063,-1.0,-0.1626437799789523,96,96
294,49,SFRM26,0.41489588056537036,30.0,-0.25861077111470393,96,96
295,49,SFRU26,1.0497315140444556,30.0,0.313564965763771,96,96
296,49,SFRZ26,-110.38912805707731,-60.0,-0.47215802939588086,96,96
297,49,SFRH27,-1.2394745438919543,-60.0,-0.3161369854168217,96,96
298,49,SFRM27,-0.06401540418034556,15.0,-0.1219253608882168,96,96
299,49,SFRU27,-4.538632379581145,-60.0,0.26873926160352685,96,96
300,50,SFRM26,0.3900131628083835,240.0,0.18721825005537598,96,96
301,50,SFRU26,0.2015986391560281,30.0,0.1526743057383806,96,96
302,50,SFRZ26,-0.03500337887319767,-15.0,-0.17014271537970777,96,96
303,50,SFRH27,-1.171900609138457,-15.0,-0.2054011907649731,96,96
304,50,SFRM27,-0.5248146075227547,-5.0,0.20123004306722517,96,96
305,50,SFRU27,-0.08189216673669936,240.0,0.16010772788924382,96,96
306,51,SFRM26,-0.12224256988622556,-5.0,-0.27473932276511204,96,96
307,51,SFRU26,-0.2138503248270405,-5.0,-0.2345066781304413,96,96
308,51,SFRZ26,-0.3446536170533598,15.0,-0.13749048543301565,96,96
309,51,SFRH27,-0.004036128540599098,-5.0,-0.17989930037678672,96,96
310,51,SFRM27,-29.760441245160038,-1.0,-0.4532662164399555,96,96
311,51,SFRU27,-0.26360493761099163,0.0,0.2618376403822056,96,96
312,52,SFRM26,1.3811731624177679,30.0,0.2756355885117821,96,96
313,52,SFRU26,-0.17820145538025955,-15.0,-0.2576892008292812,96,96
314,52,SFRZ26,-0.493400858777869,-15.0,-0.1318560310755643,96,96
315,52,SFRH27,0.2045123525449076,-15.0,-0.19659876391487188,96,96
316,52,SFRM27,-2.0546217333072496,-15.0,-0.279602603767901,96,96
317,52,SFRU27,-0.04090280662479292,-30.0,0.15428382090863413,96,96
318,53,SFRM26,-4.1087966169266465,-30.0,-0.21366598475302903,96,96
319,53,SFRU26,-6.108482475245009,-30.0,-0.2627193629210288,96,96
320,53,SFRZ26,-2.9782875170789227,-30.0,-0.32523377521534635,96,96
321,53,SFRH27,-0.04823425410781231,-30.0,-0.1555983014599214,96,96
322,53,SFRM27,0.5799908142683851,60.0,-0.13367808542093007,96,96
323,53,SFRU27,0.1979499545636771,60.0,-0.11977823414717007,96,96
324,54,SFRM26,0.7843773995451175,1.0,-0.1928305850468345,96,96
325,54,SFRU26,0.29737067007131573,30.0,0.28849839972181596,96,96
326,54,SFRZ26,0.03902257871608869,-15.0,0.17948073862369832,96,96
327,54,SFRH27,-11.814490581343923,-60.0,-0.247451693215828,96,96
328,54,SFRM27,-4.381359444033641,-5.0,-0.23240990705844414,96,96
329,54,SFRU27,-2.8515463223806776,-1.0,-0.27787787252346846,96,96
330,55,SFRM26,-20.825351308513614,-30.0,-0.4151634340226163,96,96
331,55,SFRU26,-7.098589945831364,-120.0,0.41867480645052446,96,96
332,55,SFRZ26,1.2885012518535346,1.0,-0.27756543708619363,96,96
333,55,SFRH27,2.0994715046408245,1.0,-0.2939886111462639,96,96
334,55,SFRM27,0.9239681354723227,1.0,-0.2549951442261272,96,96
335,55,SFRU27,0.7635966426616055,1.0,-0.2836371367642038,96,96
336,56,SFRM26,-0.18222478683766968,5.0,-0.2598476815876337,96,96
337,56,SFRU26,-6.734110792613421,-1.0,-0.2614254945402253,96,96
338,56,SFRZ26,-2.1285296303611108,-5.0,-0.1844622486282924,96,96
339,56,SFRH27,-9.273379336949855,-15.0,0.24561995394924052,96,96
340,56,SFRM27,-15.796186931616589,-60.0,-0.29493960047849666,96,96
341,56,SFRU27,-0.5830965533313207,30.0,-0.1698762276064709,96,96
342,57,SFRM26,-4.359350609576104,-240.0,-0.22157333060970616,96,39
343,57,SFRU26,-1.602344087730693,-240.0,-0.16348987645811036,96,39
344,57,SFRZ26,-1.2167742312387548,-240.0,-0.12645224339808447,96,39
345,57,SFRH27,0.7704988615341515,1.0,-0.25026818884190133,96,39
346,57,SFRM27,-0.23151728212967787,-240.0,-0.15807165662035835,96,39
347,57,SFRU27,-0.629865599750575,-240.0,-0.3719757883676045,96,39
348,58,SFRM26,-74.33916871337456,-30.0,-0.3861266347040274,96,95
349,58,SFRU26,-2.3084949306270204,-120.0,0.3238206695129529,96,95
350,58,SFRZ26,-17.794117794921593,-120.0,0.38363183716183086,96,95
351,58,SFRH27,-0.1145548240625091,-120.0,0.16391224254943967,96,95
352,58,SFRM27,-0.2238373487743936,-60.0,0.17112112370497143,96,95
353,58,SFRU27,0.9870085698858643,1.0,-0.23538829770897485,96,95
354,59,SFRM26,-5.927210504116721,-120.0,-0.43349132392286277,96,96
355,59,SFRU26,0.18331330526029718,120.0,-0.18478813761026666,96,96
356,59,SFRZ26,0.07843167447955171,30.0,-0.10392621951439265,96,96
357,59,SFRH27,0.01381405143181,-15.0,-0.11069396894728376,96,96
358,59,SFRM27,0.2735422069039969,30.0,0.16444528645339176,96,96
359,59,SFRU27,-0.0846901550672713,30.0,0.20805967440222642,96,96
360,60,SFRM26,0.9637521153693822,1.0,0.1197338902881301,96,96
361,60,SFRU26,-1.3491513478615365,-1.0,-0.18092320082376043,96,96
362,60,SFRZ26,-0.14729900932605428,-1.0,-0.11874832207680654,96,96
363,60,SFRH27,0.8626200751376715,1.0,0.2601797621322677,96,96
364,60,SFRM27,0.687330635896787,1.0,0.27362683601210497,96,96
365,60,SFRU27,1.5894504258704176,30.0,-0.19121057555540835,96,96
366,61,SFRM26,-6.969572099916035,-60.0,0.3965952461143418,96,96
367,61,SFRU26,-4.53271106435982,-1.0,-0.2851190129934995,96,96
368,61,SFRZ26,-10.353870457927464,-1.0,-0.354177341366374,96,96
369,61,SFRH27,-2.7474799090122506,-1.0,-0.3417852280681218,96,96
370,61,SFRM27,-0.005790845901733171,0.0,-0.26825943131201935,96,96
371,61,SFRU27,1.3431057912123447,15.0,-0.20105995917385086,96,96
372,62,SFRM26,0.5473568414809766,0.0,0.19411345800761504,96,96
373,62,SFRU26,2.484505206592246,5.0,-0.3157385193899084,96,96
374,62,SFRZ26,2.8707246162145887,5.0,-0.33832510537972876,96,96
375,62,SFRH27,-0.8065563830150886,-1.0,-0.2284500587297269,96,96
376,62,SFRM27,2.7149459275361556,5.0,0.30962885037815047,96,96
377,62,SFRU27,0.26447895056550574,-5.0,0.26394379572307497,96,96
378,63,SFRM26,-3.7500337909445327,-60.0,-0.30634699109665575,96,96
379,63,SFRU26,-0.6043062733785697,-30.0,-0.20542736092931208,96,96
380,63,SFRZ26,1.9812645427483746,5.0,-0.23379127659514312,96,96
381,63,SFRH27,0.26517516292298804,5.0,-0.22479096251629951,96,96
382,63,SFRM27,21.897525822516506,1.0,-0.4522519061562918,96,96
383,63,SFRU27,0.656532409716885,-1.0,0.26520868451647406,96,96
384,64,SFRM26,-0.04202029326262306,1.0,-0.1770194061977748,96,96
385,64,SFRU26,-0.18378303849118346,-5.0,0.32232221405703504,96,96
386,64,SFRZ26,0.9876847283888424,1.0,-0.26443144716857947,96,96
387,64,SFRH27,-26.966982475160528,-1.0,-0.43178419834127485,96,96
388,64,SFRM27,-0.8685570174467563,-1.0,0.18653170817781928,96,96
389,64,SFRU27,-0.02306693610682205,15.0,-0.20730107370318684,96,96
390,65,SFRM26,-1.4554501085213138,-15.0,0.6476606964968685,96,96
391,65,SFRU26,0.4359005216899676,120.0,-0.14163866469736186,96,96
392,65,SFRZ26,-2.2131022385068397,-60.0,-0.255089716511997,96,96
393,65,SFRH27,-0.11704496567943432,60.0,-0.17760822838664922,96,96
394,65,SFRM27,0.4393355075678368,5.0,0.14479959033325634,96,96
395,65,SFRU27,-0.42003465802238715,-15.0,-0.14103498770423956,96,96
396,66,SFRM26,-2.5178752634538295,-240.0,-0.26793704793555206,96,96
397,66,SFRU26,-1.6964400546156535,-120.0,0.24505689997689906,96,96
398,66,SFRZ26,1.5952294474503181,30.0,0.20460180379913506,96,96
399,66,SFRH27,18.24587535084504,30.0,0.3563855641606292,96,96
400,66,SFRM27,-1.5198396471453184,-30.0,0.23224928220571917,96,96
401,66,SFRU27,-1.2910813531789587,-60.0,0.23240540673257384,96,96
402,67,SFRM26,-0.2577930592904985,15.0,-0.3259111473050943,96,96
403,67,SFRU26,-2.7010459230514328,-1.0,-0.35471018792149345,96,96
404,67,SFRZ26,-9.125009668552973,-1.0,-0.4777685909218827,96,96
405,67,SFRH27,-0.11654281898447137,-60.0,0.2198470120087012,96,96
406,67,SFRM27,0.15881521878965182,5.0,0.1949943560019288,96,96
407,67,SFRU27,0.4620399198250264,0.0,-0.17556375372829536,96,96
408,68,SFRM26,-0.8686304313234827,-1.0,-0.16396749618263728,96,96
409,68,SFRU26,-2.0427554955749585,-1.0,-0.25497060067136024,96,96
410,68,SFRZ26,0.7601349153118647,1.0,-0.4253934116129982,96,96
411,68,SFRH27,-0.20029203675686594,1.0,-0.32079609920029484,96,96
412,68,SFRM27,-0.8630953801472157,-1.0,-0.2618699776307874,96,96
413,68,SFRU27,-0.12328606037973873,-1.0,-0.2012639244706128,96,96
414,69,SFRM26,5.253050275442977,1.0,-0.2538284579169624,96,96
415,69,SFRU26,1.435683615506315,15.0,0.3005658152327213,96,96
416,69,SFRZ26,1.211273085965665,60.0,-0.22747391795133623,96,96
417,69,SFRH27,18.726929052120813,240.0,0.3535042303164432,96,96
418,69,SFRM27,9.793233316094256,240.0,0.2081970911011545,96,96
419,69,SFRU27,0.46328878052482947,240.0,0.13399907661307583,96,96
420,70,SFRM26,-0.30855367140189094,-60.0,0.1585133633424709,96,96
421,70,SFRU26,1.336756665744663,-60.0,0.3308448055381528,96,96
422,70,SFRZ26,-1.1778702747640732,-30.0,0.21760832621027237,96,96
423,70,SFRH27,-2.6536248524129777,-240.0,0.19339689088359788,96,96
424,70,SFRM27,-1.4131904915679498,-240.0,0.2863058495138172,96,96
425,70,SFRU27,-0.38580373401279655,-240.0,0.30780311351704653,96,96
426,71,SFRM26,0.7246054648050354,5.0,-0.19665158360923923,96,96
427,71,SFRU26,4.05159158391567,60.0,0.23365956420402972,96,96
428,71,SFRZ26,1.5080397541781203,240.0,0.19765087651231575,96,96
429,71,SFRH27,-0.09211603133922766,120.0,-0.2853720829917246,96,96
430,71,SFRM27,-0.32600656983694837,-30.0,0.24593028527693434,96,96
431,71,SFRU27,-1.931113996339484,-30.0,0.24470765263619573,96,96
432,72,SFRM26,-3.0952153123112223,-60.0,-0.2627612656672663,96,96
433,72,SFRU26,2.6589694289764,1.0,-0.27477253579557387,96,96
434,72,SFRZ26,5.372140259302317,1.0,-0.4629990618152109,96,96
435,72,SFRH27,6.839631319427285,1.0,-0.39677716105195965,96,96
436,72,SFRM27,-0.2047499752262767,15.0,-0.1474349832561209,96,96
437,72,SFRU27,-1.3708283770666854,-240.0,-0.16570796775855923,96,96
438,73,SFRM26,-15.29173151149445,-240.0,-0.3062389825509255,96,96
439,73,SFRU26,-0.13461552719526745,-5.0,-0.16218438912730956,96,96
440,73,SFRZ26,-0.06370843134905592,60.0,0.0795558530001151,96,96
441,73,SFRH27,-0.19256313919000495,0.0,-0.23155956986124018,96,96
442,73,SFRM27,-0.3446092856160258,-240.0,0.13405706659594468,96,96
443,73,SFRU27,-0.6552712415453111,-30.0,0.10408591896568706,96,96
444,74,SFRM26,-11.329292768739391,-120.0,-0.5468931163554802,96,96
445,74,SFRU26,-0.7906529060140656,-1.0,0.21233562419647029,96,96
446,74,SFRZ26,-0.3968958325318495,-1.0,0.20000970707574559,96,96
447,74,SFRH27,-0.9964640114347003,-30.0,-0.2743947341759339,96,96
448,74,SFRM27,1.1177721822764155,1.0,-0.38615493476204726,96,96
449,74,SFRU27,-0.10950699504624732,15.0,-0.18995687198917985,96,96
450,75,SFRM26,0.07973046857329319,0.0,-0.1385805956041189,96,96
451,75,SFRU26,1.7026564335410888,1.0,-0.16167995168111127,96,96
452,75,SFRZ26,-6.404200266877036,-240.0,-0.23480493427663554,96,96
453,75,SFRH27,0.3432448042029196,240.0,0.2457111748004791,96,96
454,75,SFRM27,9.198449614564078,240.0,0.47765078575598413,96,96
455,75,SFRU27,0.7076920210426362,240.0,0.30586786649661873,96,96
456,76,SFRM26,-0.2623663305120025,-15.0,-0.1895894459009521,96,96
457,76,SFRU26,-2.195143199934577,-60.0,-0.21144014937243163,96,96
458,76,SFRZ26,-0.08553284713256189,-30.0,-0.28914323439095985,96,96
459,76,SFRH27,0.5057627259641689,15.0,0.2730037278102709,96,96
460,76,SFRM27,0.03818893733577663,240.0,0.08495130950892668,96,96
461,76,SFRU27,2.0075971595854187,120.0,-0.20082282375646532,96,96
462,77,SFRM26,2.782904678330292,15.0,-0.23202442776835805,96,96
463,77,SFRU26,0.09032848248051266,5.0,0.1495927530218189,96,96
464,77,SFRZ26,-0.6855555739305025,-120.0,-0.17955097478852944,96,96
465,77,SFRH27,-1.0630284690271843,-120.0,-0.22981912327059237,96,96
466,77,SFRM27,-0.8456840624080453,-120.0,-0.252071635735637,96,96
467,77,SFRU27,-0.6083975971566474,-120.0,-0.22775390124364395,96,96
468,78,SFRM26,-2.7807356172127955,-5.0,0.23373305614056503,96,96
469,78,SFRU26,0.20492216845797634,5.0,-0.14103399333221842,96,96
470,78,SFRZ26,-0.8686743031734642,-120.0,-0.2128077152892528,96,96
471,78,SFRH27,-0.22174113452802371,-30.0,0.1791967233878888,96,96
472,78,SFRM27,-4.52966021690909,-5.0,-0.2856254399779131,96,96
473,78,SFRU27,0.05883101832975384,5.0,-0.18752192360509906,96,96
474,79,SFRM26,-0.307040885118408,-1.0,0.18377862413221976,96,96
475,79,SFRU26,-0.5764763902461867,1.0,-0.13717551524372848,96,96
476,79,SFRZ26,-0.756127194579664,-120.0,-0.28385548181024334,96,96
477,79,SFRH27,-87.66694586660377,-5.0,0.38118587097131323,96,96
478,79,SFRM27,-7.033686978831254,-60.0,0.27652411771174373,96,96
479,79,SFRU27,-4.894750683346587,-60.0,0.3095790986142048,96,96
480,80,SFRM26,1.2181394181129612,30.0,0.17605435886395793,96,96
481,80,SFRU26,-0.75849957562407,-30.0,-0.1616700721159061,96,96
482,80,SFRZ26,-1.2183983399487681,-240.0,-0.15866759342702952,96,96
483,80,SFRH27,-2.723056365452968,-1.0,-0.22093593927641086,96,96
484,80,SFRM27,-0.7660475854936493,-30.0,-0.28544522348972673,96,96
485,80,SFRU27,-1.0188682894632708,-120.0,-0.22391012041779867,96,96
486,81,SFRM26,-1.3604733321023563,-60.0,-0.2630597747441593,96,96
487,81,SFRU26,-2.4301477590669665,-120.0,-0.22707172769404244,96,96
488,81,SFRZ26,2.077240448946461,1.0,-0.21355415118693782,96,96
489,81,SFRH27,-0.1927731647943158,-240.0,-0.14526092126705384,96,96
490,81,SFRM27,5.051786672771327,120.0,0.3070102146257968,96,96
491,81,SFRU27,-3.17060950916297,-15.0,0.4141320032876152,96,96
492,82,SFRM26,0.0029750429907088646,30.0,-0.03125170435015647,96,96
493,82,SFRU26,-0.18866891776518888,-5.0,-0.0704674379384873,96,96
494,82,SFRZ26,-2.5014503435924387,-5.0,-0.11068093283852104,96,96
495,82,SFRH27,-1.0079624432454422,15.0,-0.38008850089769086,96,96
496,82,SFRM27,-21.830606189418162,-5.0,-0.613677551944273,96,96
497,82,SFRU27,-0.7586390915121013,-5.0,-0.2032774380405277,96,96
498,83,SFRM26,12.607341312369643,240.0,-0.20569357516369277,96,96
499,83,SFRU26,0.010598743508484354,60.0,-0.11517811035065267,96,96
500,83,SFRZ26,1.0954588064576816,0.0,0.43495099262964687,96,96
501,83,SFRH27,-4.772650067138104,-1.0,-0.2586896928287708,96,96
502,83,SFRM27,-11.21499969004565,-1.0,-0.2550593487079905,96,96
503,83,SFRU27,0.3212876833606891,240.0,0.18723489917833083,96,96
504,84,SFRM26,-6.590054362627933,-30.0,0.6741377026785876,96,96
505,84,SFRU26,-17.307493625925567,-15.0,-0.30881354568208846,96,96
506,84,SFRZ26,1.068497362258357,1.0,-0.34017416688434066,96,96
507,84,SFRH27,2.9058603614215577,1.0,-0.5497899666646824,96,96
508,84,SFRM27,-3.4234735278039,-1.0,-0.5393896135668013,96,96
509,84,SFRU27,12.53463404034711,30.0,-0.37519409442825824,96,96
510,85,SFRM26,-0.3008383791929837,-15.0,0.04523212313505916,96,96
511,85,SFRU26,-0.982550421782736,-60.0,-0.1963699277614894,96,96
512,85,SFRZ26,-1.918654045364699,-5.0,0.26615783092020445,96,96
513,85,SFRH27,-4.251357280732888,-30.0,-0.25067641878682945,96,96
514,85,SFRM27,-2.837330541730407,-1.0,0.3371051787268835,96,96
515,85,SFRU27,0.10037737209901813,30.0,0.12357081327725815,96,96
516,86,SFRM26,0.3966899784013659,120.0,0.09923856694938624,96,96
517,86,SFRU26,0.20952859487548275,-5.0,-0.1734670848312685,96,96
518,86,SFRZ26,-0.019366556974051617,120.0,0.1504514075253743,96,96
519,86,SFRH27,0.05944981333005458,15.0,-0.0998662251982173,96,96
520,86,SFRM27,-0.9281494358263652,-5.0,-0.15251972058002825,96,96
521,86,SFRU27,0.3379864884112306,1.0,0.21298642578937188,96,96
522,87,SFRM26,6.331602133961831,30.0,-0.3432936883861502,96,96
523,87,SFRU26,-0.3518716538056463,-5.0,-0.16211267361235446,96,96
524,87,SFRZ26,-13.217910416521377,-5.0,-0.334620009899869,96,96
525,87,SFRH27,-0.954416126839691,-1.0,-0.20104262037849766,96,96
526,87,SFRM27,-0.7082595523865911,-5.0,-0.1803461493049028,96,96
527,87,SFRU27,-0.3934655641208874,-1.0,-0.17144711777556132,96,96
528,88,SFRM26,-0.6096141748519495,-120.0,0.1956432842689371,96,96
529,88,SFRU26,-5.304059380380304,-15.0,-0.28622744626365026,96,96
530,88,SFRZ26,-0.028170699559868888,-240.0,0.09858355818711935,96,96
531,88,SFRH27,-0.46409994228888735,-240.0,0.11261677614138378,96,96
532,88,SFRM27,-0.07910521942512967,-240.0,0.15947285363513744,96,96
533,88,SFRU27,0.019278634099595737,60.0,-0.1600485045343292,96,96
534,89,SFRM26,0.5385018023660257,60.0,0.23284931160105254,96,96
535,89,SFRU26,0.43179359473266155,15.0,-0.26340152949268897,96,96
536,89,SFRZ26,0.062218371680488195,15.0,-0.1398024417541602,96,96
537,89,SFRH27,-0.06722866636893927,-30.0,-0.2337313998149968,96,96
538,89,SFRM27,-0.0795013061033131,-1.0,0.20537155253049474,96,96
539,89,SFRU27,0.6265971705756012,60.0,0.26143706459072463,96,96
540,90,SFRM26,4.102267280287331,30.0,0.40054142397287373,96,96
541,90,SFRU26,0.7430876090437349,30.0,-0.24327372399463879,96,96
542,90,SFRZ26,-1.098861988646827,-240.0,0.11843642382729844,96,96
543,90,SFRH27,1.3069418076141321,60.0,0.16712800212868859,96,96
544,90,SFRM27,0.7425000979672411,15.0,0.15530938514424963,96,96
545,90,SFRU27,2.744409709538428,5.0,-0.20255837696260856,96,96
546,91,SFRM26,-0.5880064763948678,-1.0,0.17898485568078065,96,96
547,91,SFRU26,-0.5961442861007293,-120.0,0.16879929640013083,96,96
548,91,SFRZ26,1.9333243623391434,240.0,0.29072120774540194,96,96
549,91,SFRH27,5.884710193661931,1.0,-0.4780556485529446,96,96
550,91,SFRM27,-0.534401622286909,-1.0,0.16008026394841288,96,96
551,91,SFRU27,-0.008144511167639736,-60.0,-0.1633079755546189,96,96
552,92,SFRM26,0.9300831487421298,60.0,-0.3710692176477194,96,96
553,92,SFRU26,0.5978544130340341,30.0,-0.2453304784507722,96,96
554,92,SFRZ26,0.33464776013512754,30.0,-0.1366521429896925,96,96
555,92,SFRH27,0.4589101442815034,5.0,-0.15661190359668686,96,96
556,92,SFRM27,-3.66181965970412,-1.0,0.5779398953909864,96,96
557,92,SFRU27,-4.254987204402178,-1.0,0.5625192401064741,96,96
558,93,SFRM26,1.76821233958382,1.0,0.6942101125868643,96,96
559,93,SFRU26,0.5646969187041163,60.0,-0.12475791221889507,96,96
560,93,SFRZ26,-0.19974888660121162,-15.0,0.20046595096013192,96,96
561,93,SFRH27,-0.12487324549031248,-60.0,0.14297719349312787,96,96
562,93,SFRM27,12.782631841934675,5.0,-0.33988899991757854,96,96
563,93,SFRU27,0.3482016165815041,0.0,0.1590383051504212,96,96
564,94,SFRM26,3.3115009222929723,60.0,-0.11935684518687228,96,96
565,94,SFRU26,0.3130343144743683,15.0,-0.13806011997194603,96,96
566,94,SFRZ26,-2.8834586852107327,-1.0,-0.27090716126109415,96,96
567,94,SFRH27,-0.6631091153955595,-1.0,-0.25993367204935564,96,96
568,94,SFRM27,0.1792555443254254,15.0,-0.12224382104828586,96,96
569,94,SFRU27,0.3796427964249747,15.0,-0.1277564120729652,96,96
570,95,SFRM26,2.034163349178563,15.0,-0.15060678465775765,96,96
571,95,SFRU26,0.04054319139068018,1.0,-0.07944449571489258,96,96
572,95,SFRZ26,0.1562484929810239,5.0,-0.07531412452302355,96,96
573,95,SFRH27,-8.776796108890617,-1.0,0.3251507768329172,96,96
574,95,SFRM27,0.013844860778448336,-1.0,0.09055314294007463,96,96
575,95,SFRU27,0.0833788673682933,60.0,0.1253633311027943,96,96
576,96,SFRM26,11.361021678188964,30.0,-0.16562095008085817,96,96
577,96,SFRU26,8.297207103493882,1.0,-0.2650408675502212,96,96
578,96,SFRZ26,-0.11598370761198366,-30.0,-0.3008738606338755,96,96
579,96,SFRH27,-0.8326677313298608,-15.0,-0.13392074540777377,96,96
580,96,SFRM27,-2.78090877917283,-5.0,-0.17424053521427488,96,96
581,96,SFRU27,-0.5266478277399734,-1.0,-0.1613189098287487,96,96
582,97,SFRM26,3.3560564222296922,60.0,-0.32774655009206133,96,96
583,97,SFRU26,-4.118984782350891,-30.0,-0.299420831979634,96,96
584,97,SFRZ26,0.296565559422444,1.0,-0.1828904035494619,96,96
585,97,SFRH27,0.12898016519515246,30.0,-0.10457365130103928,96,96
586,97,SFRM27,0.1569140046765837,5.0,-0.14722837649647175,96,96
587,97,SFRU27,-0.05807227232639198,5.0,-0.15204943167924764,96,96
588,98,SFRM26,-10.780036919552952,-60.0,0.2132924251353723,96,96
589,98,SFRU26,-0.6979572534550575,-60.0,0.4340153937395739,96,96
590,98,SFRZ26,-3.5318196874511156,-60.0,-0.14885951850563822,96,96
591,98,SFRH27,-0.5473611465207301,-240.0,0.11844150056307705,96,96
592,98,SFRM27,-0.662321600897864,-120.0,-0.08761720966112262,96,96
593,98,SFRU27,-0.34469379548596074,-1.0,0.08842317098772841,96,96
594,99,SFRM26,0.012011374238861342,30.0,-0.10106841977722703,96,96
595,99,SFRU26,14.936870768729056,120.0,0.2963998306875579,96,96
596,99,SFRZ26,-4.0006697892144185,-60.0,-0.2768585951560572,96,96
597,99,SFRH27,-0.16479358444817707,-60.0,-0.14834245795353043,96,96
598,99,SFRM27,-0.10466790865253131,-15.0,-0.17448891365203417,96,96
599,99,SFRU27,-2.157147800767144,-15.0,-0.22256952275729203,96,96
600,100,SFRM26,-0.2454567063384122,-60.0,-0.10582879705530454,96,96
601,100,SFRU26,18.0393869813744,240.0,0.32924994820695475,96,96
602,100,SFRZ26,-4.143729030321415,-240.0,0.184624790646046,96,96
603,100,SFRH27,-0.6212475169796666,-1.0,0.15346837494578475,96,96
604,100,SFRM27,-2.1085661475456248,-240.0,0.1960411561586669,96,96
605,100,SFRU27,-5.997645654448479,-1.0,0.1655367741109275,96,96
606,101,SFRM26,-12.110128040427648,-5.0,-0.2128688207839607,96,96
607,101,SFRU26,-0.006370576756561742,30.0,0.16874928757041113,96,96
608,101,SFRZ26,0.5423815745484398,60.0,-0.2391378167665246,96,96
609,101,SFRH27,-0.04687921847543133,-15.0,0.2183283603529705,96,96
610,101,SFRM27,-0.0917645957004398,-15.0,0.23910110229632262,96,96
611,101,SFRU27,0.038467349010006445,-15.0,0.2176906239683514,96,96
612,102,SFRM26,0.025269474876110767,1.0,-0.42439834262361065,96,96
613,102,SFRU26,-0.0709282366386054,-30.0,0.27122489230287533,96,96
614,102,SFRZ26,-1.3004059763538534,-5.0,0.08012720445701665,96,96
615,102,SFRH27,-1.1276941477762932,-1.0,0.20717316239970093,96,96
616,102,SFRM27,9.762090906045124,1.0,-0.5912612962104085,96,96
617,102,SFRU27,0.14071968583780448,1.0,-0.07878012413160934,96,96
618,103,SFRM26,-1.5741858522164538,30.0,0.29318400988201004,96,96
619,103,SFRU26,-2.0426802607890653,-60.0,-0.41720121793675924,96,96
620,103,SFRZ26,8.286904170980677,30.0,0.2575786528211342,96,96
621,103,SFRH27,5.111221053693376,30.0,0.5106545451924263,96,96
622,103,SFRM27,8.066250681380966,30.0,0.49517315806201456,96,96
623,103,SFRU27,0.48782867072551184,30.0,0.19686225105729555,96,96
