,Dissemination Identifier,Original Dissemination Identifier,Action type,Event type,Event timestamp,Amendment indicator,Asset Class,Product name,Cleared,Mandatory clearing indicator,Execution Timestamp,Effective Date,Expiration Date,Maturity date of the underlier,Non-standardized term indicator,Platform identifier,Prime brokerage transaction indicator,Block trade election indicator,Large notional off-facility swap election indicator,Notional amount-Leg 1,Notional amount-Leg 2,Notional currency-Leg 1,Notional currency-Leg 2,Notional quantity-Leg 1,Notional quantity-Leg 2,Total notional quantity-Leg 1,Total notional quantity-Leg 2,Quantity frequency multiplier-Leg 1,Quantity frequency multiplier-Leg 2,Quantity unit of measure-Leg 1,Quantity unit of measure-Leg 2,Quantity frequency-Leg 1,Quantity frequency-Leg 2,Notional amount in effect on associated effective date-Leg 1,Notional amount in effect on associated effective date-Leg 2,Effective date of the notional amount-Leg 1,Effective date of the notional amount-Leg 2,End date of the notional amount-Leg 1,End date of the notional amount-Leg 2,Call amount,Call currency,Put amount,Put currency,Exchange rate,Exchange rate basis,First exercise date,Fixed rate-Leg 1,Fixed rate-Leg 2,Option Premium Amount,Option Premium Currency,Price,Price unit of measure,Spread-Leg 1,Spread-Leg 2,Spread currency-Leg 1,Spread currency-Leg 2,Strike Price,Strike price currency/currency pair,Post-priced swap indicator,Price currency,Price notation,Spread notation-Leg 1,Spread notation-Leg 2,Strike price notation,Fixed rate day count convention-leg 1,Fixed rate day count convention-leg 2,Floating rate day count convention-leg 1,Floating rate day count convention-leg 2,Floating rate reset frequency period-leg 1,Floating rate reset frequency period-leg 2,Floating rate reset frequency period multiplier-leg 1,Floating rate reset frequency period multiplier-leg 2,Other payment amount,Fixed rate payment frequency period-Leg 1,Floating rate payment frequency period-Leg 1,Fixed rate payment frequency period-Leg 2,Floating rate payment frequency period-Leg 2,Fixed rate payment frequency period multiplier-Leg 1,Floating rate payment frequency period multiplier-Leg 1,Fixed rate payment frequency period multiplier-Leg 2,Floating rate payment frequency period multiplier-Leg 2,Other payment type,Other payment currency,Settlement currency-Leg 1,Settlement currency-Leg 2,Settlement location,Collateralisation category,Custom basket indicator,Index factor,Underlier ID-Leg 1,Underlier ID-Leg 2,Underlier ID source-Leg 1,Underlying Asset Name,Underlying asset subtype or underlying contract subtype-Leg 1,Underlying asset subtype or underlying contract subtype-Leg 2,Embedded Option type,Option Type,Option Style,Package indicator,Package transaction price,Package transaction price currency,Package transaction price notation,Package transaction spread,Package transaction spread currency,Package transaction spread notation,Physical delivery location-Leg 1,Delivery Type,Unique Product Identifier,UPI FISN,UPI Underlier Name
8483,2212887291000003101,2212887291000003101,CORR,,2026-03-02 12:07:49+00:00,,IR,,N,False,2024-04-09 16:08:49+00:00,2024-01-22,2029-01-22,,False,BILT,False,False,False,"40,000,000",,USD,,,,,,,,,,,,,,,,,,,,,,,,2029-01-22,,,0,,,,0.0,,,,0.03,,False,,,3.0,,3.0,,,A004,,MNTH,,3.0,,,,MNTH,,,,3.0,,,,,,,,,False,,,,,,,,,,,True,-1.195,,3.0,,,,,,QZFTHJ5F9Q70,NA/O P Epn USD,USD-SOFR-COMPOUND
8570,2212898270000002201,1669790145000000101,CORR,,2026-03-02 12:09:17+00:00,,IR,,N,False,2026-01-08 21:01:39+00:00,2026-01-12,2031-01-12,,False,TSEF,False,False,False,"100,000,000",,USD,,,,,,,,,,,,,,,,,,,,,,,,2031-01-12,,,"1,338,400",USD,,,0.0,,,,0.03926,,False,,,3.0,,3.0,,,A004,,MNTH,,3.0,,,,MNTH,,,,3.0,,,,,,,,,False,,,,,,,,,,,True,9.9999999999,,3.0,,,,,,QZTSC5QX8B68,NA/O Call Epn USD,USD-SOFR-OIS Compound
8572,2212898271000002301,1669797689000000101,CORR,,2026-03-02 12:09:17+00:00,,IR,,N,False,2026-01-08 21:02:38+00:00,2026-01-12,2031-01-12,,False,TSEF,False,False,False,"25,000,000",,USD,,,,,,,,,,,,,,,,,,,,,,,,2031-01-12,,,"537,500",USD,,,0.0,,,,0.03426,,False,,,3.0,,3.0,,,A004,,MNTH,,3.0,,,,MNTH,,,,3.0,,,,,,,,,False,,,,,,,,,,,True,9.9999999999,,3.0,,,,,,QZL9GWT1VKHZ,NA/O P Epn USD,USD-SOFR-OIS Compound
8601,2212920911000000801,1760658448,CORR,,2026-03-02 12:09:36+00:00,,IR,,N,False,2025-10-09 18:15:00+00:00,2026-10-14,2036-03-03,,False,GSEF,False,False,False,"470,000,000+",,USD,,,,,,,,,,,,,,,,,,,,,,,,2036-03-03,,,"517,011",USD,,,0.0,,,,0.04,,False,,,3.0,,3.0,,,A004,,MNTH,,3.0,,,,MNTH,,,,3.0,,,,,,,,,False,,,,,,,,,,,False,,,,,,,,,QZL9GWT1VKHZ,NA/O P Epn USD,USD-SOFR-OIS Compound
8671,2212954478000000201,1760658656,CORR,,2026-03-02 12:11:42+00:00,,IR,,N,False,2025-10-09 18:16:17+00:00,2026-10-14,2036-03-03,,False,GSEF,False,False,False,"470,000,000+",,USD,,,,,,,,,,,,,,,,,,,,,,,,2036-03-03,,,"1,786,009.5",USD,,,0.0,,,,0.04,,False,,,3.0,,3.0,,,A004,,MNTH,,3.0,,,,MNTH,,,,3.0,,,,,,,,,False,,,,,,,,,,,False,,,,,,,,,QZTSC5QX8B68,NA/O Call Epn USD,USD-SOFR-OIS Compound
8688,2212965866000000101,1760655356,CORR,,2026-03-02 12:11:56+00:00,,IR,,N,False,2025-10-09 17:47:45+00:00,2026-10-14,2036-03-03,,False,GSEF,False,False,False,"270,000,000",,USD,,,,,,,,,,,,,,,,,,,,,,,,2036-03-03,,,"1,026,000",USD,,,0.0,,,,0.04,,False,,,3.0,,3.0,,,A004,,MNTH,,3.0,,,,MNTH,,,,3.0,,,,,,,,,False,,,,,,,,,,,False,,,,,,,,,QZTSC5QX8B68,NA/O Call Epn USD,USD-SOFR-OIS Compound
8702,2212979382000000501,2212887291000003101,CORR,,2026-03-02 12:12:36+00:00,,IR,,N,False,2024-04-09 16:08:49+00:00,2024-01-22,2036-03-03,,False,BILT,False,False,False,"40,000,000",,USD,,,,,,,,,,,,,,,,,,,,,,,,2036-03-03,,,0,,,,0.0,,,,0.04,,False,,,3.0,,3.0,,,A004,,MNTH,,3.0,,,,MNTH,,,,3.0,,,,,,,,,False,,,,,,,,,,,True,9.9999999999,,3.0,,,,,,QZFTHJ5F9Q70,NA/O P Epn USD,USD-SOFR-COMPOUND
8712,2212983937000001201,1760655615,CORR,,2026-03-02 12:12:49+00:00,,IR,,N,False,2025-10-09 17:47:36+00:00,2026-10-14,2036-03-03,,False,GSEF,False,False,False,"470,000,000+",,USD,,,,,,,,,,,,,,,,,,,,,,,,2036-03-03,,,"517,000",USD,,,0.0,,,,0.04,,False,,,3.0,,3.0,,,A004,,MNTH,,3.0,,,,MNTH,,,,3.0,,,,,,,,,False,,,,,,,,,,,False,,,,,,,,,QZL9GWT1VKHZ,NA/O P Epn USD,USD-SOFR-OIS Compound
8742,2213003498000000501,1669797689000000101,CORR,,2026-03-02 12:13:29+00:00,,IR,,N,False,2026-01-08 21:02:38+00:00,2026-01-12,2036-03-03,,False,TSEF,False,False,False,"25,000,000",,USD,,,,,,,,,,,,,,,,,,,,,,,,2036-03-03,,,"537,500",USD,,,0.0,,,,0.04,,False,,,3.0,,3.0,,,A004,,MNTH,,3.0,,,,MNTH,,,,3.0,,,,,,,,,False,,,,,,,,,,,True,9.9999999999,,3.0,,,,,,QZL9GWT1VKHZ,NA/O P Epn USD,USD-SOFR-OIS Compound
8830,2213057441000002901,1669790145000000101,CORR,,2026-03-02 12:15:40+00:00,,IR,,N,False,2026-01-08 21:01:39+00:00,2026-01-12,2036-03-03,,False,TSEF,False,False,False,"100,000,000",,USD,,,,,,,,,,,,,,,,,,,,,,,,2036-03-03,,,"1,338,400",USD,,,0.0,,,,0.04,,False,,,3.0,,3.0,,,A004,,MNTH,,3.0,,,,MNTH,,,,3.0,,,,,,,,,False,,,,,,,,,,,True,9.9999999999,,3.0,,,,,,QZTSC5QX8B68,NA/O Call Epn USD,USD-SOFR-OIS Compound
8845,2212983934000000901,2212983934000000901,CORR,,2026-03-02 12:16:07+00:00,,IR,,N,False,2024-07-11 12:21:33+00:00,2025-06-20,2026-06-20,,False,BILT,False,False,False,"500,000,000",,USD,,,,,,,,,,,,,,,,,,,,,,,,2026-06-20,,,0,,,,0.0,,,,0.0285,,False,,,3.0,,3.0,,,A004,,MNTH,,3.0,,,,MNTH,,,,3.0,,,,,,,,,False,,,,,,,,,,,True,-0.065,,3.0,,,,,,QZL9GWT1VKHZ,NA/O P Epn USD,USD-SOFR-OIS Compound
8847,2212983936000001101,2212983936000001101,CORR,,2026-03-02 12:16:10+00:00,,IR,,N,False,2024-07-11 16:10:13+00:00,2025-06-20,2026-06-20,,False,BILT,False,False,False,"500,000,000",,USD,,,,,,,,,,,,,,,,,,,,,,,,2026-06-20,,,0,,,,0.0,,,,0.0285,,False,,,3.0,,3.0,,,A004,,MNTH,,3.0,,,,MNTH,,,,3.0,,,,,,,,,False,,,,,,,,,,,True,-0.065,,3.0,,,,,,QZL9GWT1VKHZ,NA/O P Epn USD,USD-SOFR-OIS Compound
9046,2213113701000000501,2212983936000001101,CORR,,2026-03-02 12:19:45+00:00,,IR,,N,False,2024-07-11 16:10:13+00:00,2025-06-20,2036-03-03,,False,BILT,False,False,False,"250,000,000+",,USD,,,,,,,,,,,,,,,,,,,,,,,,2036-03-03,,,0,,,,0.0,,,,0.04,,False,,,3.0,,3.0,,,A004,,MNTH,,3.0,,,,MNTH,,,,3.0,,,,,,,,,False,,,,,,,,,,,True,9.9999999999,,3.0,,,,,,QZL9GWT1VKHZ,NA/O P Epn USD,USD-SOFR-OIS Compound
9048,2213120220000000101,2212983934000000901,CORR,,2026-03-02 12:19:47+00:00,,IR,,N,False,2024-07-11 12:21:33+00:00,2025-06-20,2036-03-03,,False,BILT,False,False,False,"250,000,000+",,USD,,,,,,,,,,,,,,,,,,,,,,,,2036-03-03,,,0,,,,0.0,,,,0.04,,False,,,3.0,,3.0,,,A004,,MNTH,,3.0,,,,MNTH,,,,3.0,,,,,,,,,False,,,,,,,,,,,True,9.9999999999,,3.0,,,,,,QZL9GWT1VKHZ,NA/O P Epn USD,USD-SOFR-OIS Compound
10099,2214358911000000201,,NEWT,TRAD,2026-03-02 12:57:59+00:00,False,IR,,N,False,2026-02-27 16:06:33+00:00,2026-02-27,2029-02-27,,False,XXXX,False,False,False,"2,000,000",,USD,,,,,,,,,,,,2000000;2000000;2000000;2000000;2000000;2000000;2000000;2000000;2000000;2000000,,2026-02-27;2026-03-10;2026-04-10;2026-05-10;2026-06-10;2026-07-10;2026-08-10;2026-09-10;2026-10-10;2026-11-10,,,,,,,,,,2026-02-27,,,0,USD,,,0.0225,,USD,,2.25,USD,False,,,3.0,,3.0,A004,,,,MNTH,,1.0,,,,MNTH,,,,1.0,,,,,USD,,,,False,,,,,,,,,,,True,0.0561,USD,3.0,0.0225,USD,3.0,,,QZ7TGFLZQTX2,NA/O P Epn USD,USD-SOFR CME Term
13207,2214176395000001501,,NEWT,TRAD,2026-03-02 14:11:41+00:00,,IR,,N,False,2026-03-02 14:11:41+00:00,2026-03-01,2027-03-01,,True,BILT,False,False,False,"140,000,000",,USD,,,,,,,,,,,,,,,,,,,,,,,,2027-03-01,,,"16,760.64",USD,,,0.0,,,,0.04,,False,,,3.0,,3.0,,,A004,,MNTH,,1.0,,,,MNTH,,,,1.0,,,,,USD,,,,False,,,,,,,,,,,False,,,,,,,,,QZXNP136XML0,NA/O Call Epn USD,USD-SOFR CME Term
13556,2214235256000000201,,NEWT,TRAD,2026-03-02 14:21:41+00:00,,IR,,N,False,2026-02-27 19:16:54+00:00,2026-02-27,2028-03-01,,False,BILT,False,False,False,"20,000,000",,USD,,,,,,,,,,,,,,,,,,,,,,,,2028-03-01,,,"3,259.245",USD,,,,,,,5.5,,False,,,,,3.0,,,A004,,MNTH,,1.0,,,,MNTH,,,,1.0,,,,,USD,,,,False,,,,,,,,,,,False,,,,,,,,,QZXNP136XML0,NA/O Call Epn USD,USD-SOFR CME Term
13700,2214291865000000701,1355130542000000801,CORR,,2026-03-02 14:26:15+00:00,,IR,,N,False,2025-12-05 14:44:32+00:00,2026-12-09,2027-12-09,,False,XOFF,False,False,True,"1,700,000,000+",,USD,,,,,,,,,,,,,,,,,,,,,,,,2027-12-09,,,"595,000",USD,,,,,,,0.01225,,False,,,3.0,,3.0,,,A020,,,,,,,,,,,,,,,,,,,,,False,,,,,,,,,,,True,6.05,,3.0,,,,,,QZZB31VD777K,NA/O Call Epn USD,USD-CMS-Reuters
13757,2214291866000000801,1491039043000000201,CORR,,2026-03-02 14:26:49+00:00,,IR,,N,False,2025-12-18 19:06:33+00:00,2026-12-22,2027-12-22,,False,XOFF,False,False,False,"1,000,000,000",,USD,,,,,,,,,,,,,,,,,,,,,,,,2027-12-22,,,"330,000",USD,,,,,,,0.01271,,False,,,3.0,,3.0,,,A020,,,,,,,,,,,,,,,,,,,,,False,,,,,,,,,,,True,6.05,,3.0,,,,,,QZZB31VD777K,NA/O Call Epn USD,USD-CMS-Reuters
14174,2214330697000000401,1206970227000000701,MODI,TRAD,2026-03-02 14:39:48+00:00,True,IR,,N,False,2025-11-26 16:52:39+00:00,2025-12-01,2026-12-01,,False,XXXX,False,False,False,"800,000,000",,USD,,,,,,,,,,,,,,,,,,,,,,,,2026-12-01,,,"568,000.9585",USD,,,0.0,,,,0.0375,,False,,,3.0,,3.0,A004,,,,MNTH,,3.0,,,MNTH,,,,3.0,,,,,,USD,,,,False,,,,,,,,OTHR,,,False,,,,,,,,,QZTSC5QX8B68,NA/O Call Epn USD,USD-SOFR-OIS Compound
14605,2214372142000000101,2214372142000000101,CORR,,2026-03-02 14:49:11+00:00,,IR,,N,False,2024-06-21 17:01:45+00:00,2024-06-25,2026-06-25,,False,BILT,False,False,False,"200,000,000",,USD,,,,,,,,,,,,,,,,,,,,,,,,2026-06-25,,,"465,600",USD,,,0.0,,,,0.053,,False,,,3.0,,3.0,A004,,,,MNTH,,1.0,,,,MNTH,,,,1.0,,,,,USD,,,,False,,,,,,,,,,,False,,,,,,,,,QZTSC5QX8B68,NA/O Call Epn USD,USD-SOFR-OIS Compound
14613,2214386153000000101,2214386153000000101,CORR,,2026-03-02 14:49:18+00:00,,IR,,N,False,2025-08-20 15:24:15+00:00,2025-09-25,2027-09-25,,False,BILT,False,False,False,"130,000,000",,USD,,,,,,,,,,,,,,,,,,,,,,,,2027-09-25,,,"1,065,480",USD,,,0.0,,,,0.03361,,False,,,3.0,,3.0,A004,,,,MNTH,,1.0,,,,MNTH,,,,1.0,,,,,USD,,,,False,,,,,,,,,,,False,,,,,,,,,QZBTV9HDLVNJ,NA/O Call Epn USD,USD-SOFR
14616,2214388256000000101,2030127019000000101,CORR,,2026-03-02 14:49:19+00:00,,IR,,N,False,2026-02-10 19:47:58+00:00,2026-02-12,2028-02-12,,False,BILT,False,False,False,"150,000,000",,USD,,,,,,,,,,,,,,,,,,,,,,,,2028-02-12,,,"919,900",USD,,,0.0,,,,0.03236,,False,,,3.0,,3.0,A004,,,,MNTH,,1.0,,,,MNTH,,,,1.0,,,,,USD,,,,False,,,,,,,,,,,False,,,,,,,,,QZBTV9HDLVNJ,NA/O Call Epn USD,USD-SOFR
15190,2214438007000000101,2214372142000000101,CORR,,2026-03-02 15:01:27+00:00,,IR,,N,False,2024-06-21 17:01:45+00:00,2024-06-25,2026-06-25,,False,BILT,False,False,False,"200,000,000",,USD,,,,,,,,,,,,,,,,,,,,,,,,2026-06-25,,,"465,600",USD,,,0.0,,,,0.053,,False,,,3.0,,3.0,A004,,,,MNTH,,1.0,,,,MNTH,,,,1.0,,,,,USD,,,,False,,,,,,,,,,,False,,,,,,,,,QZTSC5QX8B68,NA/O Call Epn USD,USD-SOFR-OIS Compound
15206,2214440077000000201,,NEWT,TRAD,2026-03-02 15:01:37+00:00,,IR,,N,False,2026-03-02 15:01:37+00:00,2026-03-10,2027-03-10,,True,BILT,False,False,False,"40,000,000",,USD,,,,,,,,,,,,,,,,,,,,,,,,2027-03-10,,,"204,162.525",USD,,,0.0,,,,0.03,,False,,,3.0,,3.0,,,A004,,MNTH,,1.0,,,,MNTH,,,,1.0,,,,,USD,,,,False,,,,,,,,,,,False,,,,,,,,,QZQJWDQ4V0VJ,NA/O Call Epn USD,USD-SOFR CME Term
15372,2214445097000000101,2214386153000000101,CORR,,2026-03-02 15:04:53+00:00,,IR,,N,False,2025-08-20 15:24:15+00:00,2025-09-25,2027-09-25,,False,BILT,False,False,False,"130,000,000",,USD,,,,,,,,,,,,,,,,,,,,,,,,2027-09-25,,,"1,065,480",USD,,,0.0,,,,0.03361,,False,,,3.0,,3.0,A004,,,,MNTH,,1.0,,,,MNTH,,,,1.0,,,,,USD,,,,False,,,,,,,,,,,False,,,,,,,,,QZBTV9HDLVNJ,NA/O Call Epn USD,USD-SOFR
15394,2214447359000000101,2030127019000000101,CORR,,2026-03-02 15:05:34+00:00,,IR,,N,False,2026-02-10 19:47:58+00:00,2026-02-12,2028-02-12,,False,BILT,False,False,False,"150,000,000",,USD,,,,,,,,,,,,,,,,,,,,,,,,2028-02-12,,,"919,900",USD,,,0.0,,,,0.03236,,False,,,3.0,,3.0,A004,,,,MNTH,,1.0,,,,MNTH,,,,1.0,,,,,USD,,,,False,,,,,,,,,,,False,,,,,,,,,QZBTV9HDLVNJ,NA/O Call Epn USD,USD-SOFR
15577,2214485752000000401,,NEWT,TRAD,2026-03-02 15:09:43+00:00,,IR,,N,False,2026-03-02 15:09:43+00:00,2026-03-02,2029-04-01,,True,BILT,False,False,False,"11,000,000",,USD,,,,,,,,,,,,,,,,,,,,,,,,2029-04-01,,,"28,941.941",USD,,,0.0,,,,0.0425,,False,,,3.0,,3.0,,,A004,,MNTH,,1.0,,,,MNTH,,,,1.0,,,,,USD,,,,False,,,,,,,,,,,False,,,,,,,,,QZSMPW1BQH94,NA/O Call Epn USD,USD-SOFR Average 30D
16025,2214519021000000401,2214519021000000401,TERM,ETRM,2026-03-02 15:19:58+00:00,,IR,,N,False,2023-04-18 17:13:13+00:00,2023-07-02,2027-03-02,2027-03-02,True,BILT,False,False,False,"200,000,000",,USD,,,,,,,,,,,,200000000;200000000;200000000;200000000;200000000;200000000;200000000;200000000;200000000;200000000,,2023-07-02;2023-08-02;2023-09-02;2023-10-02;2023-11-02;2023-12-02;2024-01-02;2024-02-02;2024-03-02;2024-04-02,,2023-08-02;2023-09-02;2023-10-02;2023-11-02;2023-12-02;2024-01-02;2024-02-02;2024-03-02;2024-04-02;2024-05-02,,,,,,,,2023-07-02,,,0,,,,,,,,0.0,,False,,,,,3.0,,,A004,,,,,,,,MNTH,,,,1.0,,,,,USD,,,,False,,,,,,,,,,,False,,,,,,,,,QZXGTP6KDS9R,NA/O P Epn USD,USD-SOFR CME Term
16067,2214553852000000301,,NEWT,TRAD,2026-03-02 15:20:56+00:00,,IR,,N,False,2026-03-02 15:20:56+00:00,2026-03-01,2027-03-01,,False,BILT,False,False,False,"26,000,000",,USD,,,,,,,,,,,,,,,,,,,,,,,,2027-03-01,,,"205,614.688",USD,,,0.0,,,,0.0275,,False,,,3.0,,3.0,,,A004,,MNTH,,1.0,,,,MNTH,,,,1.0,,,,,USD,,,,False,,,,,,,,,,,False,,,,,,,,,QZXNP136XML0,NA/O Call Epn USD,USD-SOFR CME Term
16824,2214594385000000601,228634531,TERM,ETRM,2026-03-02 15:38:52+00:00,,IR,,N,False,2021-10-28 17:33:10+00:00,2021-10-28,2026-12-01,,True,BILT,False,False,False,"5,000,000",,USD,,,,,,,,,,,,,,,,,,,,,,,,2026-12-01,,,"57,744.971",USD,,,0.0011448,,,,0.03,,False,,,3.0,,3.0,,,A001,,MNTH,,1.0,,,,MNTH,,,,1.0,,,,,USD,,,,False,,,,,,,,,,,False,,,,,,,,,QZJ2M6RB2PCV,NA/O Call Epn USD,USD-SOFR-COMPOUND
18946,2214832658000001201,,NEWT,TRAD,2026-03-02 16:26:43+00:00,,IR,,N,False,2026-03-02 16:26:43+00:00,2026-02-15,2026-10-15,,True,BILT,False,False,False,"58,000,000",,USD,,,,,,,,,,,,,,,,,,,,,,,,2026-10-15,,,"2,012.18",USD,,,0.0,,,,0.05,,False,,,3.0,,3.0,,,A004,,MNTH,,1.0,,,,MNTH,,,,1.0,,,,,USD,,,,False,,,,,,,,,,,False,,,,,,,,,QZQJWDQ4V0VJ,NA/O Call Epn USD,USD-SOFR CME Term
19328,2214832653000000701,,NEWT,TRAD,2026-03-02 16:37:53+00:00,,IR,,N,False,2026-03-02 16:37:53+00:00,2026-03-02,2027-03-01,,True,BILT,False,False,False,"45,000,000",,USD,,,,,,,,,,,,,,,,,,,,,,,,2027-03-01,,,"3,698.372",USD,,,0.0,,,,0.05,,False,,,3.0,,3.0,,,A004,,MNTH,,1.0,,,,MNTH,,,,1.0,,,,,USD,,,,False,,,,,,,,,,,False,,,,,,,,,QZQJWDQ4V0VJ,NA/O Call Epn USD,USD-SOFR CME Term
19405,2214846372000000401,,NEWT,TRAD,2026-03-02 16:40:12+00:00,,IR,,N,False,2026-03-02 16:40:12+00:00,2026-03-02,2028-03-03,,False,XOFF,False,False,False,"110,000,000",,USD,,,,,,,,,,,,,,,,,,,,,,,,2028-03-03,,,"42,976.92",USD,,,,,,,0.05,,False,,,3.0,,3.0,,,,,,,,,,,,,,,,,,,,,,,,False,,,,,,,,,,,False,,,,,,,,,QZXV1J0BMGD0,NA/O Call Epn USD,OTHER
20163,2215152720000001601,,NEWT,TRAD,2026-03-02 17:02:37+00:00,,IR,,N,False,2026-03-02 17:02:37+00:00,2026-03-01,2028-03-01,,False,BILT,False,False,False,"22,000,000",,USD,,,,,,,,,,,,,,,,,,,,,,,,2028-03-01,,,"6,690.156",USD,,,,,,,5.25,,False,,,,,3.0,,,A004,,MNTH,,1.0,,,,MNTH,,,,1.0,,,,,USD,,,,False,,,,,,,,,,,False,,,,,,,,,QZXNP136XML0,NA/O Call Epn USD,USD-SOFR CME Term
20363,2215165997000000401,759781117,TERM,ETRM,2026-03-02 17:09:36+00:00,,IR,,N,False,2023-09-28 18:37:18+00:00,2023-09-28,2026-10-06,,True,BILT,False,False,False,"58,000,000",,USD,,,,,,,,,,,,,,,,,,,,,,,,2026-10-06,,,"682,129.02",USD,,,0.0,,,,0.0525,,False,,,3.0,,3.0,,,A004,,MNTH,,1.0,,,,MNTH,,,,1.0,,,,,USD,,,,False,,,,,,,,,,,False,,,,,,,,,QZQJWDQ4V0VJ,NA/O Call Epn USD,USD-SOFR CME Term
20399,2215263119000003701,,NEWT,TRAD,2026-03-02 17:11:58+00:00,,IR,,N,False,2026-03-02 17:02:37+00:00,2026-03-01,2027-10-01,,False,BILT,False,False,False,"12,000,000",,USD,,,,,,,,,,,,,,,,,,,,,,,,2027-10-01,,,997.51,USD,,,,,,,5.25,,False,,,,,3.0,,,A004,,MNTH,,1.0,,,,MNTH,,,,1.0,,,,,USD,,,,False,,,,,,,,,,,False,,,,,,,,,QZXNP136XML0,NA/O Call Epn USD,USD-SOFR CME Term
20510,2215299712000000201,,NEWT,TRAD,2026-03-02 17:16:25+00:00,,IR,,N,False,2026-03-02 17:16:25+00:00,2026-04-10,2027-04-10,,True,BILT,False,False,False,"480,000,000",,USD,,,,,,,,,,,,,,,,,,,,,,,,2027-04-10,,,"25,289.37",USD,,,0.0,,,,0.045,,False,,,3.0,,3.0,,,A004,,MNTH,,1.0,,,,MNTH,,,,1.0,,,,,USD,,,,False,,,,,,,,,,,False,,,,,,,,,QZQJWDQ4V0VJ,NA/O Call Epn USD,USD-SOFR CME Term
20770,2215467064000000301,,NEWT,TRAD,2026-03-02 17:24:15+00:00,,IR,,N,False,2026-03-02 17:24:15+00:00,2026-03-02,2028-04-01,,True,BILT,False,False,False,"25,000,000",,USD,,,,,,,,,,,,,,,,,,,,,,,,2028-04-01,,,"16,020.437",USD,,,0.0,,,,0.045,,False,,,3.0,,3.0,,,A001,,MNTH,,1.0,,,,MNTH,,,,1.0,,,,,USD,,,,False,,,,,,,,,,,False,,,,,,,,,QZQJWDQ4V0VJ,NA/O Call Epn USD,USD-SOFR CME Term
21301,2215850176000000101,,NEWT,TRAD,2026-03-02 17:46:23+00:00,,IR,,N,False,2026-03-02 17:40:31+00:00,2026-03-02,2026-09-22,,False,BILT,False,False,False,"550,000,000",,USD,,,,,,,,,,,,,,,,,,,,,,,,2026-09-22,,,"15,656.571",USD,,,,,,,4.0,,False,,,,,3.0,,,A004,,MNTH,,1.0,,,,MNTH,,,,1.0,,,,,USD,,,,False,,,,,,,,,,,False,,,,,,,,,QZXNP136XML0,NA/O Call Epn USD,USD-SOFR CME Term
21455,2215916147000000101,2195995721000001501,CORR,,2026-03-02 17:53:23+00:00,,IR,,N,False,2026-02-27 16:14:33+00:00,2026-02-27,2029-02-27,,False,BILT,False,False,False,"27,000,000",,USD,,,,,,,,,,,,,,,,,,,,,,,,2029-02-27,,,"22,081.84",USD,,,0.0,,,,0.055,,False,,,3.0,,3.0,,,A004,,,,,,,,MNTH,,,,1.0,,,,,,,,,False,,,,,,,,,,,False,,,,,,,,,QZQJWDQ4V0VJ,NA/O Call Epn USD,USD-SOFR CME Term
21503,2216045787000000201,,NEWT,TRAD,2026-03-02 17:56:12+00:00,,IR,,N,False,2026-03-02 17:56:12+00:00,2026-03-02,2026-12-01,,True,BILT,False,False,False,"43,000,000",,USD,,,,,,,,,,,,,,,,,,,,,,,,2026-12-01,,,"1,981.56",USD,,,0.0,,,,0.0525,,False,,,3.0,,3.0,,,A004,,MNTH,,1.0,,,,MNTH,,,,1.0,,,,,USD,,,,False,,,,,,,,,,,False,,,,,,,,,QZQJWDQ4V0VJ,NA/O Call Epn USD,USD-SOFR CME Term
21504,2216008032000000601,,NEWT,TRAD,2026-03-02 17:56:12+00:00,,IR,,N,False,2026-03-02 17:56:12+00:00,2026-03-02,2026-12-01,,True,BILT,False,False,False,"38,000,000",,USD,,,,,,,,,,,,,,,,,,,,,,,,2026-12-01,,,"1,695.546",USD,,,0.0,,,,0.0525,,False,,,3.0,,3.0,,,A004,,MNTH,,1.0,,,,MNTH,,,,1.0,,,,,USD,,,,False,,,,,,,,,,,False,,,,,,,,,QZQJWDQ4V0VJ,NA/O Call Epn USD,USD-SOFR CME Term
21508,2215976770000000101,,NEWT,TRAD,2026-03-02 17:56:38+00:00,,IR,,N,False,2026-03-02 17:56:38+00:00,2026-03-02,2031-03-01,,True,BILT,False,False,False,"25,000,000",,USD,,,,,,,,,,,,,,,,,,,,,,,,2031-03-01,,,"90,000",USD,,,0.0,,,,0.0615,,False,,,3.0,,3.0,,,A004,,MNTH,,1.0,,,,MNTH,,,,1.0,,,,,USD,,,,False,,,,,,,,,,,False,,,,,,,,,QZQJWDQ4V0VJ,NA/O Call Epn USD,USD-SOFR CME Term
21613,2216900566000000101,,NEWT,TRAD,2026-03-02 18:04:57+00:00,,IR,,N,False,2026-03-02 18:04:57+00:00,2026-03-02,2029-09-02,,True,BILT,False,False,False,"200,000,000",,USD,,,,,,,,,,,,,,,,,,,,,,,,2029-09-02,,,"19,250",USD,,,,,,,0.0183,,False,,,,,3.0,,,A004,,,,,,,,MNTH,,,,1.0,,,,,,,,,False,,,,,,,,,,,False,,,,,,,,,QZL9GWT1VKHZ,NA/O P Epn USD,USD-SOFR-OIS Compound
21721,2216154802000000201,,NEWT,TRAD,2026-03-02 18:11:30+00:00,,IR,,N,False,2026-03-02 18:11:30+00:00,2026-03-02,2028-03-15,,True,BILT,False,False,False,"230,000,000",,USD,,,,,,,,,,,,,,,,,,,,,,,,2028-03-15,,,"38,951.55",USD,,,0.0,,,,0.055,,False,,,3.0,,3.0,,,A004,,MNTH,,1.0,,,,MNTH,,,,1.0,,,,,USD,,,,False,,,,,,,,,,,False,,,,,,,,,QZQJWDQ4V0VJ,NA/O Call Epn USD,USD-SOFR CME Term
22016,2216410924000000101,,NEWT,TRAD,2026-03-02 18:33:01+00:00,,IR,,N,False,2026-03-02 18:33:01+00:00,2026-03-03,2029-03-09,,True,BILT,False,False,False,"38,000,000",,USD,,,,,,,,,,,,,,,,,,,,,,,,2029-03-09,,,"1,247,556.343",USD,,,0.0,,,,0.0225,,False,,,3.0,,3.0,,,A004,,MNTH,,1.0,,,,MNTH,,,,1.0,,,,,USD,,,,False,,,,,,,,,,,False,,,,,,,,,QZQJWDQ4V0VJ,NA/O Call Epn USD,USD-SOFR CME Term
22020,2216561632000000501,,NEWT,TRAD,2026-03-02 18:33:22+00:00,,IR,,N,False,2026-03-02 18:33:22+00:00,2026-02-27,2029-02-28,2029-02-28,True,BILT,False,False,False,"200,000,000",,USD,,,,,,,,,,,,,,,,,,,,,,,,2026-02-27,,,0,,,,,,,,0.027,,False,,,,,3.0,,,A004,,,,,,,,MNTH,,,,1.0,,,,,USD,,,,False,,,,,,,,,,,False,,,,,,,,,QZXGTP6KDS9R,NA/O P Epn USD,USD-SOFR CME Term
22021,2216561631000000401,,NEWT,TRAD,2026-03-02 18:33:22+00:00,,IR,,N,False,2026-03-02 18:33:22+00:00,2026-02-27,2029-02-28,2029-02-28,True,BILT,False,False,False,"200,000,000",,USD,,,,,,,,,,,,,,,,,,,,,,,,2026-02-27,,,0,,,,,,,,0.04,,False,,,,,3.0,,,A004,,,,,,,,MNTH,,,,1.0,,,,,USD,,,,False,,,,,,,,,,,False,,,,,,,,,QZXNP136XML0,NA/O Call Epn USD,USD-SOFR CME Term
22084,2216460985000000201,,NEWT,TRAD,2026-03-02 18:37:07+00:00,,IR,,N,False,2026-03-02 18:37:07+00:00,2026-03-02,2029-03-05,,True,BILT,False,False,False,"100,000,000",,USD,,,,,,,,,,,,,,,,,,,,,,,,2029-03-05,,,"348,251.069",USD,,,0.0,,,,0.04,,False,,,3.0,,3.0,,,A004,,MNTH,,1.0,,,,MNTH,,,,1.0,,,,,USD,,,,False,,,,,,,,,,,False,,,,,,,,,QZQJWDQ4V0VJ,NA/O Call Epn USD,USD-SOFR CME Term
22108,2216900567000000201,,NEWT,TRAD,2026-03-02 18:39:29+00:00,,IR,,N,False,2026-03-02 18:39:29+00:00,2026-02-10,2027-01-10,,True,BILT,False,False,False,"200,000,000",,USD,,,,,,,,,,,,,,,,,,,,,,,,2027-01-10,,,0,,,,,,,,0.04555,,False,,,,,3.0,,,A004,,,,,,,,MNTH,,,,1.0,,,,,,,,,False,,,,,,,,,,,False,,,,,,,,,QZTSC5QX8B68,NA/O Call Epn USD,USD-SOFR-OIS Compound
22137,2216512004000000201,1149426446,TERM,ETRM,2026-03-02 18:42:18+00:00,,IR,,N,False,2024-09-10 18:34:09+00:00,2024-09-10,2026-10-01,,True,BILT,False,False,False,"46,000,000",,USD,,,,,,,,,,,,,,,,,,,,,,,,2026-10-01,,,"16,871.65",USD,,,0.0,,,,0.0575,,False,,,3.0,,3.0,,,A004,,MNTH,,1.0,,,,MNTH,,,,1.0,,,,,USD,,,,False,,,,,,,,,,,False,,,,,,,,,QZQJWDQ4V0VJ,NA/O Call Epn USD,USD-SOFR CME Term
22151,2216532970000000301,2216532968000000101,MODI,TRAD,2026-03-02 18:43:26+00:00,False,IR,,N,False,2026-03-02 18:43:26+00:00,2027-03-04,2028-03-04,,False,ISWV,False,False,,"500,000,000",,USD,,,,,,,,,,,,,,,,,,,,,,,,2028-03-04,,,"3,761,000",USD,,,0.0,,,,0.03097,,False,,,3.0,,3.0,A004,,,,,,,,,,MNTH,,,,3.0,,,,,,,,,False,,,,,,,,,,,True,"3,761,000",USD,1.0,,,,,,QZTSC5QX8B68,NA/O Call Epn USD,USD-SOFR-OIS Compound
22152,2216619211000000101,2216532969000000201,MODI,TRAD,2026-03-02 18:43:26+00:00,False,IR,,N,False,2026-03-02 18:43:26+00:00,2027-03-04,2028-03-04,,False,ISWV,False,False,,"500,000,000",,USD,,,,,,,,,,,,,,,,,,,,,,,,2028-03-04,,,"3,761,000",USD,,,0.0,,,,0.03097,,False,,,3.0,,3.0,A004,,,,,,,,,,MNTH,,,,3.0,,,,,,,,,False,,,,,,,,,,,True,"3,761,000",USD,1.0,,,,,,QZL9GWT1VKHZ,NA/O P Epn USD,USD-SOFR-OIS Compound
22153,2216532968000000101,,NEWT,TRAD,2026-03-02 18:43:26+00:00,,IR,,N,False,2026-03-02 18:43:26+00:00,2027-03-04,2028-03-04,,False,ISWV,False,False,,"500,000,000",,USD,,,,,,,,,,,,,,,,,,,,,,,,2028-03-04,,,"3,761,000",USD,,,0.0,,,,0.03097,,False,,,3.0,,3.0,A004,,,,,,,,,,MNTH,,,,3.0,,,,,,,,,False,,,,,,,,,,,True,"3,761,000",USD,1.0,,,,,,QZTSC5QX8B68,NA/O Call Epn USD,USD-SOFR-OIS Compound
22154,2217381271000000101,2216532969000000201,MODI,TRAD,2026-03-02 18:43:26+00:00,False,IR,,N,False,2026-03-02 18:43:26+00:00,2027-03-04,2028-03-04,,False,ISWV,False,False,,"500,000,000",,USD,,,,,,,,,,,,,,,,,,,,,,,,2028-03-04,,,"3,761,000",USD,,,0.0,,,,0.03097,,False,,,3.0,,3.0,A004,,,,,,,,,,MNTH,,,,3.0,,,,,,,,,False,,,,,,,,,,,True,"3,761,000",USD,1.0,,,,,,QZL9GWT1VKHZ,NA/O P Epn USD,USD-SOFR-OIS Compound
22155,2216532969000000201,,NEWT,TRAD,2026-03-02 18:43:26+00:00,,IR,,N,False,2026-03-02 18:43:26+00:00,2027-03-04,2028-03-04,,False,ISWV,False,False,,"500,000,000",,USD,,,,,,,,,,,,,,,,,,,,,,,,2028-03-04,,,"3,761,000",USD,,,0.0,,,,0.03097,,False,,,3.0,,3.0,A004,,,,,,,,,,MNTH,,,,3.0,,,,,,,,,False,,,,,,,,,,,True,"3,761,000",USD,1.0,,,,,,QZL9GWT1VKHZ,NA/O P Epn USD,USD-SOFR-OIS Compound
22156,2217247245000000101,2216532968000000101,MODI,TRAD,2026-03-02 18:43:26+00:00,False,IR,,N,False,2026-03-02 18:43:26+00:00,2027-03-04,2028-03-04,,False,ISWV,False,False,,"500,000,000",,USD,,,,,,,,,,,,,,,,,,,,,,,,2028-03-04,,,"3,761,000",USD,,,0.0,,,,0.03097,,False,,,3.0,,3.0,A004,,,,,,,,,,MNTH,,,,3.0,,,,,,,,,False,,,,,,,,,,,True,"3,761,000",USD,1.0,,,,,,QZTSC5QX8B68,NA/O Call Epn USD,USD-SOFR-OIS Compound
22476,2218524463000000101,2217113625000000101,MODI,TRAD,2026-03-02 19:12:52+00:00,False,IR,,N,False,2026-03-02 19:12:52+00:00,2026-04-30,2029-04-30,,False,BILT,False,False,True,"650,000,000+",,USD,,,,,,,,,,,,,,,,,,,,,,,,2029-04-30,,,0,USD,,,0.0,,,,0.0075,,False,,,3.0,,3.0,A004,,,,,,,,,,MNTH,,,,3.0,,,,,,,,,False,,,,,,,,,,,True,0,,3.0,,,,,,QZ77DZTB40LZ,NA/O P Epn USD,USD-SOFR CME Term
22477,2218493710000000101,2217113625000000101,MODI,TRAD,2026-03-02 19:12:52+00:00,False,IR,,N,False,2026-03-02 19:12:52+00:00,2026-04-30,2029-04-30,,False,BILT,False,False,True,"650,000,000+",,USD,,,,,,,,,,,,,,,,,,,,,,,,2029-04-30,,,0,USD,,,0.0,,,,0.0075,,False,,,3.0,,3.0,A004,,,,,,,,,,MNTH,,,,3.0,,,,,,,,,False,,,,,,,,,,,True,3.3275,USD,1.0,,,,,,QZ77DZTB40LZ,NA/O P Epn USD,USD-SOFR CME Term
22479,2217113625000000101,,NEWT,TRAD,2026-03-02 19:12:52+00:00,,IR,,N,False,2026-03-02 19:12:52+00:00,2026-04-30,2029-04-30,,False,BILT,False,False,True,"650,000,000+",,USD,,,,,,,,,,,,,,,,,,,,,,,,2029-04-30,,,0,USD,,,0.0,,,,0.0075,,False,,,3.0,,3.0,A004,,,,,,,,,,MNTH,,,,3.0,,,,,,,,,False,,,,,,,,,,,False,,,,,,,,,QZ77DZTB40LZ,NA/O P Epn USD,USD-SOFR CME Term
22530,2216874321000000101,,NEWT,TRAD,2026-03-02 19:16:39+00:00,,IR,,N,False,2026-03-02 19:16:39+00:00,2026-03-02,2029-09-02,,False,BILT,False,False,False,"200,000,000",,USD,,,,,,,,,,,,,,,,,,,,,,,,2029-09-02,,,0,,,,0.0,,,,0.0183,,False,,,3.0,,3.0,,,A004,,DAIL,,1.0,,,,DAIL,,,,1.0,,,,,USD,,,,False,,,,,,,,,,,True,,,,0,USD,1.0,,,QZ7VKKVLNLP0,NA/O P Epn USD,USD-SOFR-OIS Compound
22531,2216874322000000201,,NEWT,TRAD,2026-03-02 19:16:39+00:00,,IR,,N,False,2026-03-02 19:16:39+00:00,2026-03-02,2029-09-02,,False,BILT,False,False,False,"200,000,000",,USD,,,,,,,,,,,,,,,,,,,,,,,,2029-09-02,,,0,,,,0.0,,,,0.045,,False,,,3.0,,3.0,,,A004,,DAIL,,1.0,,,,DAIL,,,,1.0,,,,,USD,,,,False,,,,,,,,,,,True,,,,0,USD,1.0,,,QZHM38VZ056X,NA/O Call Epn USD,USD-SOFR-OIS Compound
22533,2216877069000000401,,NEWT,TRAD,2026-03-02 19:16:42+00:00,,IR,,N,False,2026-03-02 19:16:42+00:00,2026-03-02,2029-09-02,,False,BILT,False,False,False,"200,000,000",,USD,,,,,,,,,,,,,,,,,,,,,,,,2029-09-02,,,"19,250",USD,,,0.0,,,,0.0183,,False,,,3.0,,3.0,,,A004,,DAIL,,1.0,,,,DAIL,,,,1.0,,,,,USD,,,,False,,,,,,,,,,,True,,,,"19,250",USD,1.0,,,QZ7VKKVLNLP0,NA/O P Epn USD,USD-SOFR-OIS Compound
22534,2216877068000000301,,NEWT,TRAD,2026-03-02 19:16:42+00:00,,IR,,N,False,2026-03-02 19:16:42+00:00,2026-03-02,2029-09-02,,False,BILT,False,False,False,"200,000,000",,USD,,,,,,,,,,,,,,,,,,,,,,,,2029-09-02,,,"19,250",USD,,,0.0,,,,0.045,,False,,,3.0,,3.0,,,A004,,DAIL,,1.0,,,,DAIL,,,,1.0,,,,,USD,,,,False,,,,,,,,,,,True,,,,"19,250",USD,1.0,,,QZHM38VZ056X,NA/O Call Epn USD,USD-SOFR-OIS Compound
22598,2216863413000000301,,NEWT,TRAD,2026-03-02 19:20:22+00:00,,IR,,N,False,2026-03-02 19:20:22+00:00,2026-03-10,2027-03-10,,True,BILT,False,False,False,"91,000,000",,USD,,,,,,,,,,,,,,,,,,,,,,,,2027-03-10,,,"517,332.95",USD,,,0.0,,,,0.03,,False,,,3.0,,3.0,,,A004,,MNTH,,1.0,,,,MNTH,,,,1.0,,,,,USD,,,,False,,,,,,,,,,,False,,,,,,,,,QZSMPW1BQH94,NA/O Call Epn USD,USD-SOFR Average 30D
22631,2216863412000000201,1109862510,TERM,ETRM,2026-03-02 19:22:29+00:00,,IR,,N,False,2024-08-09 16:46:30+00:00,2025-01-10,2027-01-10,,False,BILT,False,False,False,"200,000,000",,USD,,,,,,,,,,,,,,,,,,,,,,,,2027-01-10,,,0,,,,0.0,,,,0.04555,,False,,,3.0,,3.0,,,A004,,DAIL,,1.0,,32000.00000,,MNTH,,,,1.0,,,UWIN,USD,USD,,,,False,,,,,,,,,,,True,,,,0,USD,1.0,,,QZHM38VZ056X,NA/O Call Epn USD,USD-SOFR-OIS Compound
22632,2216863411000000101,1109862509,TERM,ETRM,2026-03-02 19:22:29+00:00,,IR,,N,False,2024-08-09 16:46:30+00:00,2025-01-10,2027-01-10,,False,BILT,False,False,False,"200,000,000",,USD,,,,,,,,,,,,,,,,,,,,,,,,2027-01-10,,,0,,,,0.0,,,,0.02,,False,,,3.0,,3.0,,,A004,,DAIL,,1.0,,32000.00000,,MNTH,,,,1.0,,,UWIN,USD,USD,,,,False,,,,,,,,,,,True,,,,0,USD,1.0,,,QZ7VKKVLNLP0,NA/O P Epn USD,USD-SOFR-OIS Compound
22681,2216883575000000201,2216877068000000301,CORR,,2026-03-02 19:29:05+00:00,,IR,,N,False,2026-03-02 19:16:42+00:00,2026-03-02,2029-09-02,,False,BILT,False,False,False,"200,000,000",,USD,,,,,,,,,,,,,,,,,,,,,,,,2029-09-02,,,"19,250",USD,,,0.0,,,,0.045,,False,,,3.0,,3.0,,,A004,,DAIL,,1.0,,,,DAIL,,,,1.0,,,,,USD,,,,False,,,,,,,,,,,True,,,,"19,250",USD,1.0,,,QZHM38VZ056X,NA/O Call Epn USD,USD-SOFR-OIS Compound
22682,2216883574000000101,2216877069000000401,CORR,,2026-03-02 19:29:05+00:00,,IR,,N,False,2026-03-02 19:16:42+00:00,2026-03-02,2029-09-02,,False,BILT,False,False,False,"200,000,000",,USD,,,,,,,,,,,,,,,,,,,,,,,,2029-09-02,,,"19,250",USD,,,0.0,,,,0.0183,,False,,,3.0,,3.0,,,A004,,DAIL,,1.0,,,,DAIL,,,,1.0,,,,,USD,,,,False,,,,,,,,,,,True,,,,"19,250",USD,1.0,,,QZ7VKKVLNLP0,NA/O P Epn USD,USD-SOFR-OIS Compound
22726,2216887398000000101,2216874322000000201,CORR,,2026-03-02 19:30:26+00:00,,IR,,N,False,2026-03-02 19:16:39+00:00,2026-03-02,2029-09-02,,False,BILT,False,False,False,"200,000,000",,USD,,,,,,,,,,,,,,,,,,,,,,,,2029-09-02,,,0,,,,0.0,,,,0.045,,False,,,3.0,,3.0,,,A004,,DAIL,,1.0,,,,DAIL,,,,1.0,,,,,USD,,,,False,,,,,,,,,,,True,,,,0,USD,1.0,,,QZHM38VZ056X,NA/O Call Epn USD,USD-SOFR-OIS Compound
22727,2216887399000000201,2216874321000000101,CORR,,2026-03-02 19:30:26+00:00,,IR,,N,False,2026-03-02 19:16:39+00:00,2026-03-02,2029-09-02,,False,BILT,False,False,False,"200,000,000",,USD,,,,,,,,,,,,,,,,,,,,,,,,2029-09-02,,,0,,,,0.0,,,,0.0183,,False,,,3.0,,3.0,,,A004,,DAIL,,1.0,,,,DAIL,,,,1.0,,,,,USD,,,,False,,,,,,,,,,,True,,,,0,USD,1.0,,,QZ7VKKVLNLP0,NA/O P Epn USD,USD-SOFR-OIS Compound
22845,2216969104000000101,,NEWT,TRAD,2026-03-02 19:41:34+00:00,,IR,,N,False,2026-03-02 19:41:34+00:00,2026-03-02,2029-03-01,,False,BILT,False,False,False,"50,000,000",,USD,,,,,,,,,,,,,,,,,,,,,,,,2029-03-01,,,"311,320",USD,,,0.0,,,,0.0375,,False,,,3.0,,3.0,A004,,,,MNTH,,1.0,,43000.00000,,MNTH,,,,1.0,,,UFRO,USD,USD,,,,False,,,,,,,,,,,False,,,,,,,,,QZTSC5QX8B68,NA/O Call Epn USD,USD-SOFR-OIS Compound
22846,2216972684000000101,,NEWT,TRAD,2026-03-02 19:41:34+00:00,,IR,,N,False,2026-03-02 19:41:34+00:00,2026-03-02,2030-03-01,,False,BILT,False,False,False,"50,000,000",,USD,,,,,,,,,,,,,,,,,,,,,,,,2030-03-01,,,"379,500",USD,,,0.0,,,,0.0425,,False,,,3.0,,3.0,A004,,,,MNTH,,1.0,,57000.00000,,MNTH,,,,1.0,,,UFRO,USD,USD,,,,False,,,,,,,,,,,False,,,,,,,,,QZTSC5QX8B68,NA/O Call Epn USD,USD-SOFR-OIS Compound
22858,2216980942000000201,2216953080000000201,MODI,TRAD,2026-03-02 19:43:07+00:00,False,IR,,N,False,2026-03-02 19:43:07+00:00,2026-09-04,2026-12-04,,False,TSEF,False,False,,"2,000,000,000",,USD,,,,,,,,,,,,,,,,,,,,,,,,2026-12-04,,,"1,850,000",USD,,,0.0,,,,0.033525,,False,,,3.0,,3.0,A004,,,,,,,,,,MNTH,,,,3.0,,,,,USD,,,,False,,,,,,,,,,,True,"1,850,000",USD,1.0,,,,,,QZ7VKKVLNLP0,NA/O P Epn USD,USD-SOFR-OIS Compound
22859,2216953081000000301,2216953079000000101,MODI,TRAD,2026-03-02 19:43:07+00:00,False,IR,,N,False,2026-03-02 19:43:07+00:00,2026-09-04,2026-12-04,,False,TSEF,False,False,,"2,000,000,000",,USD,,,,,,,,,,,,,,,,,,,,,,,,2026-12-04,,,"1,850,000",USD,,,0.0,,,,0.033525,,False,,,3.0,,3.0,A004,,,,,,,,,,MNTH,,,,3.0,,,,,USD,,,,False,,,,,,,,,,,True,"1,850,000",USD,1.0,,,,,,QZHM38VZ056X,NA/O Call Epn USD,USD-SOFR-OIS Compound
22860,2216953080000000201,,NEWT,TRAD,2026-03-02 19:43:07+00:00,,IR,,N,False,2026-03-02 19:43:07+00:00,2026-09-04,2026-12-04,,False,TSEF,False,False,,"2,000,000,000",,USD,,,,,,,,,,,,,,,,,,,,,,,,2026-12-04,,,"1,850,000",USD,,,0.0,,,,0.033525,,False,,,3.0,,3.0,A004,,,,,,,,,,MNTH,,,,3.0,,,,,USD,,,,False,,,,,,,,,,,True,"1,850,000",USD,1.0,,,,,,QZ7VKKVLNLP0,NA/O P Epn USD,USD-SOFR-OIS Compound
22861,2216953079000000101,,NEWT,TRAD,2026-03-02 19:43:07+00:00,,IR,,N,False,2026-03-02 19:43:07+00:00,2026-09-04,2026-12-04,,False,TSEF,False,False,,"2,000,000,000",,USD,,,,,,,,,,,,,,,,,,,,,,,,2026-12-04,,,"1,850,000",USD,,,0.0,,,,0.033525,,False,,,3.0,,3.0,A004,,,,,,,,,,MNTH,,,,3.0,,,,,USD,,,,False,,,,,,,,,,,True,"1,850,000",USD,1.0,,,,,,QZHM38VZ056X,NA/O Call Epn USD,USD-SOFR-OIS Compound
22862,2217024590000000101,2216953079000000101,MODI,TRAD,2026-03-02 19:43:07+00:00,False,IR,,N,False,2026-03-02 19:43:07+00:00,2026-09-04,2026-12-04,,False,TSEF,False,False,,"2,000,000,000",,USD,,,,,,,,,,,,,,,,,,,,,,,,2026-12-04,,,"1,850,000",USD,,,0.0,,,,0.033525,,False,,,3.0,,3.0,A004,,,,,,,,,,MNTH,,,,3.0,,,,,USD,,,,False,,,,,,,,,,,True,"1,850,000",USD,1.0,,,,,,QZHM38VZ056X,NA/O Call Epn USD,USD-SOFR-OIS Compound
22863,2217064765000000801,2216953080000000201,MODI,TRAD,2026-03-02 19:43:07+00:00,False,IR,,N,False,2026-03-02 19:43:07+00:00,2026-09-04,2026-12-04,,False,TSEF,False,False,,"2,000,000,000",,USD,,,,,,,,,,,,,,,,,,,,,,,,2026-12-04,,,"1,850,000",USD,,,0.0,,,,0.033525,,False,,,3.0,,3.0,A004,,,,,,,,,,MNTH,,,,3.0,,,,,USD,,,,False,,,,,,,,,,,True,"1,850,000",USD,1.0,,,,,,QZ7VKKVLNLP0,NA/O P Epn USD,USD-SOFR-OIS Compound
22955,2216975971000000201,,NEWT,TRAD,2026-03-02 19:48:58+00:00,,IR,,N,False,2026-03-02 19:18:06+00:00,2026-03-04,2029-02-15,,False,BILT,False,True,False,"250,000,000",,USD,,,,,,,,,,,,,,,,,,,,,,,,2029-02-15,,,"70,000",USD,,,0.0,,,,0.0,,False,,,3.0,,3.0,A004,,,,MNTH,,3.0,,,,MNTH,,,,3.0,,,,,USD,,,,False,,,,,,,,,,,False,,,,,,,,,QZ63327ZPG0S,NA/O P Epn USD,USD-SOFR CME Term
22976,2216988149000000101,,NEWT,TRAD,2026-03-02 19:49:36+00:00,,IR,,N,False,2026-03-02 19:49:36+00:00,2026-02-15,2027-03-15,,True,BILT,False,False,False,"26,000,000",,USD,,,,,,,,,,,,,,,,,,,,,,,,2027-03-15,,,"441,799.05",USD,,,0.0,,,,0.02,,False,,,3.0,,3.0,,,A004,,MNTH,,1.0,,,,MNTH,,,,1.0,,,,,USD,,,,False,,,,,,,,,,,False,,,,,,,,,QZQJWDQ4V0VJ,NA/O Call Epn USD,USD-SOFR CME Term
23049,2217061583000000101,,NEWT,TRAD,2026-03-02 19:57:04+00:00,,IR,,N,False,2026-03-02 19:57:04+00:00,2026-03-01,2029-03-01,,False,BILT,False,False,False,"50,000,000",,USD,,,,,,,,,,,,,,,,,,,,,,,,2029-03-01,,,"226,000",USD,,,0.0,,,,0.0375,,False,,,3.0,,3.0,A004,,,,MNTH,,1.0,,,,MNTH,,,,1.0,,,,,USD,,,,False,,,,,,,,,,,False,,,,,,,,,QZTSC5QX8B68,NA/O Call Epn USD,USD-SOFR-OIS Compound
23050,2217065430000000101,,NEWT,TRAD,2026-03-02 19:57:25+00:00,,IR,,N,False,2026-03-02 19:57:25+00:00,2026-03-01,2030-03-01,,False,BILT,False,False,False,"50,000,000",,USD,,,,,,,,,,,,,,,,,,,,,,,,2030-03-01,,,"277,500",USD,,,0.0,,,,0.0425,,False,,,3.0,,3.0,A004,,,,MNTH,,1.0,,,,MNTH,,,,1.0,,,,,USD,,,,False,,,,,,,,,,,False,,,,,,,,,QZTSC5QX8B68,NA/O Call Epn USD,USD-SOFR-OIS Compound
23057,2217023136000000301,,NEWT,TRAD,2026-03-02 19:57:55+00:00,,IR,,N,False,2026-03-02 19:57:55+00:00,2026-03-01,2029-03-01,,False,BILT,False,False,False,"50,000,000",,USD,,,,,,,,,,,,,,,,,,,,,,,,2029-03-01,,,"226,000",USD,,,,,,,0.0375,,False,,,,,3.0,,,A004,,MNTH,,1.0,,,,MNTH,,,,1.0,,,,,,,,,False,,,,,,,,,,,False,,,,,,,,,QZH4C7B8Q0PG,NA/O Call Epn USD,USD-SOFR-COMPOUND
23247,2217084014000000901,,NEWT,TRAD,2026-03-02 20:08:49+00:00,,IR,,N,False,2026-03-02 20:08:48+00:00,2026-03-02,2029-11-15,,False,XXXX,False,False,False,"25,000,000",,USD,,,,,,,,,,,,,,,,,,,,,,,,2026-03-02,,,"420,500",USD,,,0.0,,,,0.0,,False,,,3.0,,3.0,,,A004,,,,,,,MNTH,,MNTH,,1.0,,1.0,,,,USD,,,,False,,,,,,,,,,,False,,,,,,,,,QZXGTP6KDS9R,NA/O P Epn USD,USD-SOFR CME Term
23248,2217084016000001101,2217084014000000901,MODI,TRAD,2026-03-02 20:08:50+00:00,True,IR,,N,False,2026-03-02 20:08:48+00:00,2026-03-02,2029-11-15,,False,XXXX,False,False,False,"25,000,000",,USD,,,,,,,,,,,,,,,,,,,,,,,,2026-03-02,,,"420,500",USD,,,0.0,,,,0.0,,False,,,3.0,,3.0,,,A004,,,,,,,MNTH,,MNTH,,1.0,,1.0,,,,USD,,,,False,,,,,,,,,,,False,,,,,,,,,QZXGTP6KDS9R,NA/O P Epn USD,USD-SOFR CME Term
23254,2217085151000000301,,NEWT,TRAD,2026-03-02 20:09:12+00:00,False,IR,,N,False,2026-03-02 20:09:12+00:00,2026-03-02,2029-04-01,,True,BILT,False,False,False,"6,000,000",,USD,,,,,,,,,,,,,,,,,,,,,,,,2026-03-02,,,"355,805.4",USD,,,,,,,0.035,,False,,,,,3.0,,,A004,,EXPI,,1.0,,,,MNTH,,,,1.0,,,,,USD,,,,False,,,,,,,,,,,False,,,,,,,,,QZXNP136XML0,NA/O Call Epn USD,USD-SOFR CME Term
23257,2217085678000000201,1979524267000001601,CORR,,2026-03-02 20:09:42+00:00,,IR,,N,False,2026-02-05 15:52:33+00:00,2026-02-05,2028-02-09,,False,BILT,False,False,False,"32,000,000",,USD,,,,,,,,,,,,,,,,,,,,,,,,2028-02-09,,,"54,856.98",USD,,,0.0,,,,0.04,,False,,,3.0,,3.0,,,A004,,MNTH,,1.0,,,,MNTH,,,,1.0,,,,,USD,,,,False,,,,,,,,,,,False,,,,,,,,,QZXNP136XML0,NA/O Call Epn USD,USD-SOFR CME Term
23267,2217088563000000101,2181748381000000201,CORR,,2026-03-02 20:10:16+00:00,,IR,,N,False,2026-02-26 19:06:40+00:00,2026-02-01,2026-08-01,,False,BILT,False,False,False,"21,000,000",,USD,,,,,,,,,,,,,,,,,,,,,,,,2026-08-01,,,"12,727.26",USD,,,0.0,,,,0.04,,False,,,3.0,,3.0,,,A004,,MNTH,,1.0,,,,MNTH,,,,1.0,,,,,USD,,,,False,,,,,,,,,,,False,,,,,,,,,QZXNP136XML0,NA/O Call Epn USD,USD-SOFR CME Term
23314,2217108913000000201,,NEWT,TRAD,2026-03-02 20:14:00+00:00,,IR,,N,False,2026-03-02 20:14:00+00:00,2026-03-04,2029-02-15,,False,BILT,False,False,False,"250,000,000",,USD,,,,,,,,,,,,,,,,,,,,,,,,2029-02-15,,,0,USD,,,,,,,0.0,,False,,,,,3.0,,,A004,,MNTH,,3.0,,71250.00000,,MNTH,,,,3.0,,,UFRO,USD,USD,,,,False,,,,,,,,,,,False,,,,,,,,,QZ63327ZPG0S,NA/O P Epn USD,USD-SOFR CME Term
23335,2217105347000000101,2217065430000000101,CORR,,2026-03-02 20:16:02+00:00,,IR,,N,False,2026-03-02 19:57:25+00:00,2026-03-01,2030-03-01,,False,BILT,False,False,False,"50,000,000",,USD,,,,,,,,,,,,,,,,,,,,,,,,2030-03-01,,,"277,500",USD,,,0.0,,,,0.0425,,False,,,3.0,,3.0,A004,,,,MNTH,,1.0,,,,MNTH,,,,1.0,,,,,USD,,,,False,,,,,,,,,,,False,,,,,,,,,QZTSC5QX8B68,NA/O Call Epn USD,USD-SOFR-OIS Compound
23366,2217107683000000601,,NEWT,NOVA,2026-03-02 20:18:36+00:00,,IR,,N,False,2026-03-02 20:18:36+00:00,2026-03-04,2026-11-30,,False,BILT,False,False,False,"650,000,000",,USD,,,,,,,,,,,,,,,,,,,,,,,,2026-11-30,,,0,,,,,,,,0.0069,,False,,,,,3.0,,,A020,,EXPI,,1.0,,,,EXPI,,,,1.0,,,,,,,,,False,,,,,,,,,,,False,,,,,,,,,QZ78D9WHQW6L,NA/O P Epn USD,USD-SOFR ICE Swap Rate
23367,2217107684000000701,,NEWT,NOVA,2026-03-02 20:18:36+00:00,,IR,,N,False,2026-03-02 20:18:36+00:00,2026-03-04,2026-11-30,,False,BILT,False,False,False,"650,000,000",,USD,,,,,,,,,,,,,,,,,,,,,,,,2026-11-30,,,"133,250",USD,,,,,,,0.0089,,False,,,,,3.0,,,A020,,EXPI,,1.0,,,,EXPI,,,,1.0,,,,,,,,,False,,,,,,,,,,,False,,,,,,,,,QZ78D9WHQW6L,NA/O P Epn USD,USD-SOFR ICE Swap Rate
23368,2217107682000000501,,NEWT,NOVA,2026-03-02 20:18:36+00:00,,IR,,N,False,2026-03-02 20:18:36+00:00,2026-03-04,2026-11-30,,False,BILT,False,False,False,"650,000,000",,USD,,,,,,,,,,,,,,,,,,,,,,,,2026-11-30,,,0,,,,,,,,0.0049,,False,,,,,3.0,,,A020,,EXPI,,1.0,,,,EXPI,,,,1.0,,,,,,,,,False,,,,,,,,,,,False,,,,,,,,,QZ78D9WHQW6L,NA/O P Epn USD,USD-SOFR ICE Swap Rate
23399,2217109734000000301,1061018291000000501,TERM,ETRM,2026-03-02 20:21:13+00:00,,IR,,N,False,2025-11-17 21:20:53+00:00,2026-03-31,2028-03-31,,False,BILT,False,False,False,"14,000,000",,USD,,,,,,,,,,,,,,,,,,,,,,,,2028-03-31,,,0,XXX,,,0.0,,,,0.0,,False,,,3.0,,3.0,A004,,,,YEAR,,1.0,,,,YEAR,,,,1.0,,,,,USD,,,,False,,,,,,,,MDET,,,False,,,,,,,,,QZ57G64S82CQ,NA/O P Epn USD,USD-SOFR-COMPOUND
23401,2217109735000000401,1297086770000000301,TERM,ETRM,2026-03-02 20:21:15+00:00,,IR,,N,False,2025-12-02 21:20:03+00:00,2026-03-31,2028-03-31,,False,BILT,False,False,False,"13,000,000",,USD,,,,,,,,,,,,,,,,,,,,,,,,2028-03-31,,,0,XXX,,,0.0,,,,0.0,,False,,,3.0,,3.0,A004,,,,YEAR,,1.0,,,,YEAR,,,,1.0,,,,,USD,,,,False,,,,,,,,MDET,,,False,,,,,,,,,QZ57G64S82CQ,NA/O P Epn USD,USD-SOFR-COMPOUND
23403,2217109741000001001,1061120673000000701,TERM,ETRM,2026-03-02 20:21:17+00:00,,IR,,N,False,2025-11-17 21:23:37+00:00,2026-03-31,2030-03-31,,False,BILT,False,False,False,"1,000,000",,USD,,,,,,,,,,,,,,,,,,,,,,,,2030-03-31,,,0,XXX,,,0.0,,,,0.0,,False,,,3.0,,3.0,A004,,,,YEAR,,1.0,,,,YEAR,,,,1.0,,,,,USD,,,,False,,,,,,,,MDET,,,False,,,,,,,,,QZ57G64S82CQ,NA/O P Epn USD,USD-SOFR-COMPOUND
23404,2217109739000000801,1297033397000000101,TERM,ETRM,2026-03-02 20:21:18+00:00,,IR,,N,False,2025-12-02 21:22:15+00:00,2026-03-31,2030-03-31,,False,BILT,False,False,False,"1,000,000",,USD,,,,,,,,,,,,,,,,,,,,,,,,2030-03-31,,,0,XXX,,,0.0,,,,0.0,,False,,,3.0,,3.0,A004,,,,YEAR,,1.0,,,,YEAR,,,,1.0,,,,,USD,,,,False,,,,,,,,MDET,,,False,,,,,,,,,QZ57G64S82CQ,NA/O P Epn USD,USD-SOFR-COMPOUND
23407,2217109737000000601,1444906228000000101,TERM,ETRM,2026-03-02 20:21:22+00:00,,IR,,N,False,2025-12-11 21:33:31+00:00,2026-04-30,2028-04-30,,False,BILT,False,False,False,"9,000,000",,USD,,,,,,,,,,,,,,,,,,,,,,,,2028-04-30,,,0,XXX,,,0.0,,,,0.0,,False,,,3.0,,3.0,A004,,,,YEAR,,1.0,,,,YEAR,,,,1.0,,,,,USD,,,,False,,,,,,,,MDET,,,False,,,,,,,,,QZ57G64S82CQ,NA/O P Epn USD,USD-SOFR-COMPOUND
23409,2217109743000001201,1444912409000000801,TERM,ETRM,2026-03-02 20:21:24+00:00,,IR,,N,False,2025-12-11 21:42:54+00:00,2026-04-30,2030-04-30,,False,BILT,False,False,False,"1,000,000",,USD,,,,,,,,,,,,,,,,,,,,,,,,2030-04-30,,,0,XXX,,,0.0,,,,0.0,,False,,,3.0,,3.0,A004,,,,YEAR,,1.0,,,,YEAR,,,,1.0,,,,,USD,,,,False,,,,,,,,MDET,,,False,,,,,,,,,QZ57G64S82CQ,NA/O P Epn USD,USD-SOFR-COMPOUND
23495,2217117294000000101,,NEWT,TRAD,2026-03-02 20:27:13+00:00,,IR,,N,False,2026-03-02 20:27:13+00:00,2026-03-01,2029-09-01,,True,BILT,False,False,False,"31,000,000",,USD,,,,,,,,,,,,,,,,,,,,,,,,2029-09-01,,,"120,967.46",USD,,,0.0,,,,0.042,,False,,,3.0,,3.0,,,A004,,MNTH,,1.0,,,,MNTH,,,,1.0,,,,,USD,,,,False,,,,,,,,,,,False,,,,,,,,,QZSMPW1BQH94,NA/O Call Epn USD,USD-SOFR Average 30D
23529,2217332441000000101,2217120355000000301,MODI,TRAD,2026-03-02 20:31:53+00:00,False,IR,,N,False,2026-03-02 20:31:53+00:00,2031-03-04,2036-03-04,,False,BGCD,False,False,,"100,000,000",,USD,,,,,,,,,,,,,,,,,,,,,,,,2036-03-04,,,"7,112,300",USD,,,0.0,,,,0.03897,,False,,,3.0,,3.0,A004,,,,,,,,,,MNTH,,,,3.0,,,,,,,,,False,,,,,,,,,,,True,"7,112,300",USD,1.0,,,,,,QZTSC5QX8B68,NA/O Call Epn USD,USD-SOFR-OIS Compound
23530,2217120355000000301,,NEWT,TRAD,2026-03-02 20:31:53+00:00,,IR,,N,False,2026-03-02 20:31:53+00:00,2031-03-04,2036-03-04,,False,BGCD,False,False,,"100,000,000",,USD,,,,,,,,,,,,,,,,,,,,,,,,2036-03-04,,,"7,112,300",USD,,,0.0,,,,0.03897,,False,,,3.0,,3.0,A004,,,,,,,,,,MNTH,,,,3.0,,,,,,,,,False,,,,,,,,,,,True,"7,112,300",USD,1.0,,,,,,QZTSC5QX8B68,NA/O Call Epn USD,USD-SOFR-OIS Compound
23531,2217438576000000701,2217120356000000401,MODI,TRAD,2026-03-02 20:31:53+00:00,False,IR,,N,False,2026-03-02 20:31:53+00:00,2031-03-04,2036-03-04,,False,BGCD,False,False,,"100,000,000",,USD,,,,,,,,,,,,,,,,,,,,,,,,2036-03-04,,,"7,112,300",USD,,,0.0,,,,0.03897,,False,,,3.0,,3.0,A004,,,,,,,,,,MNTH,,,,3.0,,,,,,,,,False,,,,,,,,,,,True,"7,112,300",USD,1.0,,,,,,QZL9GWT1VKHZ,NA/O P Epn USD,USD-SOFR-OIS Compound
23532,2217120356000000401,,NEWT,TRAD,2026-03-02 20:31:53+00:00,,IR,,N,False,2026-03-02 20:31:53+00:00,2031-03-04,2036-03-04,,False,BGCD,False,False,,"100,000,000",,USD,,,,,,,,,,,,,,,,,,,,,,,,2036-03-04,,,"7,112,300",USD,,,0.0,,,,0.03897,,False,,,3.0,,3.0,A004,,,,,,,,,,MNTH,,,,3.0,,,,,,,,,False,,,,,,,,,,,True,"7,112,300",USD,1.0,,,,,,QZL9GWT1VKHZ,NA/O P Epn USD,USD-SOFR-OIS Compound
23533,2217170426000000101,2217120356000000401,MODI,TRAD,2026-03-02 20:31:53+00:00,False,IR,,N,False,2026-03-02 20:31:53+00:00,2031-03-04,2036-03-04,,False,BGCD,False,False,,"100,000,000",,USD,,,,,,,,,,,,,,,,,,,,,,,,2036-03-04,,,"7,112,300",USD,,,0.0,,,,0.03897,,False,,,3.0,,3.0,A004,,,,,,,,,,MNTH,,,,3.0,,,,,,,,,False,,,,,,,,,,,True,"7,112,300",USD,1.0,,,,,,QZL9GWT1VKHZ,NA/O P Epn USD,USD-SOFR-OIS Compound
23534,2217120359000000701,2217120355000000301,MODI,TRAD,2026-03-02 20:31:53+00:00,False,IR,,N,False,2026-03-02 20:31:53+00:00,2031-03-04,2036-03-04,,False,BGCD,False,False,,"100,000,000",,USD,,,,,,,,,,,,,,,,,,,,,,,,2036-03-04,,,"7,112,300",USD,,,0.0,,,,0.03897,,False,,,3.0,,3.0,A004,,,,,,,,,,MNTH,,,,3.0,,,,,,,,,False,,,,,,,,,,,True,"7,112,300",USD,1.0,,,,,,QZTSC5QX8B68,NA/O Call Epn USD,USD-SOFR-OIS Compound
23554,2217138618000000301,,NEWT,TRAD,2026-03-02 20:35:31+00:00,,IR,,N,False,2026-03-02 20:35:31+00:00,2026-03-02,2028-04-01,,False,XXXX,False,False,False,"75,000,000",,USD,,,,,,,,,,,,,,,,,,,,,,,,2026-03-02,,,"62,000",USD,,,0.0,,USD,,0.044,,False,,,3.0,,3.0,,,A004,,MNTH,,1.0,,,,MNTH,,,,1.0,,,,,USD,,,,False,,,,,,,,,,,False,,,,,,,,,QZQJWDQ4V0VJ,NA/O Call Epn USD,USD-SOFR CME Term
23555,2217138617000000201,,NEWT,TRAD,2026-03-02 20:35:43+00:00,,IR,,N,False,2026-03-02 20:35:43+00:00,2026-03-04,2028-04-01,,False,XXXX,False,False,False,"75,000,000",,USD,,,,,,,,,,,,,,,,,,,,,,,,2026-03-04,,,"50,000",USD,,,0.0,,USD,,0.044,,False,,,3.0,,3.0,,,A004,,MNTH,,1.0,,,,MNTH,,,,1.0,,,,,USD,,,,False,,,,,,,,,,,False,,,,,,,,,QZQJWDQ4V0VJ,NA/O Call Epn USD,USD-SOFR CME Term
23690,2217612773000000301,2217211380000000501,MODI,TRAD,2026-03-02 20:49:17+00:00,False,IR,,N,False,2026-03-02 20:49:17+00:00,2026-04-30,2029-04-30,,False,BILT,False,False,False,"320,000,000",,USD,,,,,,,,,,,,,,,,,,,,,,,,2029-04-30,,,"284,800",USD,,,0.0,,,,0.0075,,False,,,3.0,,3.0,A004,,,,,,,,,,MNTH,,,,3.0,,,,,,,,,False,,,,,,,,,,,False,,,,,,,,,QZL9GWT1VKHZ,NA/O P Epn USD,USD-SOFR-OIS Compound
23691,2217211380000000501,,NEWT,TRAD,2026-03-02 20:49:17+00:00,,IR,,N,False,2026-03-02 20:49:17+00:00,2026-04-30,2029-04-30,,True,BILT,False,False,False,"320,000,000",,USD,,,,,,,,,,,,,,,,,,,,,,,,2029-04-30,,,"284,800",USD,,,0.0,,,,0.0075,,False,,,3.0,,3.0,A004,,,,,,,,,,MNTH,,,,3.0,,,,,,,,,False,,,,,,,,,,,False,,,,,,,,,QZL9GWT1VKHZ,NA/O P Epn USD,USD-SOFR-OIS Compound
23693,2217211376000000101,,NEWT,TRAD,2026-03-02 20:49:21+00:00,,IR,,N,False,2026-03-02 20:49:21+00:00,2026-03-02,2028-03-15,,False,BILT,False,False,False,"140,000,000",,USD,,,,,,,,,,,,,,,,,,,,,,,,2028-03-15,,,"37,000",USD,,,0.0,,,,0.055,,False,,,3.0,,3.0,,,A004,,MNTH,,1.0,,,,MNTH,,,,1.0,,,,,USD,,,,False,,,,,,,,,,,False,,,,,,,,,QZXNP136XML0,NA/O Call Epn USD,USD-SOFR CME Term
23695,2217211377000000201,,NEWT,TRAD,2026-03-02 20:49:52+00:00,,IR,,N,False,2026-03-02 20:49:52+00:00,2026-03-02,2028-03-15,,False,BILT,False,False,False,"30,000,000",,USD,,,,,,,,,,,,,,,,,,,,,,,,2028-03-15,,,"13,000",USD,,,0.0,,,,0.055,,False,,,3.0,,3.0,,,A004,,MNTH,,1.0,,,,MNTH,,,,1.0,,,,,USD,,,,False,,,,,,,,,,,False,,,,,,,,,QZXNP136XML0,NA/O Call Epn USD,USD-SOFR CME Term
23716,2217553734000000101,2217221379000000101,MODI,TRAD,2026-03-02 20:52:08+00:00,False,IR,,N,False,2026-03-02 20:52:08+00:00,2026-04-30,2029-04-30,,False,BILT,False,False,False,"470,000,000",,USD,,,,,,,,,,,,,,,,,,,,,,,,2029-04-30,,,"223,250",USD,,,0.0,,,,0.0,,False,,,3.0,,3.0,A004,,,,,,,,,,MNTH,,,,3.0,,,,,,,,,False,,,,,,,,,,,False,,,,,,,,,QZL9GWT1VKHZ,NA/O P Epn USD,USD-SOFR-OIS Compound
23717,2217221379000000101,,NEWT,TRAD,2026-03-02 20:52:08+00:00,,IR,,N,False,2026-03-02 20:52:08+00:00,2026-04-30,2029-04-30,,True,BILT,False,False,False,"470,000,000",,USD,,,,,,,,,,,,,,,,,,,,,,,,2029-04-30,,,"223,250",USD,,,0.0,,,,0.0,,False,,,3.0,,3.0,A004,,,,,,,,,,MNTH,,,,3.0,,,,,,,,,False,,,,,,,,,,,False,,,,,,,,,QZL9GWT1VKHZ,NA/O P Epn USD,USD-SOFR-OIS Compound
23729,2217515409000000601,2217185207000000201,CORR,,2026-03-02 20:54:28+00:00,,IR,,N,False,2026-03-02 20:54:28+00:00,2026-03-23,2027-03-23,,True,BILT,False,False,False,"22,000,000",,USD,,,,,,,,,,,,,,,,,,,,,,,,2027-03-23,,,"10,227.9",USD,,,0.0011448,,,,0.0495,,False,,,3.0,,3.0,,,A004,,MNTH,,1.0,,,,MNTH,,,,1.0,,,,,USD,,,,False,,,,,,,,,,,False,,,,,,,,,QZZS5P93D7HH,NA/O Call Epn USD,USD-SOFR CME Term
23730,2217185207000000201,,NEWT,TRAD,2026-03-02 20:54:28+00:00,,IR,,N,False,2026-03-02 20:54:28+00:00,2026-03-23,2027-03-23,,True,BILT,False,False,False,"22,000,000",,USD,,,,,,,,,,,,,,,,,,,,,,,,2027-03-23,,,"10,227.9",USD,,,0.0011448,,,,0.0495,,False,,,3.0,,3.0,,,A004,,MNTH,,3.0,,,,MNTH,,,,3.0,,,,,USD,,,,False,,,,,,,,,,,False,,,,,,,,,QZZS5P93D7HH,NA/O Call Epn USD,USD-SOFR CME Term
23835,2217345413000000201,2217211376000000101,CORR,,2026-03-02 21:01:56+00:00,,IR,,N,False,2026-03-02 20:49:21+00:00,2026-03-02,2028-03-15,,False,BILT,False,False,False,"140,000,000",,USD,,,,,,,,,,,,,,,,,,,,,,,,2028-03-15,,,"37,000",USD,,,0.0,,,,0.055,,False,,,3.0,,3.0,,,A004,,MNTH,,1.0,,,,MNTH,,,,1.0,,,,,USD,,,,False,,,,,,,,,,,False,,,,,,,,,QZXNP136XML0,NA/O Call Epn USD,USD-SOFR CME Term
23837,2217345412000000101,2217211377000000201,CORR,,2026-03-02 21:01:57+00:00,,IR,,N,False,2026-03-02 20:49:52+00:00,2026-03-02,2028-03-15,,False,BILT,False,False,False,"30,000,000",,USD,,,,,,,,,,,,,,,,,,,,,,,,2028-03-15,,,"13,000",USD,,,0.0,,,,0.055,,False,,,3.0,,3.0,,,A004,,MNTH,,1.0,,,,MNTH,,,,1.0,,,,,USD,,,,False,,,,,,,,,,,False,,,,,,,,,QZXNP136XML0,NA/O Call Epn USD,USD-SOFR CME Term
23897,2217338907000000101,,NEWT,TRAD,2026-03-02 21:06:15+00:00,,IR,,N,False,2026-03-02 21:06:15+00:00,2026-03-02,2028-03-07,,True,BILT,False,False,False,"220,000,000",,USD,,,,,,,,,,,,220000000;220000000;230000000;230000000;230000000;230000000;230000000;230000000;240000000;240000000,,2026-03-02;2026-04-07;2026-05-07;2026-06-07;2026-07-07;2026-08-07;2026-09-07;2026-10-07;2026-11-07;2026-12-07,,,,,,,,,,2028-03-07,,,"542,602.5",USD,,,0.0,,,,0.03664,,False,,,3.0,,3.0,,,A004,,MNTH,,1.0,,,,MNTH,,,,1.0,,,,,USD,,,,False,,,,,,,,,,,False,,,,,,,,,QZQJWDQ4V0VJ,NA/O Call Epn USD,USD-SOFR CME Term
23952,2217636465000000501,,NEWT,TRAD,2026-03-02 21:11:00+00:00,,IR,,N,False,2026-03-02 21:11:00+00:00,2029-03-05,2030-03-05,2030-03-05,True,BILT,False,False,False,"73,000,000",,USD,,,,,,,,,,,,,,,,,,,,,,,,2029-03-05,,,"280,463.1",USD,,,,,,,0.04,,False,,,,,3.0,,,A004,,,,,,,,MNTH,,,,1.0,,,,,USD,,,,False,,,,,,,,,,,False,,,,,,,,,QZ5H4X8RK95P,NA/O Call Epn USD,USD-SOFR-COMPOUND
24035,2217650122000000201,,NEWT,TRAD,2026-03-02 21:17:42+00:00,,IR,,N,False,2026-03-02 21:17:42+00:00,2026-03-01,2026-05-01,,True,BILT,False,False,False,"15,000,000",,USD,,,,,,,,,,,,,,,,,,,,,,,,2026-05-01,,,"4,934.2",USD,,,0.0,,,,0.055,,False,,,3.0,,3.0,,,A004,,MNTH,,1.0,,,,MNTH,,,,1.0,,,,,USD,,,,False,,,,,,,,,,,False,,,,,,,,,QZQJWDQ4V0VJ,NA/O Call Epn USD,USD-SOFR CME Term
24040,2217524338000000101,1251739490,CORR,,2026-03-02 21:18:07+00:00,,IR,,N,False,2024-11-20 13:36:55+00:00,2025-04-01,2029-03-31,,False,BILT,False,False,False,"250,000,000",,USD,,,,,,,,,,,,,,,,,,,,,,,,2029-03-31,,,"5,143,134.37222",USD,,,0.0,,,,0.045,,False,,,3.0,,3.0,,,A004,,MNTH,,1.0,,,,MNTH,,,,1.0,,,,,USD,,,,False,,,,,,,,,,,False,,,,,,,,,QZXNP136XML0,NA/O Call Epn USD,USD-SOFR CME Term
24045,2217524340000000301,1251739490,CORR,,2026-03-02 21:18:26+00:00,,IR,,N,False,2024-11-20 13:36:55+00:00,2025-04-01,2029-03-31,,False,BILT,False,False,False,"250,000,000",,USD,,,,,,,,,,,,,,,,,,,,,,,,2029-03-31,,,"5,143,134.37222",USD,,,0.0,,,,0.045,,False,,,3.0,,3.0,,,A004,,MNTH,,1.0,,,,MNTH,,,,1.0,,,,,USD,,,,False,,,,,,,,,,,False,,,,,,,,,QZXNP136XML0,NA/O Call Epn USD,USD-SOFR CME Term
24138,2217805643000000201,1443160446,TERM,ETRM,2026-03-02 21:29:46+00:00,,IR,,N,False,2025-03-26 16:08:19+00:00,2025-04-01,2027-04-01,,True,BILT,False,False,False,"68,000,000",,USD,,,,,,,,,,,,,,,,,,,,,,,,2027-04-01,,,"374,800",USD,,,0.0,,,,0.04,,False,,,3.0,,3.0,,,A004,,MNTH,,1.0,,,,MNTH,,,,1.0,,,,,USD,,,,False,,,,,,,,,,,False,,,,,,,,,QZQJWDQ4V0VJ,NA/O Call Epn USD,USD-SOFR CME Term
24263,2218033787000000101,2218020695000000101,CORR,,2026-03-02 21:44:13+00:00,,IR,,N,False,2026-02-27 14:43:25+00:00,2026-08-31,2029-02-28,,False,BILT,False,False,False,"100,000,000",,USD,,,,,,,,,,,,,,,,,,,,,,,,2029-02-28,,,"43,000",USD,,,0.0,,,,-0.001,,False,,,3.0,,3.0,,,A004,,MNTH,,1.0,,,,MNTH,,,,1.0,,,,,USD,,,,False,,,,,,,,,,,False,,,,,,,,,QZXGTP6KDS9R,NA/O P Epn USD,USD-SOFR CME Term
24313,2218156250000000401,,NEWT,TRAD,2026-03-02 21:53:48+00:00,,IR,,N,False,2026-03-02 21:53:48+00:00,2027-03-04,2028-03-04,,False,BGCD,False,False,,"250,000,000",,USD,,,,,,,,,,,,,,,,,,,,,,,,2028-03-04,,,"1,900,000",USD,,,0.0,,,,0.03075,,False,,,3.0,,3.0,A004,,,,,,,,,,MNTH,,,,3.0,,,,,,,,,False,,,,,,,,,,,True,"1,900,000",USD,1.0,,,,,,QZTSC5QX8B68,NA/O Call Epn USD,USD-SOFR-OIS Compound
24314,2218156252000000601,2218156250000000401,MODI,TRAD,2026-03-02 21:53:48+00:00,False,IR,,N,False,2026-03-02 21:53:48+00:00,2027-03-04,2028-03-04,,False,BGCD,False,False,,"250,000,000",,USD,,,,,,,,,,,,,,,,,,,,,,,,2028-03-04,,,"1,900,000",USD,,,0.0,,,,0.03075,,False,,,3.0,,3.0,A004,,,,,,,,,,MNTH,,,,3.0,,,,,,,,,False,,,,,,,,,,,True,"1,900,000",USD,1.0,,,,,,QZTSC5QX8B68,NA/O Call Epn USD,USD-SOFR-OIS Compound
24315,2218332941000000101,2218156250000000401,MODI,TRAD,2026-03-02 21:53:48+00:00,False,IR,,N,False,2026-03-02 21:53:48+00:00,2027-03-04,2028-03-04,,False,BGCD,False,False,,"250,000,000",,USD,,,,,,,,,,,,,,,,,,,,,,,,2028-03-04,,,"1,900,000",USD,,,0.0,,,,0.03075,,False,,,3.0,,3.0,A004,,,,,,,,,,MNTH,,,,3.0,,,,,,,,,False,,,,,,,,,,,True,"1,900,000",USD,1.0,,,,,,QZTSC5QX8B68,NA/O Call Epn USD,USD-SOFR-OIS Compound
24316,2218226549000000201,2218156251000000501,MODI,TRAD,2026-03-02 21:53:48+00:00,False,IR,,N,False,2026-03-02 21:53:48+00:00,2027-03-04,2028-03-04,,False,BGCD,False,False,,"250,000,000",,USD,,,,,,,,,,,,,,,,,,,,,,,,2028-03-04,,,"1,900,000",USD,,,0.0,,,,0.03075,,False,,,3.0,,3.0,A004,,,,,,,,,,MNTH,,,,3.0,,,,,,,,,False,,,,,,,,,,,True,"1,900,000",USD,1.0,,,,,,QZL9GWT1VKHZ,NA/O P Epn USD,USD-SOFR-OIS Compound
24317,2218156251000000501,,NEWT,TRAD,2026-03-02 21:53:48+00:00,,IR,,N,False,2026-03-02 21:53:48+00:00,2027-03-04,2028-03-04,,False,BGCD,False,False,,"250,000,000",,USD,,,,,,,,,,,,,,,,,,,,,,,,2028-03-04,,,"1,900,000",USD,,,0.0,,,,0.03075,,False,,,3.0,,3.0,A004,,,,,,,,,,MNTH,,,,3.0,,,,,,,,,False,,,,,,,,,,,True,"1,900,000",USD,1.0,,,,,,QZL9GWT1VKHZ,NA/O P Epn USD,USD-SOFR-OIS Compound
24318,2218363616000000201,2218156251000000501,MODI,TRAD,2026-03-02 21:53:48+00:00,False,IR,,N,False,2026-03-02 21:53:48+00:00,2027-03-04,2028-03-04,,False,BGCD,False,False,,"250,000,000",,USD,,,,,,,,,,,,,,,,,,,,,,,,2028-03-04,,,"1,900,000",USD,,,0.0,,,,0.03075,,False,,,3.0,,3.0,A004,,,,,,,,,,MNTH,,,,3.0,,,,,,,,,False,,,,,,,,,,,True,"1,900,000",USD,1.0,,,,,,QZL9GWT1VKHZ,NA/O P Epn USD,USD-SOFR-OIS Compound
24353,2218245150000000201,1933792755000000201,MODI,TRAD,2026-03-02 22:02:19+00:00,True,IR,,N,False,2026-02-02 20:41:54+00:00,2026-02-02,2028-07-31,,False,XXXX,False,False,False,"100,000,000",,USD,,,,,,,,,,,,,,,,,,,,,,,,2026-02-02,,,"227,000",USD,,,0.0,,,,4.0,,False,,,3.0,,3.0,,,A004,,,,,,,MNTH,,MNTH,,1.0,,1.0,,,,USD,,,,False,,,,,,,,,,,False,,,,,,,,,QZXNP136XML0,NA/O Call Epn USD,USD-SOFR CME Term
24492,2218357514000000301,2093499658000000501,MODI,TRAD,2026-03-02 22:26:36+00:00,True,IR,,N,False,2026-02-17 17:13:07+00:00,2026-02-17,2027-08-17,,False,XXXX,False,False,False,"47,000,000",,USD,,,,,,,,,,,,,,,,,,,,,,,,2026-02-17,,,"14,655.875",USD,,,0.0,,,,5.15,,False,,,3.0,,3.0,,,A004,,,,,,,MNTH,,MNTH,,1.0,,1.0,,,,USD,,,,False,,,,,,,,,,,False,,,,,,,,,QZXNP136XML0,NA/O Call Epn USD,USD-SOFR CME Term
24512,2218394165000000101,2218394165000000101,TERM,ETRM,2026-03-02 22:38:44+00:00,,IR,,N,False,2023-04-18 18:20:53+00:00,2023-07-03,2027-03-02,,False,BILT,False,False,False,5,,USD,,,,,,,,,,,,,,,,,,,,,,,,2027-03-02,,,0,USD,,,,,,,0.0,,False,,,,,3.0,,,A004,,MNTH,,1.0,,4602500.00000,,MNTH,,,,1.0,,,UWIN,USD,USD,,,,False,,,,,,,,,,,False,,,,,,,,,QZXGTP6KDS9R,NA/O P Epn USD,USD-SOFR CME Term
24564,2218767939000000101,1931947282000000201,MODI,TRAD,2026-03-02 23:30:16+00:00,True,IR,,N,False,2025-11-06 20:55:54+00:00,2025-12-31,2028-12-31,,False,XOFF,False,False,False,"250,000,000",,USD,,,,,,,,,,,,,,,,,,,,,,,,2028-12-31,,,"91,500",USD,,,0.0,,,,0.04,,False,,,3.0,,3.0,A004,,,,MNTH,,3.0,,,MNTH,,,,3.0,,,,,,USD,,,,False,,,,,,,,OTHR,,,False,,,,,,,,,QZV7DX3R26B1,NA/O Call Epn USD,USD-SOFR CME Term
25043,2219548691000000101,857403689,CORR,,2026-03-03 02:26:26+00:00,,IR,,N,False,2024-01-12 18:19:00+00:00,2025-05-01,2036-03-03,,False,BILT,False,False,False,"52,000,000",,USD,,,,,,,,,,,,,,,,,,,,,,,,2036-03-03,,,"32,543.5716",USD,,,0.0,,,,0.04,,False,,,3.0,,3.0,,,A004,,MNTH,,3.0,,,,MNTH,,,,3.0,,,,,,,,,False,,,,,,,,,,,False,,,,,,,,,QZQJWDQ4V0VJ,NA/O Call Epn USD,USD-SOFR CME Term
