TemplateVersion,Header_AssetClass,Header_InstrumentType,Header_UseCase,Header_Level,Identifier_UPI,Identifier_Status,Identifier_StatusReason,Identifier_LastUpdateDateTime,Derived_ClassificationType,Derived_UnderlyingAssetType,Derived_SingleorMultiCurrency,Derived_CFIDeliveryType,Derived_ShortName,Derived_UnderlierName,Attributes_NotionalCurrency,Attributes_ReferenceRate,Attributes_ReferenceRateTermValue,Attributes_ReferenceRateTermUnit,Attributes_OtherNotionalCurrency,Attributes_OtherLegReferenceRate,Attributes_OtherLegReferenceRateTermValue,Attributes_OtherLegReferenceRateTermUnit,Attributes_NotionalSchedule,Attributes_DeliveryType,Attributes_Underlying_UnderlierCharacteristic,Attributes_Underlying_ReferenceRate,Attributes_Underlying_ReferenceRateTermValue,Attributes_Underlying_ReferenceRateTermUnit,Attributes_OtherLegUnderlying_OtherLegUnderlierCharacteristic,Attributes_OtherLegUnderlying_OtherLegReferenceRate,Attributes_OtherLegUnderlying_OtherLegReferenceRateTermValue,Attributes_OtherLegUnderlying_OtherLegReferenceRateTermUnit,Derived_OptionExerciseStyle,Derived_ValuationMethodorTrigger,Derived_CFIOptionStyleandType,Attributes_UnderlyingInstrumentIndex,Attributes_UnderlyingInstrumentIndexTermValue,Attributes_UnderlyingInstrumentIndexTermUnit,Attributes_OptionType,Attributes_UnderlyingInstrumentUPI,Attributes_OptionExerciseStyle,Attributes_ValuationMethodorTrigger,Derived_ReturnorPayoutTrigger,Attributes_UnderlyingAssetType,Attributes_UnderlyingInstrumentISIN,Attributes_UnderlierCharacteristic,Attributes_ReturnorPayoutTrigger
1,Rates,Swap,Inflation_Basis_YoY,UPI,QZZT5B2THQV4,New,,2023-10-15T13:23:47,SRGISP,Inflation Rate Index,Single Currency,Physical,NA/Swap Infl Idx USD,ESP-R-CPI vs ITL-HICP,USD,ESP-R-CPI,6.0,WEEK,,ITL-HICP,30.0,DAYS,Accreting,PHYS,,,,,,,,,,,,,,,,,,,,,,,
1,Rates,Swap,Inflation_Basis_YoY,UPI,QZ0RBR59WKQR,New,,2023-10-15T13:29:12,SRGISP,Inflation Rate Index,Single Currency,Physical,NA/Swap Infl Idx USD,DEK-CPI vs UK-RPI,USD,DEK-CPI,6.0,WEEK,,UK-RPI,30.0,DAYS,Accreting,PHYS,,,,,,,,,,,,,,,,,,,,,,,
1,Rates,Swap,Inflation_Basis_YoY,UPI,QZ4WTH3SRNH6,New,,2023-10-19T05:41:43,SRGCSP,Inflation Rate Index,Single Currency,Physical,NA/Swap Infl Idx EUR,EUR-EXT-CPI vs EUR-EXT-CPI,EUR,EUR-EXT-CPI,1.0,YEAR,,EUR-EXT-CPI,1.0,YEAR,Constant,PHYS,,,,,,,,,,,,,,,,,,,,,,,
1,Rates,Swap,Inflation_Basis_YoY,UPI,QZGN6X7ZZTBF,New,,2023-10-19T05:41:43,SRGCSC,Inflation Rate Index,Single Currency,Cash,NA/Swap Infl Idx GBP,UK-RPI vs UK-RPI,GBP,UK-RPI,1.0,MNTH,,UK-RPI,1.0,MNTH,Constant,CASH,,,,,,,,,,,,,,,,,,,,,,,
1,Rates,Swap,Inflation_Basis_YoY,UPI,QZDVG95F0BJ7,New,,2023-10-19T05:41:43,SRGYSP,Inflation Rate Index,Single Currency,Physical,NA/Swap Infl Idx GBP,UK-RPI vs UK-RPI,GBP,UK-RPI,1.0,YEAR,,UK-RPI,1.0,YEAR,Custom,PHYS,,,,,,,,,,,,,,,,,,,,,,,
1,Rates,Swap,Inflation_Basis_YoY,UPI,QZHMSZVNGKM0,New,,2023-10-19T05:41:43,SRGCSP,Inflation Rate Index,Single Currency,Physical,NA/Swap Infl Idx GBP,UK-RPI vs UK-RPI,GBP,UK-RPI,1.0,YEAR,,UK-RPI,1.0,YEAR,Constant,PHYS,,,,,,,,,,,,,,,,,,,,,,,
1,Rates,Swap,Inflation_Basis_YoY,UPI,QZMXNPKCHC3G,New,,2023-10-19T05:41:43,SRGCSP,Inflation Rate Index,Single Currency,Physical,NA/Swap Infl Idx UGX,ESP-R-CPI vs ITL-WC-EXT-CPI,UGX,ESP-R-CPI,15.0,YEAR,,ITL-WC-EXT-CPI,5.0,WEEK,Constant,PHYS,,,,,,,,,,,,,,,,,,,,,,,
1,Rates,Swap,Inflation_Basis_YoY,UPI,QZQ4J85ZP1QF,New,,2023-10-19T05:41:43,SRGDSP,Inflation Rate Index,Single Currency,Physical,NA/Swap Infl Idx EUR,EUR-EXT-CPI vs FRC-EXT-CPI,EUR,EUR-EXT-CPI,1.0,YEAR,,FRC-EXT-CPI,1.0,YEAR,Amortizing,PHYS,,,,,,,,,,,,,,,,,,,,,,,
1,Rates,Swap,Inflation_Basis_YoY,UPI,QZ7SMDVRXLT1,New,,2023-10-19T05:41:43,SRGDSP,Inflation Rate Index,Single Currency,Physical,NA/Swap Infl Idx EUR,FRC-EXT-CPI vs FRC-EXT-CPI,EUR,FRC-EXT-CPI,1.0,YEAR,,FRC-EXT-CPI,1.0,YEAR,Amortizing,PHYS,,,,,,,,,,,,,,,,,,,,,,,
1,Rates,Swap,Inflation_Basis_YoY,UPI,QZ1F86LC86FV,New,,2023-10-19T05:41:43,SRGCSP,Inflation Rate Index,Single Currency,Physical,NA/Swap Infl Idx EUR,EUR-AI-CPI vs EUR-AI-CPI,EUR,EUR-AI-CPI,1.0,YEAR,,EUR-AI-CPI,1.0,YEAR,Constant,PHYS,,,,,,,,,,,,,,,,,,,,,,,
1,Rates,Swap,Inflation_Basis_YoY,UPI,QZJLD345PCF7,New,,2023-10-19T05:41:43,SRGCSP,Inflation Rate Index,Single Currency,Physical,NA/Swap Infl Idx EUR,EUR-AI-CPI vs EUR-EXT-CPI,EUR,EUR-AI-CPI,1.0,YEAR,,EUR-EXT-CPI,1.0,YEAR,Constant,PHYS,,,,,,,,,,,,,,,,,,,,,,,
1,Rates,Swap,Inflation_Basis_YoY,UPI,QZ4Q7LQR4LNL,New,,2023-10-19T05:41:43,SRGDSP,Inflation Rate Index,Single Currency,Physical,NA/Swap Infl Idx EUR,EUR-EXT-CPI vs EUR-EXT-CPI,EUR,EUR-EXT-CPI,1.0,YEAR,,EUR-EXT-CPI,1.0,YEAR,Amortizing,PHYS,,,,,,,,,,,,,,,,,,,,,,,
1,Rates,Swap,Inflation_Basis_YoY,UPI,QZ5H2S9CWTWN,New,,2023-12-18T18:47:17,SRGCSP,Inflation Rate Index,Single Currency,Physical,NA/Swap Infl Idx EUR,EUR-EXT-CPI vs EUR-EXT-CPI,EUR,EUR-EXT-CPI,3.0,MNTH,,EUR-EXT-CPI,3.0,MNTH,Constant,PHYS,,,,,,,,,,,,,,,,,,,,,,,
1,Rates,Swap,Inflation_Basis_YoY,UPI,QZKD774K0QDX,New,,2024-01-08T14:05:01,SRGCSC,Inflation Rate Index,Single Currency,Cash,NA/Swap Infl Idx GBP,DEK-CPI vs UK-RPI,GBP,DEK-CPI,1.0,YEAR,,UK-RPI,2.0,MNTH,Constant,CASH,,,,,,,,,,,,,,,,,,,,,,,
1,Rates,Swap,Inflation_Basis_YoY,UPI,QZR4320MMRRK,New,,2024-03-11T20:52:02,SRGCSC,Inflation Rate Index,Single Currency,Cash,NA/Swap Infl Idx EUR,AUD-CPI vs AUD-CPI,EUR,AUD-CPI,3.0,MNTH,,AUD-CPI,100.0,DAYS,Constant,CASH,,,,,,,,,,,,,,,,,,,,,,,
1,Rates,Swap,Inflation_Basis_YoY,UPI,QZXCN4TB71FL,New,,2024-03-16T10:49:06,SRGCSC,Inflation Rate Index,Single Currency,Cash,NA/Swap Infl Idx EUR,EUR-EXT-CPI vs UK-RPI,EUR,EUR-EXT-CPI,1.0,WEEK,,UK-RPI,1.0,MNTH,Constant,CASH,,,,,,,,,,,,,,,,,,,,,,,
1,Rates,Swap,Inflation_Basis_YoY,UPI,QZ0B3832MW00,New,,2024-03-16T10:49:08,SRGCSC,Inflation Rate Index,Single Currency,Cash,NA/Swap Infl Idx EUR,EUR-EXT-CPI vs UK-RPI,EUR,EUR-EXT-CPI,3.0,DAYS,,UK-RPI,1.0,MNTH,Constant,CASH,,,,,,,,,,,,,,,,,,,,,,,
1,Rates,Swap,Inflation_Basis_YoY,UPI,QZ202KP5R8LF,New,,2024-03-16T10:49:09,SRGCSC,Inflation Rate Index,Single Currency,Cash,NA/Swap Infl Idx EUR,EUR-EXT-CPI vs UK-RPI,EUR,EUR-EXT-CPI,7.0,WEEK,,UK-RPI,1.0,MNTH,Constant,CASH,,,,,,,,,,,,,,,,,,,,,,,
1,Rates,Swap,Inflation_Basis_YoY,UPI,QZBXWLFB5QMC,New,,2024-03-16T10:49:11,SRGCSC,Inflation Rate Index,Single Currency,Cash,NA/Swap Infl Idx EUR,EUR-EXT-CPI vs UK-RPI,EUR,EUR-EXT-CPI,7.0,MNTH,,UK-RPI,1.0,MNTH,Constant,CASH,,,,,,,,,,,,,,,,,,,,,,,
1,Rates,Swap,Inflation_Basis_YoY,UPI,QZ1VCS12CS8B,New,,2024-03-16T10:49:11,SRGCSC,Inflation Rate Index,Single Currency,Cash,NA/Swap Infl Idx EUR,EUR-EXT-CPI vs UK-RPI,EUR,EUR-EXT-CPI,7.0,YEAR,,UK-RPI,1.0,MNTH,Constant,CASH,,,,,,,,,,,,,,,,,,,,,,,
1,Rates,Swap,Inflation_Basis_YoY,UPI,QZR5GBTVCGT8,New,,2024-03-16T10:49:13,SRGCSC,Inflation Rate Index,Single Currency,Cash,NA/Swap Infl Idx EUR,EUR-EXT-CPI vs UK-RPI,EUR,EUR-EXT-CPI,1.0,WEEK,,UK-RPI,1.0,YEAR,Constant,CASH,,,,,,,,,,,,,,,,,,,,,,,
1,Rates,Swap,Inflation_Basis_YoY,UPI,QZ2VK8KRKG1Q,New,,2024-03-16T10:49:16,SRGCSC,Inflation Rate Index,Single Currency,Cash,NA/Swap Infl Idx EUR,EUR-EXT-CPI vs UK-RPI,EUR,EUR-EXT-CPI,1.0,WEEK,,UK-RPI,1.0,WEEK,Constant,CASH,,,,,,,,,,,,,,,,,,,,,,,
1,Rates,Swap,Inflation_Basis_YoY,UPI,QZKB61N3F8D8,New,,2024-03-16T10:49:16,SRGCSC,Inflation Rate Index,Single Currency,Cash,NA/Swap Infl Idx EUR,EUR-EXT-CPI vs UK-RPI,EUR,EUR-EXT-CPI,1.0,WEEK,,UK-RPI,1.0,DAYS,Constant,CASH,,,,,,,,,,,,,,,,,,,,,,,
1,Rates,Swap,Inflation_Basis_YoY,UPI,QZKFH7W1RDX9,New,,2024-03-16T10:49:17,SRGISC,Inflation Rate Index,Single Currency,Cash,NA/Swap Infl Idx EUR,EUR-EXT-CPI vs UK-RPI,EUR,EUR-EXT-CPI,1.0,WEEK,,UK-RPI,1.0,MNTH,Accreting,CASH,,,,,,,,,,,,,,,,,,,,,,,
1,Rates,Swap,Inflation_Basis_YoY,UPI,QZJC01PG158B,New,,2024-03-16T10:49:19,SRGDSC,Inflation Rate Index,Single Currency,Cash,NA/Swap Infl Idx EUR,EUR-EXT-CPI vs UK-RPI,EUR,EUR-EXT-CPI,1.0,WEEK,,UK-RPI,1.0,MNTH,Amortizing,CASH,,,,,,,,,,,,,,,,,,,,,,,
1,Rates,Swap,Inflation_Basis_YoY,UPI,QZHW5CZCRFLL,New,,2024-03-16T10:49:19,SRGYSC,Inflation Rate Index,Single Currency,Cash,NA/Swap Infl Idx EUR,EUR-EXT-CPI vs UK-RPI,EUR,EUR-EXT-CPI,1.0,WEEK,,UK-RPI,1.0,MNTH,Custom,CASH,,,,,,,,,,,,,,,,,,,,,,,
1,Rates,Swap,Inflation_Basis_YoY,UPI,QZWLQC7S81L9,New,,2024-03-16T10:49:20,SRGCSP,Inflation Rate Index,Single Currency,Physical,NA/Swap Infl Idx EUR,EUR-EXT-CPI vs UK-RPI,EUR,EUR-EXT-CPI,1.0,WEEK,,UK-RPI,1.0,MNTH,Constant,PHYS,,,,,,,,,,,,,,,,,,,,,,,
1,Rates,Swap,Inflation_Basis_YoY,UPI,QZT8T0Z79C38,New,,2024-03-20T15:34:25,SRGCSP,Inflation Rate Index,Single Currency,Physical,NA/Swap Infl Idx USD,AUD-CPI vs AUS-CPI,USD,AUD-CPI,1.0,DAYS,,AUS-CPI,12.0,DAYS,Constant,PHYS,,,,,,,,,,,,,,,,,,,,,,,
1,Rates,Swap,Inflation_Basis_YoY,UPI,QZHHSLM9S7L4,New,,2024-08-09T11:27:27,SRGCSC,Inflation Rate Index,Single Currency,Cash,NA/Swap Infl Idx EUR,EUR-EXT-CPI vs EUR-EXT-CPI,EUR,EUR-EXT-CPI,1.0,YEAR,,EUR-EXT-CPI,1.0,YEAR,Constant,CASH,,,,,,,,,,,,,,,,,,,,,,,
1,Rates,Swap,Inflation_Basis_YoY,UPI,QZTXG9HCZGCP,New,,2024-08-20T16:45:07,SRGCSC,Inflation Rate Index,Single Currency,Cash,NA/Swap Infl Idx EUR,EUR-EXT-CPI vs OTHER-INFLATION,EUR,EUR-EXT-CPI,6.0,MNTH,,OTHER-INFLATION,1.0,DAYS,Constant,CASH,,,,,,,,,,,,,,,,,,,,,,,
1,Rates,Swap,Inflation_Basis_YoY,UPI,QZS6VP81FPCD,New,,2024-08-21T09:32:35,SRGYSC,Inflation Rate Index,Single Currency,Cash,NA/Swap Infl Idx EUR,EUR-EXT-CPI vs EUR-EXT-CPI,EUR,EUR-EXT-CPI,1.0,YEAR,,EUR-EXT-CPI,1.0,YEAR,Custom,CASH,,,,,,,,,,,,,,,,,,,,,,,
1,Rates,Swap,Inflation_Basis_YoY,UPI,QZKZ7C77FX9G,New,,2024-09-27T14:42:05,SRGCSP,Inflation Rate Index,Single Currency,Physical,NA/Swap Infl Idx EUR,AUD-CPI vs AUD-CPI,EUR,AUD-CPI,1.0,DAYS,,AUD-CPI,1.0,DAYS,Constant,PHYS,,,,,,,,,,,,,,,,,,,,,,,
1,Rates,Swap,Inflation_Basis_YoY,UPI,QZPVPPFQ5133,New,,2024-11-25T15:51:03,SRGCSP,Inflation Rate Index,Single Currency,Physical,NA/Swap Infl Idx USD,USA-CPI-U vs USA-CPI-U,USD,USA-CPI-U,1.0,MNTH,,USA-CPI-U,3.0,MNTH,Constant,PHYS,,,,,,,,,,,,,,,,,,,,,,,
1,Rates,Swap,Inflation_Basis_YoY,UPI,QZRGDN0T071B,New,,2024-12-04T14:36:25,SRGCSP,Inflation Rate Index,Single Currency,Physical,NA/Swap Infl Idx EUR,UK-CPIH vs UK-CPIH,EUR,UK-CPIH,1.0,DAYS,,UK-CPIH,1.0,DAYS,Constant,PHYS,,,,,,,,,,,,,,,,,,,,,,,
