minute,case,total_dv01,first_minute_maxbkt_pct,first_minute_tot_pct,midday_maxbkt_pct,midday_tot_pct
01:01,2Y payer 200mm,37331.258317114865,0.0,0.0,0.34519217635938887,0.421364456002248
01:01,10Y payer 100mm,81740.52527797958,0.0,0.0,0.8615170175711352,1.4131261704146854
01:01,30Y recv 50mm,-93435.2892892705,0.0,0.0,1.5539465180072516,2.536673128205089
01:01,50Y payer 25mm,66071.7476728938,0.0,0.0,1.9983101386346993,3.321639635634019
01:01,5Yx5Y payer 300mm,112631.20741644158,0.0,0.0,1.8775285640778108,2.028250691057323
02:59,2Y payer 200mm,37329.15389453219,0.004579944035119862,0.005637477314977297,0.3497915805251441,0.42702568764284576
02:59,10Y payer 100mm,81763.60844891585,0.013782284659035124,0.02823159517316333,0.8474915129153515,1.3844956271818043
02:59,30Y recv 50mm,-93525.79019740429,0.05661408610964932,0.09676572413103639,1.4958287442968434,2.4374527739527077
02:59,50Y payer 25mm,66161.08865808124,0.08052262359442093,0.13503554279335256,1.9150890860978784,3.182118698729049
02:59,5Yx5Y payer 300mm,112698.53718155048,0.030026573004895134,0.05974324671173864,1.8463802945507952,1.9672957015312933
05:06,2Y payer 200mm,37338.19457513002,0.015265366250533948,0.01857684361572592,0.3298626842980789,0.4027093361704782
05:06,10Y payer 100mm,81791.11525274777,0.03971951418057125,0.06185265308078036,0.8212646322584538,1.3503994613061245
05:06,30Y recv 50mm,-93493.28739319839,0.04116555102436449,0.06203451129488578,1.5118169838546573,2.4730650041319726
05:06,50Y payer 25mm,66113.61170676553,0.03976455497810752,0.06332135363804244,1.9572802266269222,3.256214974815715
05:06,5Yx5Y payer 300mm,112715.54836452838,0.08655069548739708,0.07482636540438603,1.789572982206485,1.9519066593795293
07:07,2Y payer 200mm,37337.04208381596,0.012692714106173324,0.015490693365889882,0.33244598959165267,0.4058084903605259
07:07,10Y payer 100mm,81786.59741265603,0.034666894333024834,0.05633213281143078,0.8263648123275791,1.3559979934921433
07:07,30Y recv 50mm,-93498.39314262276,0.04397055282661079,0.06749191214014467,1.5089271769620025,2.4674691668659734
07:07,50Y payer 25mm,66119.96527768114,0.04532995564117695,0.07292442545128228,1.9515229268061884,3.246292923562889
07:07,5Yx5Y payer 300mm,112716.79898780062,0.07553571183001467,0.07593506214481856,1.8005671497658768,1.9507754754897972
09:05,2Y payer 200mm,37483.10431015201,0.3322452541918951,0.40510516893346016,0.011548530818307952,0.0145523178774743
09:05,10Y payer 100mm,82669.92667754953,0.7045398163829033,1.124231551813321,0.14729175505245612,0.2730078083266311
09:05,30Y recv 50mm,-95014.23090989211,1.0406630003281803,1.661794875884456,0.48746011406884165,0.8327239482581831
09:05,50Y payer 25mm,67410.97068929045,1.2096408490145614,1.98665440165425,0.7489697732922485,1.2689957339513533
09:05,5Yx5Y payer 300mm,114349.06092531452,1.5295534708290168,1.5022891267947818,0.31976918577818686,0.4954913746666471
11:03,2Y payer 200mm,37490.9704703515,0.3489671128193219,0.42600165115208066,0.005245460830871842,0.0064322146897702525
11:03,10Y payer 100mm,82876.82497445955,0.8386367198886456,1.3710704974884658,0.011068292023729257,0.02268071691137505
11:03,30Y recv 50mm,-95707.6404619977,1.458898191208749,2.3742630805212177,0.05815354833041129,0.10218275412739518
11:03,50Y payer 25mm,68165.10250813204,1.8495482964885845,3.0710066562116585,0.08739360477689086,0.14862520511667532
11:03,5Yx5Y payer 300mm,114860.79310835086,1.8171015222067117,1.9411198822265285,0.0239819616193023,0.047760031405283856
13:01,2Y payer 200mm,37494.112300346795,0.35534011575157776,0.43434548317182864,0.01164726601846844,0.014811204651917976
13:01,10Y payer 100mm,83022.93110186701,0.9360453807625023,1.544640506987098,0.0878357040193581,0.15334205581547355
13:01,30Y recv 50mm,-96191.59418839792,1.7454016955882456,2.865432184988027,0.2359824612454744,0.4014457050264688
13:01,50Y payer 25mm,68642.57866449251,2.248147724240012,3.7452424451655197,0.32467914510350543,0.5480062670407074
13:01,5Yx5Y payer 300mm,115203.47810569525,2.025691740592831,2.2328064495532813,0.19008475538595498,0.24984267073899558
14:59,2Y payer 200mm,37429.03345259926,0.2129983204234495,0.2612280533725701,0.13129211713324135,0.15903568046365926
14:59,10Y payer 100mm,82643.17207292431,0.6528195293396758,1.0922218645579453,0.19928781099866003,0.30546983284968027
14:59,30Y recv 50mm,-95479.58463415588,1.2999445428431724,2.1410811041107896,0.2207307198990384,0.3412797950732443
14:59,50Y payer 25mm,68046.00857871932,1.7344988199518123,2.9013618095491758,0.2058331114841908,0.32390504224570926
14:59,5Yx5Y payer 300mm,114500.4848368752,1.4149356392183996,1.63254978622729,0.43194133630020265,0.3625887025090232
16:57,2Y payer 200mm,37420.391537863456,0.19414306528768033,0.2381942494065079,0.1502268831582193,0.1821665406924997
16:57,10Y payer 100mm,82480.8236743205,0.5443236627421795,0.8975400139843709,0.30946089486897005,0.5029027836027575
16:57,30Y recv 50mm,-94879.60200892542,0.9413511231852691,1.522258408629338,0.5889403132860141,0.9757999995822081
16:57,50Y payer 25mm,67440.32093181723,1.2161555547449434,2.02931012191811,0.7416026739791262,1.224923144376344
16:57,5Yx5Y payer 300mm,114115.25418314351,1.1814367618275867,1.3004806213901778,0.6716749071133268,0.7013930624767322
18:55,2Y payer 200mm,37428.30019500431,0.2114643955158362,0.2592740717153861,0.13283278703266274,0.16099789550502347
18:55,10Y payer 100mm,82505.06349655945,0.5632803468770463,0.926656118035408,0.29025337054284983,0.47337523226557016
18:55,30Y recv 50mm,-94887.41187587965,0.9499637632440756,1.5303637836688477,0.5802017200340099,0.9674890176721309
18:55,50Y payer 25mm,67436.14712609048,1.2140405640804133,2.023246450669184,0.7438388356009972,1.2311882289328488
18:55,5Yx5Y payer 300mm,114153.7015951412,1.222528988268394,1.333723004532359,0.6299585454336449,0.667476440468746
20:54,2Y payer 200mm,37427.3525667546,0.20933623400004706,0.25674872265769083,0.13496966585582482,0.16353388548603784
20:54,10Y payer 100mm,82562.01522236383,0.6046318371081314,0.9949974478841508,0.24831310812508345,0.4040681531995253
20:54,30Y recv 50mm,-95004.17975386576,1.0233187185304171,1.6513909900173822,0.5049660666887739,0.843391746702336
20:54,50Y payer 25mm,67542.22215558843,1.306501209593244,2.177118898023937,0.648303341372111,1.0722046933784404
20:54,5Yx5Y payer 300mm,114269.95622474558,1.3118471611391676,1.4341029457304688,0.5387557104942723,0.5650605424196025
22:59,2Y payer 200mm,37417.70661535818,0.18829998158238667,0.23103580113014027,0.15609467726691173,0.1893551521255052
22:59,10Y payer 100mm,82516.9861057134,0.5705199505433545,0.9409709011173526,0.28289044258426227,0.4588581632376564
22:59,30Y recv 50mm,-94861.02993762602,0.9373112019337412,1.5029782507031513,0.5932798378803025,0.9955692320935841
22:59,50Y payer 25mm,67398.90459328778,1.1834186736866878,1.9691075521220613,0.7755425890933347,1.2871254265924084
22:59,5Yx5Y payer 300mm,114188.84308891723,1.2380395419840504,1.364087445270585,0.6138778906698059,0.6364961327514111
