index,trade_id,as_of_date,tenor_years,special_tenor_type,is_off_date,platform,printed_pct,diff_bp,diff_bp_m1,diff_bp_placebo
FED_FUNDS,920996413,2024-03-04,5.002739726027397,STANDARD,False,BBSF,3.9219999999999997,-0.11801915930096385,0.15702269244428635,-3.5851699609750654
FED_FUNDS,924463160,2024-03-06,5.002739726027397,STANDARD,False,BBSF,3.833,-0.6260164131171475,-0.79105899421541,-15.1549484388664
FED_FUNDS,927532486,2024-03-08,5.002739726027397,STANDARD,False,BILT,3.7955,0.12200851518415767,0.1649960024753927,-15.32096792084161
FED_FUNDS,932239944,2024-03-13,3.767123287671233,STANDARD,True,TWSF,4.0395,0.019539532617507405,0.010782331721514993,8.063345437674707
FED_FUNDS,941460007,2024-03-21,4.736986301369863,STANDARD,True,TWSF,4.008,-0.1153098223560356,-0.08836217270244973,-2.4223356390668194
FED_FUNDS,944537778,2024-03-25,3.734246575342466,STANDARD,True,TWSF,4.101500000000001,0.19672480821926186,0.2034823241982231,-9.891254082062684
FED_FUNDS,950582080,2024-04-02,5.002739726027397,STANDARD,False,BMTF,4.0465,0.12083749132818511,0.11663547619349401,9.109135499239507
FED_FUNDS,954201808,2024-04-04,5.002739726027397,STANDARD,False,BBSF,4.05029,-0.3789995640715915,-0.6139992006596984,9.81512223278962
FED_FUNDS,956682937,2024-04-08,5.002739726027397,STANDARD,False,BBSF,4.0786999999999995,-0.012240989434264549,0.10854534913224967,9.62254896189867
FED_FUNDS,969253118,2024-04-18,5.002739726027397,STANDARD,False,BILT,4.3325000000000005,0.8937031515488414,0.8775690111532342,
FED_FUNDS,984741733,2024-04-30,4.717808219178083,STANDARD,True,BBSF,4.4766,2.3307926487267316,2.274727309746538,13.594815502976498
FED_FUNDS,994998032,2024-05-10,5.002739726027397,STANDARD,False,BBSF,4.22905,-0.41202144062424395,-0.3920068609052585,4.3368884480858405
FED_FUNDS,1001412549,2024-05-16,5.002739726027397,STANDARD,False,BBSF,4.1320500000000004,-0.22100719939865954,-0.3159578035367261,-8.731896399079186
FED_FUNDS,1004751655,2024-05-20,4.002739726027397,STANDARD,False,BBSF,4.2926,-0.058011384398071186,-0.00400407729905794,-3.0214360281598296
FED_FUNDS,1009383599,2024-05-23,4.561643835616438,STANDARD,True,BBSF,4.2912,-0.26571572722797754,-0.17640562855891773,13.248729542330917
FED_FUNDS,1016885174,2024-05-30,4.553424657534246,STANDARD,True,BBSF,4.3325000000000005,-0.11402954370902663,-0.06614253179391127,4.190259079499992
FED_FUNDS,1018746372,2024-05-31,4.542465753424658,STANDARD,True,BBSF,4.2705,-0.38353156403667654,-0.3747237990475938,-1.0768237128012004
FED_FUNDS,1026184101,2024-06-06,4.380821917808219,STANDARD,True,BBSF,4.077999999999999,-0.2564741238503032,-0.3188677008568064,-26.545048859695797
FED_FUNDS,1030676378,2024-06-11,5.002739726027397,STANDARD,False,XOFF,4.108,-3.7860555191917555,-3.83198915368661,4.249802645008938
FED_FUNDS,1034404707,2024-06-13,4.002739726027397,STANDARD,False,BILT,4.0135,-3.7190036666049586,-3.7200147726682786,-10.100894421919726
FED_FUNDS,1044050504,2024-06-20,4.002739726027397,STANDARD,False,BBSF,4.06322,-0.054992987888891065,-0.06702000157225996,1.1932818335586681
FED_FUNDS,1051150709,2024-06-26,3.219178082191781,STANDARD,True,BBSF,4.2394,0.29827294780178093,0.2802799997962957,
FED_FUNDS,1055962231,2024-07-01,4.002739726027397,STANDARD,False,TWSF,4.206,0.041023213533808445,-0.1330227113938598,14.49402874867518
FED_FUNDS,1069978768,2024-07-11,5.002739726027397,STANDARD,False,TWSF,3.7835,-0.6879878977925635,-12.279011057548583,-20.283482071373626
FED_FUNDS,1070497719,2024-07-11,5.002739726027397,STANDARD,False,BILT,3.7455000000000003,-3.191021594779375,-3.2280263664660858,-24.08348207137361
FED_FUNDS,1077098324,2024-07-17,4.972602739726027,STANDARD,True,TWSF,3.7448,-0.32666751410315165,-0.22527792307425187,-17.002013495442057
FED_FUNDS,1083774859,2024-07-22,5.002739726027397,STANDARD,False,TWSF,3.925,25.698840640986553,25.630826442862986,26.72229948073559
FED_FUNDS,1094443780,2024-07-30,5.002739726027397,STANDARD,False,BILT,3.6929999999999996,-0.16896122087692866,-0.16298235336007494,-10.401263162787844
FED_FUNDS,1098260281,2024-08-01,5.002739726027397,STANDARD,False,TWSF,3.5215000000000005,-0.17800376091354764,-0.1790189911218043,-26.045430241573087
FED_FUNDS,1112992375,2024-08-13,4.002739726027397,STANDARD,False,BILT,3.37,-1.4780028312253446,-1.4949994460791594,-5.477232544809718
FED_FUNDS,1142199599,2024-09-04,5.002739726027397,STANDARD,False,TWSF,3.2300000000000004,0.2179959288142186,0.2430006970448595,-4.3576094158970236
FED_FUNDS,1159364977,2024-09-19,4.2465753424657535,STANDARD,True,BBSF,3.1477999999999997,-0.6898847249031892,-0.9564031711516208,2.787160228855079
FED_FUNDS,1169191130,2024-09-26,5.002739726027397,STANDARD,False,BBSF,3.1776999999999997,-0.44799861544695396,-0.5720009808058091,1.6560862959313027
FED_FUNDS,1173515386,2024-09-30,4.002739726027397,STANDARD,False,BILT,3.168,-1.4739585429913937,-1.4719916987524506,-0.8866106983564048
FED_FUNDS,1178459909,2024-10-07,5.002739726027397,STANDARD,False,BBSF,3.48271,-0.24103925020577677,-0.00900039009059661,32.67770715631313
FED_FUNDS,1187754400,2024-10-11,4.0849315068493155,STANDARD,True,BBSF,3.5349,0.22742747631818716,-0.006470347295950418,15.145542022025005
FED_FUNDS,1196929344,2024-10-17,5.002739726027397,STANDARD,False,BBSF,3.515,,,0.9992716601689988
FED_FUNDS,1201850368,2024-10-21,5.002739726027397,STANDARD,False,BBSF,3.6054000000000004,-0.05899678456375845,-0.0929894466000114,12.144520414354432
FED_FUNDS,1206142330,2024-10-23,5.005479452054795,STANDARD,False,TWSF,3.628,-0.17418721470705556,-0.28667648336582197,22.18061961420763
FED_FUNDS,1214800048,2024-10-29,4.136986301369863,STANDARD,True,BBSF,3.7025,-0.21280059871005008,0.002860495686540787,7.180724347707734
FED_FUNDS,1221431033,2024-11-01,4.002739726027397,STANDARD,False,BILT,3.749,-2.098077200109749,-2.1019940478438137,9.608130634919387
FED_FUNDS,1224492867,2024-11-04,5.002739726027397,STANDARD,False,BILT,3.8289999999999997,10.852053601364897,10.830135677760966,11.653269455053472
FED_FUNDS,1238055215,2024-11-12,4.002739726027397,STANDARD,False,BBSF,3.94165,-0.024000378132171818,0.17297500349000572,11.797768153915555
FED_FUNDS,1240766353,2024-11-13,5.002739726027397,STANDARD,False,BBSF,3.882,-0.43099968243480724,-0.4869545855758606,2.197127558212175
FED_FUNDS,1243034786,2024-11-14,4.002739726027397,STANDARD,False,BBSF,3.9059999999999997,-0.4679997089503729,-0.543990842156683,5.752026790987719
FED_FUNDS,1245140353,2024-11-15,5.005479452054795,STANDARD,False,TWSF,3.8434999999999997,-0.17538934955902974,-0.20497541242390227,6.518759605899671
FED_FUNDS,1247804742,2024-11-18,5.002739726027397,STANDARD,False,TWSF,3.8309999999999995,-0.35533901263118395,-0.3469566295700943,6.850837161125023
FED_FUNDS,1249934318,2024-11-19,5.005479452054795,STANDARD,False,TWSF,3.8280000000000003,0.06414023187963913,0.11268851233023902,-6.00586201103237
FED_FUNDS,1256126289,2024-11-22,4.931506849315069,MATCHED_MATURITY,True,TWSF,3.8931,-0.13208639383628373,-0.006035460932274361,-0.18801135924713108
FED_FUNDS,1258632672,2024-11-25,5.002739726027397,STANDARD,False,TWSF,3.8309999999999995,5.913665171310178,5.989134667917817,-4.347457201295146
FED_FUNDS,1258952485,2024-11-25,5.002739726027397,STANDARD,False,BBSF,3.7784,-0.4849769256447978,-0.45599609306026245,-8.491495620976508
FED_FUNDS,1271523203,2024-12-03,4.002739726027397,STANDARD,False,BBSF,3.76911,-0.21901700094657528,-0.22200285040918644,-10.489586690918662
FED_FUNDS,1275915137,2024-12-05,5.005479452054795,STANDARD,False,TWSF,3.7144999999999997,0.04984556977509769,-0.13296955357340323,-2.497755822970049
FED_FUNDS,1280959753,2024-12-09,5.002739726027397,STANDARD,False,BILT,3.6700000000000004,-1.9090080723434433,-1.8749870833146165,-5.322578293905922
FED_FUNDS,1283039361,2024-12-10,5.002739726027397,STANDARD,False,BBSF,3.7281500000000003,-0.6230124102351908,-0.5930041984522738,0.8178985484547763
FED_FUNDS,1285079929,2024-12-11,3.989041095890411,STANDARD,False,TWSF,3.7624999999999997,-0.1773134350605332,-0.14917831223697497,2.669182225936062
FED_FUNDS,1286831869,2024-12-12,5.005479452054795,STANDARD,False,TWSF,3.764,-0.5614255027611925,-0.455894944786861,4.728423817879612
FED_FUNDS,1291668611,2024-12-16,4.756164383561644,STANDARD,True,BBSF,3.837,,,19.544457769104184
FED_FUNDS,1301960670,2024-12-23,5.002739726027397,STANDARD,False,BBSF,4.0285,0.020013207829627788,-0.0019759229013871504,
FED_FUNDS,1305973400,2024-12-26,4.994520547945205,STANDARD,False,BBSF,4.0491,0.14345792730017237,0.09057111937105233,-0.9597282161272425
FED_FUNDS,1311423477,2024-12-31,3.9616438356164383,STANDARD,True,BBSF,4.01127,0.395284410104324,0.38989479617166367,-9.004587515134066
FED_FUNDS,1318271811,2025-01-06,3.73972602739726,STANDARD,True,TWSF,4.0625,0.10834741136331871,0.10306640955528579,8.571293953215031
FED_FUNDS,1328524656,2025-01-13,4.002739726027397,STANDARD,False,BBSF,4.223,-0.5060089699703951,-0.45900863762016186,19.802889387703804
FED_FUNDS,1333159448,2025-01-15,5.002739726027397,STANDARD,False,BBSF,4.1236299999999995,0.27599934957507344,0.733005281644683,1.9950450604194536
FED_FUNDS,1342610116,2025-01-21,4.008219178082192,STANDARD,False,TWSF,4.026,0.013036091007023742,-0.03422847885534708,-20.2591517560486
FED_FUNDS,1349608233,2025-01-24,5.002739726027397,STANDARD,False,XOFF,4.038,-4.163155776554905,-4.329935713015498,-3.656082413205919
FED_FUNDS,1350096771,2025-01-24,5.002739726027397,STANDARD,False,BBSF,4.08094,-0.1489859566716767,-0.1429995437465692,-0.21750907243651696
FED_FUNDS,1353604866,2025-01-28,5.002739726027397,STANDARD,False,BILT,3.998,-2.9800003119970775,-2.910038826159589,-6.002773332869538
FED_FUNDS,1355926951,2025-01-30,4.756164383561644,STANDARD,True,TWSF,3.9805,-0.030350529355605005,0.048671927458876496,-10.166031224741978
FED_FUNDS,1358694156,2025-02-03,3.73972602739726,STANDARD,True,BBSF,3.995,0.10477271268509725,0.19404947966532582,3.76723014166771
FED_FUNDS,1359869129,2025-02-04,4.756164383561644,STANDARD,True,TWSF,3.9875000000000003,0.03821556425962491,-0.3561217429462804,-2.005125701476329
FED_FUNDS,1367128900,2025-02-07,5.002739726027397,STANDARD,False,BILT,4.044,1.4469987607350632,2.144950304929427,6.065919055677682
FED_FUNDS,1368356112,2025-02-10,4.424657534246576,STANDARD,True,TWSF,4.020300000000001,,,3.0314172173852683
FED_FUNDS,1377069578,2025-02-13,3.73972602739726,STANDARD,True,TWSF,4.096,-0.1213728877091036,-0.16753104211320036,16.102830977149196
FED_FUNDS,1386589087,2025-02-19,4.2465753424657535,MATCHED_MATURITY,True,TWSF,4.018,-3.5315697635810217,-3.6539807291465998,-14.566206529965875
FED_FUNDS,1388863883,2025-02-20,4.756164383561644,STANDARD,True,TWSF,4.014,-0.6371132441507221,-0.6014475239044081,-6.742439111936349
FED_FUNDS,1398066960,2025-02-26,3.0027397260273974,STANDARD,False,BBSF,3.83566,0.45731163171014444,-0.028814112029884598,-24.366758942715183
FED_FUNDS,1400729224,2025-02-27,5.002739726027397,STANDARD,False,TWSF,3.755,-0.010983092791905236,0.027998562673303695,-27.55445616805643
FED_FUNDS,1403054672,2025-02-28,3.0027397260273974,STANDARD,False,TWSF,3.7249999999999996,-0.3399820398500619,-0.35499553581983534,-24.309833164376027
FED_FUNDS,1409501443,2025-03-05,4.002739726027397,STANDARD,False,BBSF,3.6839999999999997,0.17799968539349287,0.31997618723638155,-13.945516000290281
FED_FUNDS,1418925992,2025-03-11,4.002739726027397,STANDARD,False,BBSF,3.6435000000000004,-0.12901541047174447,-0.1540018324861947,3.475922353192873
FED_FUNDS,1421599173,2025-03-12,3.010958904109589,STANDARD,False,BBSF,3.665,-0.0037526575381363614,-0.15132072724886036,0.3659695538025254
FED_FUNDS,1423894710,2025-03-13,4.002739726027397,STANDARD,False,BBSF,3.6900000000000004,0.20800743209088424,0.12594091825199882,-2.0291365979825393
FED_FUNDS,1428635832,2025-03-18,5.002739726027397,IMM,False,BBSF,3.766,0.4350079864255729,0.41099494821987825,18.7974720742762
FED_FUNDS,1439056708,2025-03-24,5.002739726027397,STANDARD,False,BILT,3.737,-2.4239836613690446,-2.5249908402086962,-4.376838555845808
FED_FUNDS,1449704670,2025-03-31,3.0027397260273974,STANDARD,False,BBSF,3.627,0.8639818832293589,1.0740001898229767,-12.099133819011154
FED_FUNDS,1456272239,2025-04-03,3.0027397260273974,STANDARD,False,XOFF,3.43265,-0.28597439409319136,-0.9310004795468174,-29.851879848109153
FED_FUNDS,1457960815,2025-04-04,3.4904109589041097,STANDARD,True,TWSF,3.2305,0.3242587723826684,0.7894856061580136,-33.31281044976797
FED_FUNDS,1465647807,2025-04-09,5.002739726027397,STANDARD,False,TWSF,3.5090000000000003,-1.3429923772460661,-1.848002220328615,-2.9697796843414004
FED_FUNDS,1473463194,2025-04-14,4.506849315068493,STANDARD,True,BBSF,3.58931,0.2865568229112103,0.10911947815102074,27.747559907825625
FED_FUNDS,1484807695,2025-04-22,3.4904109589041097,STANDARD,True,BBSF,3.4334999999999996,-0.35831283480693976,-0.2801544225524921,
FED_FUNDS,1489066098,2025-04-24,5.002739726027397,STANDARD,False,BBSF,3.5251200000000003,0.08005519689162632,-0.08396471213800716,1.6844087692264864
FED_FUNDS,1491469237,2025-04-25,5.002739726027397,STANDARD,False,BBSF,3.48122,0.25299190905849755,0.319051557353367,-2.880962297387324
FED_FUNDS,1495355771,2025-04-29,5.002739726027397,STANDARD,False,BBSF,3.36027,0.14300059808389776,-0.1739877260744649,-16.274838780301426
FED_FUNDS,1497712249,2025-04-30,3.0027397260273974,STANDARD,False,BBSF,3.26123,0.4049971098400995,0.5890002224862911,-23.640514727509256
FED_FUNDS,1498833228,2025-05-01,5.002739726027397,IMM,False,TWSF,3.3471,-0.9088111273144683,-0.7715701375082151,-14.868496445336588
FED_FUNDS,1502128732,2025-05-05,3.0027397260273974,STANDARD,False,BBSF,3.4772600000000002,0.21299370711798105,0.2409984326694481,10.574841255485579
FED_FUNDS,1510742532,2025-05-09,3.1095890410958904,IMM,True,BILT,3.5225,0.13552194761583536,0.2793999656713453,7.829717766462974
FED_FUNDS,1515721831,2025-05-13,3.4904109589041097,STANDARD,True,BBSF,3.67024,-0.36653584193691024,-0.3386556930730311,28.16496269810349
FED_FUNDS,1518518832,2025-05-15,3.750684931506849,STANDARD,True,TWSF,3.7177000000000002,-0.33588172507981184,-0.35807800767089226,27.37921546611428
FED_FUNDS,1522500507,2025-05-16,5.002739726027397,STANDARD,False,XOFF,3.6470000000000002,-3.1215842102223057,-3.113533455137407,5.721305222950868
FED_FUNDS,1526966520,2025-05-21,3.0027397260273974,STANDARD,False,TWSF,3.6361999999999997,,,-4.650722206290991
FED_FUNDS,1532799324,2025-05-23,4.506849315068493,STANDARD,True,TWSF,3.6025,-0.4678081470166351,-0.44364073429732365,-3.456736413966688
FED_FUNDS,1539261889,2025-05-28,3.4904109589041097,STANDARD,True,TWSF,3.6045000000000003,-0.33397512781139227,-0.2954488916583564,-4.949241925044268
FED_FUNDS,1548950413,2025-06-04,5.002739726027397,STANDARD,False,TWSF,3.567,-0.08894929043008482,-0.2119557763190283,-7.596699457009226
FED_FUNDS,1555271795,2025-06-09,5.002739726027397,STANDARD,False,BBSF,3.71034,-0.13400770458620315,0.0009947109945951382,12.909595763438597
FED_FUNDS,1562114653,2025-06-12,3.010958904109589,STANDARD,False,BBSF,3.6143,-0.4081728013460406,-0.38498642197835053,3.5223262444818104
FED_FUNDS,1577374773,2025-06-23,4.002739726027397,STANDARD,False,BBSF,3.50849,-0.36700289655779983,-0.3459996062241011,-10.291805189611836
FED_FUNDS,1586523160,2025-06-27,5.002739726027397,STANDARD,False,BBSF,3.4143,0.07000050631624788,0.02702558904652541,-20.07822037182474
FED_FUNDS,1589235227,2025-06-30,5.002739726027397,STANDARD,False,BBSF,3.3764299999999996,-0.17201075121056064,-0.19604655323148812,-11.182152037242199
FED_FUNDS,1592818182,2025-07-02,3.0027397260273974,STANDARD,False,BILT,3.404,0.030511981759495654,-0.022129573414231274,-5.422342055659346
FED_FUNDS,1608259873,2025-07-11,4.257534246575342,STANDARD,True,BBSF,3.4791000000000003,-0.7638063297282116,-0.7246523599862886,3.5087300399706756
FED_FUNDS,1614743597,2025-07-16,4.257534246575342,STANDARD,True,BBSF,3.49732,-1.1077716257906989,-1.103825316122764,3.983644514787743
FED_FUNDS,1624002075,2025-07-22,5.002739726027397,STANDARD,False,TWSF,3.4549999999999996,0.0836593405260988,0.09064932575864049,-15.331469339034554
FED_FUNDS,1628369321,2025-07-24,5.002739726027397,STANDARD,False,BILT,3.5029999999999997,-4.41875856192091,-4.13061108418491,-4.518806479027093
FED_FUNDS,1628743318,2025-07-24,5.002739726027397,IMM,False,BBSF,3.501,-2.4457503407281145,-2.62744979978069,-5.015054274435471
FED_FUNDS,1640915503,2025-07-31,5.002739726027397,STANDARD,False,BBSF,3.50833,-0.13098453905024954,-0.3219708035159474,-3.4666567274605598
FED_FUNDS,1648046306,2025-08-05,4.257534246575342,STANDARD,True,BBSF,3.2933,-0.8927763703604708,-0.7560325083662001,-16.481951799171803
FED_FUNDS,1657188402,2025-08-11,3.0082191780821916,STANDARD,False,BILT,3.38046,-0.008309504666614842,-0.06342560229519734,6.782159956766298
FED_FUNDS,1664429123,2025-08-14,5.002739726027397,STANDARD,False,BILT,3.3724999999999996,-2.1820402733449207,-1.865012253658671,1.2380759148980847
FED_FUNDS,1682516476,2025-08-25,5.002739726027397,STANDARD,False,XOFF,3.335,-2.706953132979084,-2.703009469282236,-9.682010079847458
FED_FUNDS,1705655123,2025-09-04,3.0767123287671234,STANDARD,True,BILT,3.2099999999999995,0.12717950826961477,0.09304425920722004,-3.6439232950986167
FED_FUNDS,1710951885,2025-09-08,4.002739726027397,STANDARD,False,TWSF,3.1095,-0.34498871757771,-0.3579819791573069,-12.920310850671157
FED_FUNDS,1736212168,2025-09-22,3.0027397260273974,STANDARD,False,BBSF,3.2145,-0.08400276710345267,0.004003733224777761,6.808942023079423
FED_FUNDS,1743681573,2025-09-25,4.2465753424657535,STANDARD,True,TWSF,3.3215000000000003,-0.46276697938441025,-0.5001896576099618,9.73093247695438
FED_FUNDS,1755781064,2025-10-06,3.0027397260273974,STANDARD,False,BBSF,3.2570799999999998,-0.12694722870958408,-0.1259940155546868,-3.9498722872165715
FED_FUNDS,1768087262,2025-10-14,4.002739726027397,STANDARD,False,BBSF,3.1618500000000003,0.32795360087249925,0.3760093868681036,-13.605855464933736
FED_FUNDS,1770781057,2025-10-15,4.002739726027397,STANDARD,False,TWSF,3.174,0.009002151607173658,0.012002049677617421,-9.281763756249495
FED_FUNDS,1781379353,2025-10-21,3.0027397260273974,STANDARD,False,TWSF,3.113,0.019002335655704528,-0.024997366956824862,-4.342715542045639
FED_FUNDS,1788899282,2025-10-24,5.002739726027397,STANDARD,False,XOFF,3.198,-2.569313419858954,-2.5274115942119924,1.428744425423556
FED_FUNDS,1791503218,2025-10-27,5.002739726027397,STANDARD,False,BILT,3.2550000000000003,1.3557188955657384,1.2914114531185295,7.673785336415806
FED_FUNDS,1793667590,2025-10-28,4.002739726027397,STANDARD,False,BBSF,3.20144,-0.4259995538293815,-0.5429945650945456,7.583128115791737
FED_FUNDS,1793989058,2025-10-28,5.005479452054795,STANDARD,False,TWSF,3.2224999999999997,-0.18665550540593046,-0.0469966144139633,7.481500087429671
FED_FUNDS,1801234069,2025-10-31,5.002739726027397,STANDARD,False,TWSF,3.3495,-0.190988091362998,-0.16699233388188794,12.960140503778073
FED_FUNDS,931582620000000601,2025-11-07,4.002739726027397,STANDARD,False,BBSF,3.2665399999999996,0.2530281300486603,0.07200689251751768,-4.033056856781458
FED_FUNDS,998870839000001401,2025-11-12,4.008219178082192,STANDARD,False,TWSF,3.2640000000000002,0.1358781136992615,0.13787977774812887,-7.7785510481431785
FED_FUNDS,1038014067000000201,2025-11-14,4.002739726027397,STANDARD,False,BBSF,3.3201099999999997,0.11297266920036186,0.34308380366736557,7.086279602797552
FED_FUNDS,1060143783000001101,2025-11-17,5.005479452054795,STANDARD,False,TWSF,3.3489999999999998,0.018196318561791713,-0.04798565079311423,1.217969094383653
FED_FUNDS,1081094769000000401,2025-11-18,5.002739726027397,STANDARD,False,XOFF,3.308,-2.5599563287412863,-2.5489591237514375,-3.9617282882112193
FED_FUNDS,1121320792000001701,2025-11-20,3.0027397260273974,STANDARD,False,TWSF,3.2435,-0.12699065314887292,-0.0799956566648774,-3.4922169141686332
FED_FUNDS,1143142659000000201,2025-11-21,5.002739726027397,STANDARD,False,TWSF,3.2585,0.13298586225611864,0.16801616229105143,-8.10875878043622
FED_FUNDS,1146022720000000301,2025-11-21,5.002739726027397,STANDARD,False,TWSF,3.276,-0.21708807128395513,-0.3139701554007779,-8.315358812262241
FED_FUNDS,1167168789000000801,2025-11-24,3.0027397260273974,STANDARD,False,TWSF,3.1833,-0.0919919665242297,-0.11099137812857762,-10.55201809446098
FED_FUNDS,1295560379000000101,2025-12-02,4.002739726027397,STANDARD,False,BILT,3.2685,-34.6386963953329,-34.621557143427225,-31.842076470359615
FED_FUNDS,1357022125000001101,2025-12-05,5.002739726027397,STANDARD,False,BBSF,3.3618799999999998,0.2049832138415031,0.23802910737997784,11.998409029680257
FED_FUNDS,1387085416000000601,2025-12-09,5.005479452054795,STANDARD,False,TWSF,3.4295,-0.5534447940618747,-0.4687107693519543,12.468175618964317
FED_FUNDS,1402073931000000401,2025-12-10,5.002739726027397,STANDARD,False,BBSF,3.3994999999999997,-0.003005865891880788,0.11198102073866067,12.900017482066772
FED_FUNDS,1445306440000000101,2025-12-15,5.002739726027397,STANDARD,False,XOFF,3.38,-2.6973113951332284,-2.6972741233662667,-1.8068144940227793
FED_FUNDS,1478166906000000101,2025-12-18,4.002739726027397,STANDARD,False,BBSF,3.3119,-0.2912943743498708,-0.30416349313848734,-3.6587177760713185
FED_FUNDS,1502301958000000901,2025-12-19,4.002739726027397,STANDARD,False,BBSF,3.31252,-0.1109943266293989,-0.1430060239987263,-4.056519165818706
FED_FUNDS,1504702723000000101,2025-12-19,4.756164383561644,STANDARD,True,BBSF,3.3614699999999997,0.010770580645536043,0.024698279243917654,-3.9991616351920722
FED_FUNDS,1517146574000000601,2025-12-22,3.758904109589041,STANDARD,True,TWSF,3.3095,-0.17375729395934236,-0.1871248192393704,-1.5463518501834361
FED_FUNDS,1531833194000000201,2025-12-23,4.756164383561644,STANDARD,True,TWSF,3.402,-0.2777205729934007,-0.3654296321712991,4.4385442328719105
FED_FUNDS,1586725794000000101,2025-12-30,5.0,STANDARD,False,BILT,3.379,0.2659811850590277,0.3919753437085838,-4.609400180877188
FED_FUNDS,1624071255000000101,2026-01-05,4.756164383561644,STANDARD,True,BBSF,3.3728800000000003,0.21731323096600974,0.13045175127182063,2.5822970174322
FED_FUNDS,1653233566000000501,2026-01-07,4.958904109589041,STANDARD,True,TWSF,3.382,0.5612929120329735,0.534671817471466,0.03690123529782596
FED_FUNDS,1696740944000000501,2026-01-12,4.002739726027397,STANDARD,False,TWSF,3.4014999999999995,0.14698437539655274,0.24600163767622973,6.569780089783173
FED_FUNDS,1744908879000000601,2026-01-15,4.917808219178082,STANDARD,True,BBSF,3.4572899999999995,-0.06302539378246763,-0.07017057988778497,4.858615485572804
FED_FUNDS,1850818964000000201,2026-01-26,4.756164383561644,STANDARD,True,BBSF,3.49526,-0.29615858044569343,-0.2902556868558115,-1.443001802295063
FED_FUNDS,1866917793000000101,2026-01-27,4.756164383561644,STANDARD,True,BBSF,3.4933300000000003,-0.17596969084054948,-0.0497126457481567,-3.288074527562479
FED_FUNDS,1880534692000000301,2026-01-28,4.756164383561644,STANDARD,True,BBSF,3.5149600000000003,-0.13749656409802746,-0.21727497423857933,-0.13156576124448982
FED_FUNDS,1880902282000000901,2026-01-28,5.002739726027397,STANDARD,False,TWSF,3.53,-0.06893309120195035,-0.05599401942943949,0.28872650256599464
FED_FUNDS,1898502405000000201,2026-01-29,3.758904109589041,STANDARD,True,BBSF,3.4075,-0.18084204520985026,-0.14451093201088838,-5.762605803862453
FED_FUNDS,1912984048000000101,2026-01-30,4.756164383561644,STANDARD,True,BBSF,3.4675499999999997,0.013950021588149397,0.028344252733214503,-6.2788134744322655
FED_FUNDS,1948626430000000101,2026-02-03,4.756164383561644,STANDARD,True,TWSF,3.4955,-0.1304562545832777,-0.3849778153276695,-0.0551190884975572
FED_FUNDS,1963176602000001201,2026-02-04,5.002739726027397,STANDARD,False,BBSF,3.51598,-0.06803915567386021,0.09499922780467074,0.19008154986450698
FED_FUNDS,1965930695000000201,2026-02-04,3.758904109589041,STANDARD,True,TWSF,3.4070000000000005,-0.1862222694565041,-0.34987736216511856,-4.3230182749181445
FED_FUNDS,2014368077000000101,2026-02-09,4.756164383561644,STANDARD,True,BBSF,3.39394,,,-9.941681024670235
FED_FUNDS,2044837830000000101,2026-02-11,4.756164383561644,STANDARD,True,TWSF,3.395,-0.2528443128303248,-0.32471215158476063,-9.384291444584658
FED_FUNDS,2116493116000000101,2026-02-19,4.043835616438356,STANDARD,True,BILT,3.2557,0.8237183334626419,0.8211773525528265,-2.5428536447267724
FED_FUNDS,2121372855000000201,2026-02-20,4.271232876712329,STANDARD,True,BILT,3.26,-0.923016688737377,-0.8946813584597368,1.7772518130051207
FED_FUNDS,2179054952000002501,2026-02-26,5.002739726027397,STANDARD,False,BBSF,3.25228,-0.4760026427223174,-0.39198443295735963,-6.828191249831006
FED_FUNDS,2252864722000000201,2026-03-04,4.756164383561644,STANDARD,True,BBSF,3.29915,-0.29192046793911075,-0.4277213334078045,3.487541297916996
FED_FUNDS,2268280652000001001,2026-03-05,3.758904109589041,STANDARD,True,BBSF,3.33384,-0.35821186673192784,-0.3996429848829752,13.179733360733259
FED_FUNDS,2270339726000000401,2026-03-05,4.756164383561644,STANDARD,True,BBSF,3.3507299999999995,-0.5204242623988886,-0.09698975358931605,11.701675944190315
FED_FUNDS,2318485280000000201,2026-03-10,3.0027397260273974,STANDARD,False,BBSF,3.28852,-0.15897939956239782,-0.24100390932302318,3.9315639176871198
FED_FUNDS,2385498508000000701,2026-03-16,5.002739726027397,STANDARD,False,XOFF,3.4084999999999996,-2.8680177278028296,-2.7771665799070977,2.6934911740988277
FED_FUNDS,2536189171000000901,2026-03-27,3.0027397260273974,STANDARD,False,BBSF,3.6464299999999996,-0.023984807861499036,-0.5220016764043933,4.510259192713262
FED_FUNDS,2555858675000000201,2026-03-30,3.0027397260273974,STANDARD,False,BBSF,3.5517800000000004,0.11599607373549148,0.12700235193316978,0.39208974902407157
FED_FUNDS,2568759076000000601,2026-03-31,3.0027397260273974,STANDARD,False,BBSF,3.51125,-0.12998190075337313,-0.2909869547074617,-11.167451106524373
FED_FUNDS,2627454537000000101,2026-04-06,3.0027397260273974,STANDARD,False,BILT,3.5380000000000003,-4.449208929990567,-4.3596080941610715,-0.29859031621879417
FED_FUNDS,2673168087000000501,2026-04-09,3.5095890410958903,STANDARD,True,TWSF,3.4935,-0.18946834586404115,-0.2441638685726666,-3.124983346655874
FED_FUNDS,2705058432000000101,2026-04-13,4.506849315068493,STANDARD,True,TWSF,3.5604999999999998,-0.3045718438857037,-0.27383097585604865,-3.913425298987949
FED_FUNDS,2724344719000001301,2026-04-14,5.002739726027397,IMM,False,TWSF,3.565,5.330476004720275,5.405106425436923,-0.4026720776283188
FED_FUNDS,2755986575000000101,2026-04-16,5.005479452054795,STANDARD,False,BBSF,3.563,-0.40641183443881346,-0.002713978658119842,-1.2426279717044242
FED_FUNDS,2758957489000000301,2026-04-16,3.5095890410958903,STANDARD,True,BBSF,3.50683,-0.4396720421331768,-0.39490475214547516,0.48598545538980353
FED_FUNDS,2799946260000000601,2026-04-21,5.002739726027397,STANDARD,False,TWSF,3.5187000000000004,-0.05500517737262456,-0.019981062758445134,-1.8603040345248179
FED_FUNDS,2815187226000000501,2026-04-22,3.0027397260273974,STANDARD,False,TWSF,3.5122,0.0780050292383816,0.1839988722331931,1.958092223945851
FED_FUNDS,2857157506000002001,2026-04-24,3.5095890410958903,STANDARD,True,BBSF,3.5207,-0.1852823786024249,-0.03257637345508435,8.524711048637768
FED_FUNDS,2893863586000000501,2026-04-28,5.002739726027397,STANDARD,False,XOFF,3.5970000000000004,-3.2063243849105305,-3.076563989239034,4.032371566508619
FED_FUNDS,2896363923000000101,2026-04-28,5.002739726027397,STANDARD,False,XOFF,3.5929999999999995,-3.119285011292261,-2.9362792243113667,3.081796382244173
FED_FUNDS,2927591892000001501,2026-04-30,4.506849315068493,STANDARD,True,TWSF,3.6545,-0.49457153095033846,-0.36164034498455955,9.566711236775483
FED_FUNDS,2953458564000000101,2026-05-04,3.0027397260273974,STANDARD,False,BBSF,3.6830000000000003,0.040003266882226995,0.03803284113423899,14.294722822320871
FED_FUNDS,2989417764000000501,2026-05-06,5.002739726027397,STANDARD,False,BBSF,3.67351,0.04595895533925365,0.268006856070091,-2.630407340805796
FED_FUNDS,3048818911000001001,2026-05-11,4.002739726027397,STANDARD,False,TWSF,3.7012499999999995,0.3870773459375254,0.38300325697768756,4.823325154772151
FED_FUNDS,3090293421000000201,2026-05-12,5.002739726027397,STANDARD,False,BMTF,3.7958499999999997,0.03603064685369084,0.02800658253039323,6.072101275466224
FED_FUNDS,3113060064000000201,2026-05-13,3.5095890410958903,STANDARD,True,TWSF,3.7664999999999997,-0.23139444022444167,-0.2534888444945427,13.083253910399373
FED_FUNDS,3137266769000000401,2026-05-14,4.506849315068493,STANDARD,True,BBSF,3.79114,-0.12072098489266381,-0.13543013404979654,8.349828164670337
FED_FUNDS,3235107780000003001,2026-05-20,5.002739726027397,STANDARD,False,BBSF,3.9302200000000003,0.35001654902484525,0.23300772689389682,10.395122900373632
FED_FUNDS,3236875710000001701,2026-05-20,3.9424657534246577,MATCHED_MATURITY,True,TWSF,3.8907700000000003,-0.19102991154449356,-0.632536365316172,10.936963306170222
FED_FUNDS,3331180322000000401,2026-05-26,4.002739726027397,STANDARD,False,BBSF,3.85487,0.02600319188466038,0.015023943950032148,-11.707883080754389
FED_FUNDS,3432561311000000601,2026-06-01,3.0027397260273974,STANDARD,False,BBSF,3.8975500000000003,0.08799609852006007,0.2540114342745703,-3.746525504003184
FED_FUNDS,3528421781000000201,2026-06-05,5.002739726027397,STANDARD,False,TWSF,3.9635,-0.19197478252719336,-0.18199976327561984,13.650412363891862
FED_FUNDS,3604429380000000601,2026-06-10,4.506849315068493,STANDARD,True,TWSF,3.92,-0.1896386575941822,-0.22043326345970726,4.0084028421130125
FED_FUNDS,3614123809000000201,2026-06-11,3.0876712328767124,STANDARD,True,TWSF,3.9397,-0.21640639122897376,-0.1793927551205332,5.653612906679895
FED_FUNDS,3731384107000000401,2026-06-17,3.506849315068493,STANDARD,True,BILT,3.807,-4.582317762043386,-4.263683168194543,-13.222437305516666
FED_FUNDS,3954179172000011701,2026-06-29,5.008219178082192,STANDARD,False,BILT,3.762,-4.881623075443953,-4.872812124945014,-19.111717503945957
FED_FUNDS,3941781222000000801,2026-06-30,3.26027397260274,STANDARD,True,BBSF,3.8648299999999995,-0.2276464681274959,-0.2761943188150262,-9.397451006743163
FED_FUNDS,3990517232000000901,2026-07-02,5.002739726027397,STANDARD,False,TWSF,3.8735,-0.5280844486439396,-0.5500706366721175,
FED_FUNDS,4089944509000000301,2026-07-08,4.641095890410959,STANDARD,True,BILT,3.991,1.8608980399612118,1.8686628445724107,9.741291698445576
FED_FUNDS,4134778553000000101,2026-07-10,5.002739726027397,STANDARD,False,BBSF,3.95856,-0.096033442800314,-0.096033442800314,7.077973315204389
FED_FUNDS,4183142401000000601,2026-07-14,5.002739726027397,STANDARD,False,TWSF,3.9579999999999997,0.5869832491359972,0.34600087620280107,6.821131671577119
FED_FUNDS,4314870337000000101,2026-07-21,5.002739726027397,STANDARD,False,BILT,3.961,-6.417664284604241,-6.315858230928173,0.2534492887257045
FED_FUNDS,4364872218000001501,2026-07-23,3.26027397260274,STANDARD,True,TWSF,4.138,-0.05348869970003278,-0.05348869970003278,16.523666521722767
FED_FUNDS,4421285047000000401,2026-07-28,4.076712328767123,STANDARD,True,TWSF,4.0412,-0.1096630272000354,-0.16570562683826395,6.325233686942244
FED_FUNDS,4471072738000000401,2026-07-30,5.002739726027397,STANDARD,False,BMTF,4.080509999999999,0.013638902846047074,0.09198354539430298,0.02469480762599119
FED_FUNDS,4550017552000000701,2026-08-03,5.002739726027397,STANDARD,False,TWSF,4.077,-0.13098070726718092,-0.10299611118878005,0.838028216646336
FED_FUNDS,4596331774000000101,2026-08-05,3.350684931506849,STANDARD,True,BBSF,4.0184999999999995,-0.03489423593272534,-0.09364577523038875,-4.665361875128937
FED_FUNDS,4597121477000000201,2026-08-05,4.257534246575342,STANDARD,True,BBSF,4.0176799999999995,-0.31592591740832177,-0.16767359216300903,-6.544711480415177
FED_FUNDS,4647825556000000801,2026-08-07,3.9726027397260273,MATCHED_MATURITY,True,TWSF,4.013,-0.16091649769292005,-0.28805644007485753,-9.169047814950737
SOFR,920256236,2024-03-04,4.002739726027397,STANDARD,False,TWSF,4.038,0.374023519184874,0.20390442877031845,-4.035686895530155
SOFR,930528567,2024-03-12,5.002739726027397,STANDARD,False,TWSF,3.92,2.5678073366238507,2.875258959388205,-1.2249964636016575
SOFR,945654521,2024-03-26,4.926027397260274,MATCHED_MATURITY,False,TWSF,4.0036000000000005,0.02111249839096274,0.02645878137563784,-8.306529762870518
SOFR,953283278,2024-04-03,5.002739726027397,IMM,False,TWSF,4.0445,-4.302256475286992,-4.620385363375501,14.661375199521709
SOFR,957822160,2024-04-09,5.002739726027397,IMM,False,TWSF,4.07,-0.16652826067753423,-0.11392017203837312,0.6009071147506262
SOFR,965276062,2024-04-15,5.002739726027397,IMM,False,TWSF,4.34,0.5165549197395869,0.5117207747463937,21.927616283032325
SOFR,977216700,2024-04-24,4.2465753424657535,STANDARD,True,TWSF,4.42727,-1.03857617560017,-0.9182704222101989,-0.20453057267948438
SOFR,986427218,2024-05-02,4.947945205479452,STANDARD,True,BILT,4.35,0.5036168657329476,0.5033105894260537,-12.805097492706441
SOFR,993690806,2024-05-09,4.002739726027397,STANDARD,False,BILT,4.2540000000000004,-8.370888868589432,-8.220241090465219,-17.630103597660618
SOFR,1007352167,2024-05-22,4.002739726027397,IMM,False,TWSF,4.3147,0.21225027226439153,-0.06618964495546109,6.667660875206849
SOFR,1016533267,2024-05-30,5.002739726027397,STANDARD,False,BBSF,4.27245,-9.968031481460216,-10.031786020553835,6.269135858616615
SOFR,1022426560,2024-06-04,4.923287671232877,STANDARD,False,BILT,5.4825,135.0524089430638,134.58725322324767,123.18971530589104
SOFR,1027612640,2024-06-07,5.002739726027397,IMM,False,TWSF,4.164000000000001,-3.5302723848523065,-3.6035135624669756,-12.074056925155396
SOFR,1032329262,2024-06-12,3.9095890410958902,STANDARD,True,TWSF,4.099,0.24875770230767813,0.4992689000816064,-5.884393187418091
SOFR,1036094799,2024-06-14,5.002739726027397,IMM,False,TWSF,3.8895,-6.190224340144468,-6.4173725940224635,-30.361499884284182
SOFR,1047290181,2024-06-24,4.002739726027397,STANDARD,False,BBSF,4.1105,0.16998740955571634,0.25000607319913826,-1.7311686817667038
SOFR,1059458014,2024-07-03,5.002739726027397,STANDARD,False,XOFF,4.0280000000000005,-0.20599940084284896,-0.6229769280841957,-1.9401040669722924
SOFR,1068666031,2024-07-10,5.002739726027397,STANDARD,False,BBSF,3.96103,0.2530165461028133,0.18700081356231024,-8.597322734682411
SOFR,1074008042,2024-07-15,5.002739726027397,STANDARD,False,TWSF,3.8305,0.043009804218963055,-0.13400679847146435,-11.791473628663951
SOFR,1085346141,2024-07-23,5.002739726027397,STANDARD,False,BBSF,3.85057,0.04595951701609202,0.04901377564863196,3.733015182110355
SOFR,1088916363,2024-07-25,5.002739726027397,STANDARD,False,TWSF,3.842,0.21501557108418723,0.20399944433595607,3.8678441701501143
SOFR,1094021628,2024-07-30,5.002739726027397,STANDARD,False,TWSF,3.771,0.26600034968193853,0.147977989978898,-9.149850159535022
SOFR,1100138876,2024-08-02,5.002739726027397,STANDARD,False,TWSF,3.5165,14.898999220322295,15.11002312493579,-26.97451712340566
SOFR,1106090624,2024-08-07,5.002739726027397,STANDARD,False,TSEF,3.488125,0.17247973730976085,-0.05550059507020144,-22.881787006011134
SOFR,1109695748,2024-08-09,3.5835616438356164,STANDARD,True,BILT,3.578,1.7514726463725427,1.5968027519480454,13.907590076563947
SOFR,1111556550,2024-08-12,4.315068493150685,STANDARD,True,XXXX,3.4549700000000003,-3.1629618059216824,-2.954567110906625,8.8299931444221
SOFR,1117047687,2024-08-16,5.002739726027397,STANDARD,False,BILT,3.48194,-0.0030207401800819156,0.0580005589948307,-1.2408207672735205
SOFR,1125926866,2024-08-23,4.002739726027397,STANDARD,False,BBSF,3.4478,0.20512921807744888,0.22814921196996352,-8.228134989453784
SOFR,1130989580,2024-08-27,5.002739726027397,STANDARD,False,BBSF,3.4275,0.1405462238477817,0.19201577118823643,8.599639341770082
SOFR,1136672421,2024-08-30,5.002739726027397,STANDARD,False,BBSF,3.4114199999999997,-0.21599864240071653,-0.5510008722504178,7.193544259661433
SOFR,1150874123,2024-09-11,5.002739726027397,STANDARD,False,BBSF,3.288,4.970792214381259,5.023397650521622,-9.125789580603438
SOFR,1166962928,2024-09-25,5.002739726027397,STANDARD,False,BBSF,3.2084799999999998,0.1579992399880048,0.46100039098866397,3.585763052992519
SOFR,1176113897,2024-10-02,4.994520547945205,STANDARD,False,TWSF,3.2279,-0.7265544970890936,-0.7364841984065507,2.971250390627933
SOFR,1183402831,2024-10-09,4.002739726027397,STANDARD,False,TWSF,3.56,-2.2824230716123495,-2.321337898424858,30.865537520929685
SOFR,1185716120,2024-10-10,5.002739726027397,STANDARD,False,TWSF,3.6007,0.12000273779166903,0.11006184470785385,34.630336028490035
SOFR,1201828467,2024-10-21,5.002739726027397,STANDARD,False,TWSF,3.6554999999999995,0.026988723088239297,0.03900290381535498,11.456770802640426
SOFR,1210008524,2024-10-25,4.243835616438356,STANDARD,True,BILT,3.66731,1.46320956059669,1.4102099627077536,10.78368572022308
SOFR,1217275009,2024-10-31,5.002739726027397,STANDARD,False,BBSF,3.7912800000000004,0.12599206158760978,-0.03796551342531984,8.096912734813921
SOFR,1228789021,2024-11-06,5.002739726027397,STANDARD,False,BBSF,3.9445300000000003,-0.27599955344124183,-0.31400114767694554,16.656560207848827
SOFR,1233003457,2024-11-08,5.002739726027397,STANDARD,False,TWSF,3.827,-0.15799922709613945,-0.23899952384165424,2.8923787174639504
SOFR,1244997522,2024-11-15,5.002739726027397,STANDARD,False,BBSF,3.9312899999999997,-0.2980131404010322,-0.13102131468372136,7.763396779696308
SOFR,1251749191,2024-11-20,5.002739726027397,STANDARD,False,BBSF,3.9204999999999997,-0.18402932152370433,0.029979251704848053,-0.5612983357557777
SOFR,1261223219,2024-11-26,5.002739726027397,STANDARD,False,TWSF,3.875,0.3190160912303952,-0.04802540023254309,-0.9680345867789875
SOFR,1269262463,2024-12-02,5.002739726027397,STANDARD,False,BBSF,3.79204,-0.7280519797746798,-0.44534074839464033,-7.819012647295498
SOFR,1271873537,2024-12-03,5.002739726027397,IMM,False,TWSF,3.75,-3.011279954070023,-3.022111062253563,-11.05687627331382
SOFR,1277908969,2024-12-06,3.0027397260273974,STANDARD,False,TWSF,3.9,27.351555235343028,27.498734875908013,20.16198762652568
SOFR,1282697701,2024-12-10,5.002739726027397,STANDARD,False,XOFF,3.707,0.9693059730227382,0.9918405861856439,2.745352298171344
SOFR,1287286723,2024-12-12,5.002739726027397,STANDARD,False,BBSF,3.8354399999999997,-1.147972922449636,-1.22999945980089,9.076110305476082
SOFR,1295780204,2024-12-18,5.002739726027397,STANDARD,False,TWSF,3.8995,-1.6380377510447186,-1.6937282781882335,13.382359143179112
SOFR,1305981880,2024-12-26,4.002739726027397,STANDARD,False,BBSF,4.09562,0.035992670330564636,0.14201761269276858,0.5611176584269906
SOFR,1315400102,2025-01-03,5.002739726027397,STANDARD,False,TWSF,4.106,8.425384888771514,8.488641207396785,0.7089785889564659
SOFR,1326320138,2025-01-10,4.2465753424657535,STANDARD,True,TWSF,4.154081,2.8107149256448416,2.8152158709417563,13.770958828264046
SOFR,1328393979,2025-01-13,5.002739726027397,STANDARD,False,TWSF,4.28265,-1.099023433905888,-1.0699882066041333,19.499089391584334
SOFR,1337675898,2025-01-17,4.3863013698630136,STANDARD,True,BILT,4.09,1.1628042198472244,1.2003966164101598,-4.631548733043811
SOFR,1343352538,2025-01-22,5.002739726027397,STANDARD,False,BBSF,4.1141700000000005,0.05689932870787118,0.04786543255272946,-16.379532158316135
SOFR,1352765144,2025-01-27,4.002739726027397,STANDARD,False,BBSF,4.0117899999999995,0.14199032611204032,0.21301670973459252,-10.078005680350266
SOFR,1354906134,2025-01-29,5.002739726027397,STANDARD,False,TWSF,4.0685,0.3560267587996435,0.19298394980609146,-4.9444092832612085
SOFR,1359639639,2025-02-04,3.0027397260273974,STANDARD,False,XXXX,4.0840000000000005,-0.4549469943298412,-0.4149877596407059,4.854411600734299
SOFR,1364943360,2025-02-06,4.2465753424657535,MATCHED_MATURITY,True,TWSF,4.0258,4.859173402230521,4.860813584551282,1.2721995899732441
SOFR,1375152983,2025-02-12,3.0027397260273974,IMM,False,TWSF,4.25,5.822542846243284,5.938089654489964,30.233576051680757
SOFR,1379354996,2025-02-14,5.002739726027397,STANDARD,False,BBSF,4.095,2.2518615545832787,1.780268259853468,5.808772526507422
SOFR,1386601109,2025-02-19,5.002739726027397,STANDARD,False,BBSF,4.1118500000000004,0.5830215134371208,0.49602099263506005,-9.761087831383364
SOFR,1390941304,2025-02-21,5.002739726027397,IMM,False,TWSF,4.09,3.857523954212194,3.916583476579838,-1.3546372566195508
SOFR,1391410816,2025-02-21,5.002739726027397,STANDARD,False,TWSF,4.0295,4.316999026577895,5.517998540542557,-0.46920165088462085
SOFR,1395279792,2025-02-25,5.002739726027397,STANDARD,False,TWSF,3.8645,0.03702918364614227,-0.24000297126933745,-20.878314412269773
SOFR,1402988999,2025-02-28,4.991780821917808,STANDARD,False,BBSF,3.76638,2.4202120833287655,2.358424552385774,-20.349600157695626
SOFR,1405302589,2025-03-03,5.002739726027397,STANDARD,False,BBSF,3.71938,-0.001965235753909056,-0.34603131111863306,-23.724400886669763
SOFR,1411794608,2025-03-06,5.002739726027397,STANDARD,False,BBSF,3.7409999999999997,-0.8379495506467549,-1.553020774433156,-8.159063625714058
SOFR,1421219328,2025-03-12,4.2027397260273975,STANDARD,True,BBSF,3.7334,-0.5245322895852667,-0.410454783313563,2.201853566498846
SOFR,1432402257,2025-03-19,5.002739726027397,IMM,False,TWSF,3.7572,-7.566273864806616,-7.499414080035516,-1.140292128922038
SOFR,1434187906,2025-03-20,5.002739726027397,STANDARD,False,BBSF,3.7130000000000005,0.1870021861316129,0.14702558686354728,-7.548009398199573
SOFR,1448140170,2025-03-31,5.002739726027397,STANDARD,False,BBSF,3.63,0.19120623534325532,0.179375098319845,
SOFR,1450069629,2025-03-31,3.0027397260273974,STANDARD,False,TWSF,3.66275,0.35999965914133014,0.37799977026344855,-12.663151642330828
SOFR,1454084540,2025-04-02,5.002739726027397,STANDARD,False,TWSF,3.7265,13.96445952270886,13.944729069497042,-5.944063096011387
SOFR,1454863203,2025-04-03,5.002739726027397,STANDARD,False,TWEM,3.5072,-0.15101451320029824,-0.06499649807554242,-27.279290140156398
SOFR,1457388197,2025-04-04,4.002739726027397,STANDARD,False,BBSF,3.3244999999999996,-0.019985840959835244,-0.07902393400733843,-42.73855338172288
SOFR,1460231573,2025-04-07,3.0027397260273974,STANDARD,False,TWSF,3.35491,-8.14599605004065,-8.42798389394357,-31.626653912422718
SOFR,1464866101,2025-04-09,5.002739726027397,STANDARD,False,BILT,3.52,-2.4490564379727076,-3.1633714527388612,-11.630689837544361
SOFR,1466007913,2025-04-09,5.002739726027397,STANDARD,False,BBSF,3.5480699999999996,-0.2770011403791184,0.9240114157809565,-12.409129492876092
SOFR,1470884500,2025-04-11,5.002739726027397,STANDARD,False,BBSF,3.6047999999999996,-0.8599705578317351,-1.2650004351807187,38.24150378521831
SOFR,1476370041,2025-04-16,5.002739726027397,STANDARD,False,BBSF,3.5863899999999997,0.5567852858321398,0.5740317659123306,10.24640279115161
SOFR,1484360774,2025-04-22,5.002739726027397,IMM,False,TWSF,3.53,-16.922855556808038,-17.365264898524792,-19.021272903366835
SOFR,1486513844,2025-04-23,3.0027397260273974,STANDARD,False,BMTF,3.52839,-0.15799882887863603,-0.15799882887863603,1.1806709860500586
SOFR,1489481669,2025-04-25,5.002739726027397,STANDARD,False,TWSF,3.565,-0.031205119499011502,0.04081913499640599,
SOFR,1493737793,2025-04-28,5.008219178082192,STANDARD,False,BILT,3.4496899999999995,0.0735989725701991,-0.03841772735633242,-9.19747459487712
SOFR,1498760399,2025-05-01,5.002739726027397,STANDARD,False,XXXX,3.3905,1.2067199781941262,1.5723607115082583,-21.548497972799964
SOFR,1499590397,2025-05-02,5.002739726027397,IMM,False,TWSF,3.4185,-0.20622163305050734,-0.020638003753958856,-11.096626712809243
SOFR,1512854944,2025-05-12,5.002739726027397,STANDARD,False,TWSF,3.7563,0.3859867495192404,0.3459844369688714,22.50079778743772
SOFR,1512961007,2025-05-12,5.002739726027397,STANDARD,False,TWSF,3.734,1.53715697659349,1.4701051177780755,17.98567690533077
SOFR,1515282153,2025-05-13,5.002739726027397,STANDARD,False,BILT,3.6607000000000003,-5.412833457555699,-5.83209039292889,14.280303258534754
SOFR,1519901315,2025-05-15,3.0027397260273974,STANDARD,False,BBSF,3.7031099999999997,-0.1530114786215453,-0.05299716575932756,15.653966697633948
SOFR,1526181829,2025-05-20,5.002739726027397,STANDARD,False,TWSF,3.7289999999999996,5.78337994194893,5.695914921285938,2.8232162928416127
SOFR,1530998127,2025-05-22,4.002739726027397,STANDARD,False,TWSF,3.7039999999999997,0.13698488413012022,0.16002493320370625,1.6907804044399732
SOFR,1536677592,2025-05-27,4.504109589041096,STANDARD,True,BILT,3.675,2.1517857946579344,2.1960148516626976,1.2379434635235942
SOFR,1539010433,2025-05-28,5.002739726027397,STANDARD,False,TWSF,3.6159999999999997,-52.51013786388468,-52.51013786388468,-58.64123430211458
SOFR,1547062314,2025-06-03,4.002739726027397,STANDARD,False,BBSF,3.65004,0.10499738933167357,0.12901146164909782,2.3346405528711145
SOFR,1553178749,2025-06-06,3.0027397260273974,STANDARD,False,BBSF,3.7191,0.041019980148337964,-0.13400301406139015,10.945297767890327
SOFR,1559821667,2025-06-11,4.002739726027397,STANDARD,False,TWSF,3.6585,-0.13998364195901836,-0.2210204302684815,8.290839101076575
SOFR,1562250502,2025-06-12,5.002739726027397,STANDARD,False,TWSF,3.6797999999999997,6.5541886160554785,6.3795957941354065,6.316020828164914
SOFR,1575177960,2025-06-20,5.002739726027397,IMM,False,TWSF,3.71,8.97581096482809,9.141366468473944,10.636826962668788
SOFR,1577821776,2025-06-23,3.0027397260273974,IMM,False,TWSF,3.5000000000000004,6.865596923494532,6.876400799504134,-8.79805284733246
SOFR,1580026986,2025-06-24,5.002739726027397,STANDARD,False,TWSF,3.497,0.2600161338309537,0.20797969838604047,-13.535045823730174
SOFR,1584796946,2025-06-26,5.002739726027397,STANDARD,False,TWSF,3.557,13.812104492100108,13.82776048665888,-5.662662476107849
SOFR,1590970491,2025-07-01,5.002739726027397,STANDARD,False,TWSF,3.4805,0.11509897885728648,0.12109624652705264,-1.1022978215307067
SOFR,1599062124,2025-07-07,4.002739726027397,STANDARD,False,BBSF,3.54018,-0.120995550439007,-0.12907103913106788,12.057191101036091
SOFR,1605557824,2025-07-10,4.882191780821918,MATCHED_MATURITY,True,TWSF,3.549,-0.15014379259357113,-0.04925880850952247,-0.33033614431947633
SOFR,1614655839,2025-07-16,3.0027397260273974,STANDARD,False,TREU,3.6183,-0.05900131335838665,-0.18199033130561482,5.156357798417011
SOFR,1616982700,2025-07-17,5.002739726027397,STANDARD,False,TREU,3.5953,-0.03801118903195011,-0.032972520457219545,4.070554128342074
SOFR,1624202280,2025-07-23,3.0027397260273974,STANDARD,False,BGCD,3.4931249999999996,0.03243948833935306,0.07946064987427448,-12.436744243210152
SOFR,1628235592,2025-07-24,5.002739726027397,IMM,False,TWSF,3.5227250000000003,-1.943847712578206,-1.8710255625743688,-5.224182984611803
SOFR,1640873007,2025-07-31,4.917808219178082,STANDARD,True,BILT,3.599,3.7332648060445894,3.694584499196729,-0.3338305928910046
SOFR,1646126940,2025-08-04,3.7726027397260276,STANDARD,True,XXXX,3.3000000000000003,-4.253256408082651,-4.1545654853763825,-26.62599044999885
SOFR,1654874775,2025-08-08,5.002739726027397,STANDARD,False,BBSF,3.4553000000000003,-0.06996423395078111,-0.18901846440280146,1.1945362391500236
SOFR,1657221599,2025-08-11,3.0027397260273974,STANDARD,False,TWSF,3.432689,-0.08111056483692813,0.012858968571771712,7.399219583416539
SOFR,1659683098,2025-08-12,4.2465753424657535,MATCHED_MATURITY,True,TWSF,3.4033599999999997,-1.973449964018048,-1.9103447778611393,3.43044461506139
SOFR,1669799071,2025-08-18,5.002739726027397,STANDARD,False,XXXX,3.5090000000000003,2.324042086858258,2.276950476405526,5.789161966739531
SOFR,1679557248,2025-08-22,5.002739726027397,STANDARD,False,TWSF,3.4909999999999997,0.3119880627989513,0.3119880627989513,3.4690227940317175
SOFR,1682029721,2025-08-25,4.002739726027397,STANDARD,False,BBSF,3.38718,-0.07599969223712755,-0.18197365497831797,-2.859627965402378
SOFR,1684590319,2025-08-26,5.002739726027397,STANDARD,False,DWSF,3.410001,-0.04487493061002823,-0.2388816542140848,-6.789218112001372
SOFR,1694128144,2025-08-29,4.980821917808219,STANDARD,True,BILT,3.322,-2.4730705074349935,-2.3602788999068203,-7.157548993925733
SOFR,1702550002,2025-09-03,4.002739726027397,STANDARD,False,BBSF,3.2833300000000003,-0.09500506022797062,-0.019014929967964278,-1.286078779871369
SOFR,1710968845,2025-09-08,5.002739726027397,IMM,False,TWSF,3.3649999999999998,16.85281912180696,16.95515683128761,3.5435825429894763
SOFR,1718044446,2025-09-11,4.002739726027397,STANDARD,False,TWSF,3.2095,-0.016981643431179805,-0.10501659547692554,-5.411182630587197
SOFR,1728863716,2025-09-18,5.002739726027397,STANDARD,False,BBSF,3.2710999999999997,0.15827009416269355,0.15907021126535525,4.571329460326723
SOFR,1741436695,2025-09-24,5.002739726027397,IMM,False,TWSF,3.3875,4.4336379912518264,4.48333272291026,13.39881237564442
SOFR,1743982559,2025-09-25,5.005479452054795,IMM,False,TWSF,3.5000000000000004,12.176782712185918,12.159617431268455,22.78729369083674
SOFR,1746312078,2025-09-26,5.002739726027397,STANDARD,False,TWSF,3.4038,-0.4788746455010262,-0.4167348231484791,11.211551441961554
SOFR,1752117896,2025-10-01,4.002739726027397,STANDARD,False,TWSF,3.3518,-0.001992707154352402,-0.019008382828022974,8.029242450831386
SOFR,1755068918,2025-10-03,3.0027397260273974,STANDARD,False,BBSF,3.2960000000000003,-0.03395215671475604,-0.053994212557029186,-8.597582440417906
SOFR,1768073775,2025-10-14,5.002739726027397,IMM,False,TWSF,3.27123,4.0291819969211495,3.831662639964195,-11.137454469913921
SOFR,1773336469,2025-10-16,5.002739726027397,STANDARD,False,BBSF,3.28897,-0.17100225477104658,-0.10296925661599232,-9.928256727869256
SOFR,1775877038,2025-10-17,4.002739726027397,STANDARD,False,BILT,3.193,0.11196233032944036,0.5780696486848313,-13.185455531778745
SOFR,1781056042,2025-10-21,5.002739726027397,STANDARD,False,TWSF,3.2187,-0.013979284389442626,-0.14003578903625247,-5.277839425485853
SOFR,1788425295,2025-10-24,5.002739726027397,STANDARD,False,TWSF,3.2953,-0.44600083082255715,0.007022151934998888,6.9510396767841875
SOFR,1794974714,2025-10-29,5.002739726027397,STANDARD,False,TREU,3.2858,0.18999681637010823,0.21302419221451707,6.74403155836556
SOFR,1798590688,2025-10-30,5.002739726027397,STANDARD,False,TPSE,3.384375,-0.4164792626191183,-0.47348079392670606,11.313411248906347
SOFR,882967491000000601,2025-11-05,5.002739726027397,STANDARD,False,TWSF,3.3735,-0.026039302691849286,-0.10898789173015011,7.278795382363645
SOFR,997367219000001701,2025-11-12,3.0054794520547947,STANDARD,False,BILT,3.3127999999999997,-0.7750377510319151,-0.9521415334782457,-5.625943001884481
SOFR,1040880021000000401,2025-11-14,4.002739726027397,STANDARD,False,TWSF,3.3724999999999996,-0.03599672337859516,-0.06101658456638681,4.241212462247823
SOFR,1119329551000000101,2025-11-20,3.5561643835616437,STANDARD,True,BILT,3.351,-0.47149439792733006,-0.4649191520974316,0.47581143117447766
SOFR,1146691984000002301,2025-11-21,5.002739726027397,STANDARD,False,TWSF,3.4139999999999997,10.279223130691406,10.284050196697958,-0.2477738169090582
SOFR,1185770126000001301,2025-11-25,3.0027397260273974,STANDARD,False,BBSF,3.24416,0.03301015780676764,-0.01299773079610489,-5.768914710370332
SOFR,1316488344000001301,2025-12-03,3.0027397260273974,IMM,False,TWSF,3.2365,-1.5689572505360516,-1.5861505336374204,1.6706356168305625
SOFR,1369635773000000501,2025-12-08,3.0027397260273974,STANDARD,False,BBSF,3.3572900000000003,-0.08500327926692641,-0.0579895057386981,10.972468854992945
SOFR,1399479503000000301,2025-12-10,4.712328767123288,STANDARD,True,TWSF,3.4665,-0.3151383018394682,-0.36970174808463874,15.046511746493652
SOFR,1488132999000001001,2025-12-18,5.005479452054795,IMM,False,TWSF,3.5000000000000004,10.074536502741616,9.860508926391764,6.40916375012055
SOFR,1530468018000000201,2025-12-23,3.0027397260273974,STANDARD,False,TWSF,3.3680000000000003,-0.07925889399271746,-0.13805600693799214,6.430724359055873
SOFR,1606507393000000101,2026-01-02,5.002739726027397,STANDARD,False,TWSF,3.472,-0.02299171348050244,-0.07597601761544226,1.453899692500693
SOFR,1623222230000000101,2026-01-05,3.23013698630137,MATCHED_MATURITY,True,BILT,3.3381800000000004,-0.2803487736258159,-0.08679427605109424,1.8943335660400074
SOFR,1640600430000000101,2026-01-06,3.0027397260273974,STANDARD,False,TWSF,3.328,0.013998332353004628,0.016997158340936735,2.211647785743631
SOFR,1667364180000000601,2026-01-08,4.887671232876713,STANDARD,True,TWSF,3.451,-0.6230158396134389,-0.6735560752343606,1.015362783230822
SOFR,1742644327000001301,2026-01-15,5.002739726027397,IMM,False,TWSF,3.45,-5.450460518935207,-5.415845967594235,-1.9934165698485717
SOFR,1759081355000000401,2026-01-16,5.002739726027397,STANDARD,False,BBSF,3.5325,-0.06899160336226728,-0.09701007910227766,4.531720142291418
SOFR,1779387126000002201,2026-01-20,5.002739726027397,STANDARD,False,BBSF,3.56623,-0.0649806761115368,-0.23999817405986335,4.679422967105973
SOFR,1800907988000000101,2026-01-21,3.0027397260273974,STANDARD,False,BBSF,3.444,-0.10400248418411806,-0.04900805231287109,8.178125961338178
SOFR,1864922489000001001,2026-01-27,5.005479452054795,IMM,False,TWSF,3.4895,-23.059636887949388,-22.869070730973196,-25.514226293919773
SOFR,1879586687000000401,2026-01-28,3.010958904109589,IMM,False,TWSF,3.4330249999999998,-0.7594896959177699,-0.7134819782985691,-0.6233668154786987
SOFR,1904477528000000701,2026-01-30,5.002739726027397,STANDARD,False,BBSF,3.5633999999999997,-0.019044303691817532,0.18898785192789092,-2.539854051462731
SOFR,1947645623000000401,2026-02-03,5.002739726027397,STANDARD,False,BBSF,3.5666,-0.28900426837372706,-0.25799879630614697,1.3893866173149139
SOFR,1973983502000000201,2026-02-05,5.002739726027397,STANDARD,False,BBSF,3.54434,0.026995881841429537,0.03503062976113469,-3.097274300227326
SOFR,2012266006000000801,2026-02-09,5.002739726027397,STANDARD,False,TWSF,3.474,-0.11101045978127999,0.014017999729754038,-8.793166992902535
SOFR,2053500034000002201,2026-02-12,5.002739726027397,IMM,False,TWSF,3.53895,8.874570103889923,8.826222472966982,-1.8698739280988086
SOFR,2092527644000000101,2026-02-17,5.002739726027397,STANDARD,False,BBSF,3.3092900000000003,-0.23396746138129032,-0.5010337087308248,-14.063915201272659
SOFR,2118116509000000501,2026-02-20,4.002739726027397,STANDARD,False,TWSF,3.313,-0.3910000992234597,-0.3570187650511425,-3.3208418211085444
SOFR,2121437359000000501,2026-02-20,4.002739726027397,STANDARD,False,BILT,3.3137800000000004,0.22304655170772847,0.10096707932585325,3.9528894726573505
SOFR,2140871442000000501,2026-02-24,3.0027397260273974,STANDARD,False,BBSF,3.2323699999999995,0.036925288399025646,0.047993773313725896,2.2515164607868954
SOFR,2198321564000000601,2026-02-27,4.832876712328767,MATCHED_MATURITY,True,TWSF,3.22298,-0.3024167522331478,-0.2951328503375539,-13.967321384125597
SOFR,2215863537000000801,2026-03-02,3.0027397260273974,IMM,False,TWSF,3.25,-1.6916107540065894,-1.8239508033374374,5.010128509218825
SOFR,2227235046000002601,2026-03-03,5.005479452054795,IMM,False,TWSF,3.3689999999999998,-10.670216929901333,-10.630044046272635,-2.1074754137955676
SOFR,2235420711000001601,2026-03-03,5.002739726027397,IMM,False,TWSF,3.4229999999999996,8.303582843434887,8.990656997220414,12.385455692088199
SOFR,2250230502000000901,2026-03-04,5.002739726027397,STANDARD,False,BILT,3.354,-1.6303044504062836,-1.7178202734845271,3.0429781145679513
SOFR,2265735954000000301,2026-03-05,5.002739726027397,STANDARD,False,TWSF,3.4317,0.009031040994544881,-0.18704705484786643,10.447287725347332
SOFR,2286774701000000101,2026-03-06,5.002739726027397,STANDARD,False,TWSF,3.3924999999999996,0.0860024405802573,0.06703291048610893,16.79552959123769
SOFR,2304632697000000401,2026-03-09,5.002739726027397,STANDARD,False,TWSF,3.3930000000000002,-0.7770043175128194,-0.6099723859704476,5.860279405041435
SOFR,2328504164000004101,2026-03-11,3.0027397260273974,STANDARD,False,TWSF,3.3875,0.0679871566591217,0.28699733045609577,8.215237338206904
SOFR,2352018296000001901,2026-03-12,3.0027397260273974,STANDARD,False,TWSF,3.39776,-9.424544808644253,-9.417577262885546,1.6641651404974311
SOFR,2399632075000003501,2026-03-17,4.156164383561644,STANDARD,True,TWSF,3.35075,-9.78416876407775,-9.826693827001831,-1.7917252323889077
SOFR,2448826766000001901,2026-03-20,5.002739726027397,STANDARD,False,TREU,3.6358,-0.6730054451140166,-0.9059839045387985,11.788126771134033
SOFR,2489356916000000101,2026-03-24,5.002739726027397,STANDARD,False,TWSF,3.7015,0.3720098883108758,0.3249920757460778,22.234414901505772
SOFR,2567773856000000201,2026-03-31,5.002739726027397,STANDARD,False,TWSF,3.7159999999999997,10.705094016432648,10.970319626241531,1.1088158275790239
SOFR,2590828118000001201,2026-04-01,3.0027397260273974,STANDARD,False,BBSF,3.59062,0.14275619529371397,0.16174430066580037,-3.6640487943025324
SOFR,2636463278000003201,2026-04-07,4.019178082191781,STANDARD,False,TWSF,3.6355,0.19709403331784614,0.34076364005346527,7.490214604267553
SOFR,2639924522000000301,2026-04-07,4.002739726027397,STANDARD,False,TWSF,3.6214999999999997,0.10110009861881153,0.1059800816197054,4.1946374485485105
SOFR,2671054226000000801,2026-04-09,5.002739726027397,STANDARD,False,TWSF,3.6069999999999998,0.8319995571508088,1.1059997269604604,-1.3822827182173647
SOFR,2687824159000000101,2026-04-10,5.002739726027397,IMM,False,TWSF,3.55,-6.2750640648526534,-6.49832787496214,-12.48896265814854
SOFR,2772099393000000301,2026-04-17,4.002739726027397,STANDARD,False,TWSF,3.5104999999999995,-0.00199610972404507,-0.14000136603469215,-7.138185789091711
SOFR,2809538125000000201,2026-04-21,5.002739726027397,STANDARD,False,BBSF,3.6058899999999996,-0.14697974479775944,-0.3018794093220478,3.485102733943579
SOFR,2855920169000001501,2026-04-24,5.002739726027397,STANDARD,False,BBSF,3.6416700000000004,-0.3189581358218341,-0.5189972825002886,10.187489392314664
SOFR,2906420829000000301,2026-04-29,3.0027397260273974,STANDARD,False,BBSF,3.65289,0.16700386415768875,0.13801124375358853,9.81446009337854
SOFR,2953913010000000501,2026-05-04,5.002739726027397,STANDARD,False,BILT,3.7670000000000003,-1.9389944589376817,-1.9169857642198362,12.588207597398915
SOFR,2983578131000000201,2026-05-06,5.002739726027397,IMM,False,TWSF,3.628,-9.690131671568603,-9.741764457796354,-7.388384491517286
SOFR,3034537475000001701,2026-05-08,5.002739726027397,STANDARD,False,TWSF,3.7185,-1.5150941348351488,-1.4413694677670286,0.6872335954796416
SOFR,3110703165000000701,2026-05-13,5.002739726027397,STANDARD,False,TWSF,3.843,0.07486968286860574,0.08100270571720358,12.144244892018197
SOFR,3162017253000000301,2026-05-15,5.002739726027397,STANDARD,False,BBSF,3.9739999999999998,0.28502865541559785,0.28289601666871,23.825107615565912
SOFR,3185442948000002601,2026-05-18,5.002739726027397,IMM,False,TWSF,3.9829999999999997,-0.8522999086463923,-0.8633652595926744,20.824682476468137
SOFR,3195445772000002201,2026-05-19,5.002739726027397,STANDARD,False,TWSF,3.9787000000000003,0.09699421956055332,0.09703237835370082,17.291998315207824
SOFR,3262800268000000101,2026-05-21,4.156164383561644,STANDARD,True,BILT,3.9326,-0.09612494353699041,-0.2303727799779054,11.14757088367111
SOFR,3329824630000000601,2026-05-26,4.936986301369863,STANDARD,True,XXXX,3.92199,-0.30701559223054176,-0.2961246165010589,-10.823744306817584
SOFR,3376184370000000101,2026-05-28,5.0,STANDARD,False,BILT,3.9079999999999995,-0.0665856651373975,0.04554109408787532,-10.42719491329267
SOFR,3528209691000000801,2026-06-05,5.002739726027397,STANDARD,False,BBSF,4.00324,-0.11905625849095713,-0.18799230939468003,13.161284006659457
SOFR,3590164114000000301,2026-06-10,4.002739726027397,STANDARD,False,BMTF,3.9715599999999998,-0.15500696986872065,-0.07896929616655335,5.140745098165533
SOFR,3685944935000000301,2026-06-15,3.0027397260273974,STANDARD,False,TWSF,3.9364999999999997,3.486672155382653,3.571516609358749,-6.5341341233491335
SOFR,3754648699000000101,2026-06-18,4.156164383561644,STANDARD,True,XXXX,3.8739999999999997,-10.404823524307627,-10.1037891611091,-12.060682638481302
SOFR,3761005479000000101,2026-06-18,3.0027397260273974,STANDARD,False,BILT,4.0344999999999995,4.720989735880909,4.718077199085169,10.422723197970551
SOFR,3806956999000002201,2026-06-23,3.0027397260273974,STANDARD,False,TWSF,4.0081999999999995,-0.04110510254093924,0.013090336897203514,12.246107307645415
SOFR,3824104848000000101,2026-06-24,5.002739726027397,STANDARD,False,BBSF,3.97947,0.03289921617479763,-0.10506591817351918,10.40899911106723
SOFR,3865630344000001501,2026-06-25,5.002739726027397,IMM,False,BBSF,3.8675,-0.3168426442488048,-0.3168426442488048,-7.068620564247752
SOFR,3905326149000000101,2026-06-29,5.002739726027397,STANDARD,False,BMTF,3.8575,0.03732751832021819,0.037186126374288975,-12.134128278073542
SOFR,3988032458000000101,2026-07-02,3.0027397260273974,STANDARD,False,BILT,3.995,1.2052060471009707,1.1226885469666659,3.500153650876703
SOFR,4049004116000000401,2026-07-07,5.002739726027397,STANDARD,False,BTFE,3.9362,-0.04265304622124155,-0.2072833501180149,9.817312218893148
SOFR,4086536549000000701,2026-07-08,4.002739726027397,STANDARD,False,TWSF,4.0344999999999995,0.004883915854225762,0.03698501244224772,11.551631681686558
SOFR,4188354496000000801,2026-07-14,5.002739726027397,STANDARD,False,BBSF,4.02324,-0.1269966230468711,-0.11899832249504527,4.447173193339182
SOFR,4262131165000000101,2026-07-17,3.0027397260273974,IMM,False,TWSF,4.0173,4.660678365224813,4.819149273519985,1.3228323561542688
SOFR,4292910387000000301,2026-07-20,5.002739726027397,STANDARD,False,TWSF,4.0649999999999995,2.7143706857433614,2.7374283137371336,-0.8710331603118959
SOFR,4344144948000007401,2026-07-22,5.002739726027397,IMM,False,TWSF,4.018,-11.532272060909232,-11.430339870348227,2.1691363020241994
SOFR,4439017525000000101,2026-07-28,3.0082191780821916,STANDARD,False,XXXX,4.12,3.4441748406903727,3.45020653353334,3.4904446728064364
SOFR,4514694619000001401,2026-07-31,5.002739726027397,STANDARD,False,BILT,4.2,1.4188369878293194,1.1479594282099548,4.987001310651351
SOFR,4622612389000000101,2026-08-05,4.156164383561644,STANDARD,True,BILT,4.058520000000001,-0.1319585837809889,0.015992881165516337,-5.914693248154723
SOFR,4622381768000000501,2026-08-06,5.002739726027397,IMM,False,TWSF,4.02,-8.713246079007497,-8.724598193997757,-7.888430315524619
SOFR,4649943365000001301,2026-08-07,5.002739726027397,IMM,False,TWSF,4.064,-2.191931059493424,-2.102922866063217,-12.132480606571683
