vintage,lo,hi,cap,n_all,n_cap,n_cap_at_C,cap_share,tot_notional,tot_dv01,cap_mean_tenor,notional_at_cap_face,u,C,n_sub,par_alpha_trunc,par_alpha_cens,ln_mu_trunc,ln_sigma_trunc,ln_mu_cens,ln_sigma_cens,loglik_pareto,loglik_lognorm,aic_pareto,aic_lognorm,ks_pareto,ks_lognorm,pred_ncap_par_trunc,pred_ncap_par_cens,pred_ncap_ln_trunc,pred_ncap_ln_cens,E_above_par_trunc,E_above_par_cens,E_above_ln_trunc,E_above_ln_cens,par_mean_exists_trunc,par_mean_exists_cens,ln_degenerate,E,excess_notional,excess_dv01,tot_notional_imp,tot_dv01_imp,imp_share_notional,imp_share_dv01
V1,0.0,0.12,6400000000.0,7882.0,1411.0,1411.0,0.17901547830499873,21125970187510.0,206843212.1590219,0.09374484238323155,9030400000000.0,640000000.0,6400000000.0,4503.0,-0.12327062586706841,0.5188899493338546,21.650831532657037,1.2712519829100484,21.614002592278005,1.1905801769981328,-100476.99072640212,-100445.2993999556,200955.98145280423,200894.5987999112,0.08081725454894806,0.08520114516678334,,1955.3959916969193,1668.432554074666,1422.4938748852403,inf,inf,17213993014.237915,15369031803.953808,False,False,False,inf,inf,inf,inf,inf,,
V1,0.12,0.3,2100000000.0,15649.0,3984.0,3984.0,0.25809955907725735,15833084968239.0,270374609.429531,0.15874334824502198,8366400000000.0,210000000.0,2100000000.0,6758.0,-0.22991694333759644,0.383166383853245,28.63170986065861,5.999999999993648,20.686448335371715,1.63032775715465,-143522.742021064,-143529.69435956166,287047.484042128,287063.3887191233,0.1147533283604012,0.11549433451861679,,4771.296851440938,101417.26552606533,4204.898689736317,inf,inf,2.0207811928022732e+20,10072300136.125381,False,False,True,inf,inf,inf,inf,inf,,
V1,0.3,0.54,1200000000.0,6756.0,229.0,229.0,0.034191829484902306,1489779071005.0,67886764.23504794,0.4596335171677638,274800000000.0,120000000.0,1200000000.0,2970.0,0.7392942264311095,0.9833287470314139,18.878217847809722,0.9934939948087408,18.45286883619225,1.2941287628242484,-59886.58153180486,-59839.5864102559,119775.16306360973,119683.1728205118,0.12908045362008985,0.08914585412119985,661.9881147519471,344.41153176144405,104.18433516107173,202.9572018062089,inf,inf,1849690529.6315901,2251003370.473662,False,False,False,inf,inf,inf,inf,inf,,
V1,0.54,1.04,1100000000.0,29562.0,959.0,959.0,0.03274473986875042,5712156796526.0,553110511.5336001,0.9690422280086041,1054900000000.0,110000000.0,1100000000.0,12343.0,0.7911220118725535,1.0014246372339897,18.23153375536467,1.2746409878578036,17.76906574888008,1.5055958302368826,-247378.15869722827,-247303.9765484707,494758.31739445654,494611.9530969414,0.08247915806717104,0.08004536984525643,2381.944608662125,1366.4557654341147,670.0011329026719,916.0101705330179,inf,773226386813.2047,1980642498.1728084,2280440594.039184,False,True,False,773226386813.2047,740469204953863.4,71754592814.02515,746181361750389.4,72307703325.55875,0.9923448144253745,0.9923506004741532
V1,1.04,2.25,460000000.0,57712.0,4569.0,4569.0,0.08192403659550873,7264760712083.0,1401578553.4766777,1.9143140254502469,2101740000000.0,46000000.0,460000000.0,31894.0,0.4252273171007689,0.7714798379012245,18.06469089026411,1.2361803068791384,17.936690768390854,1.3749054231681084,-618919.8014421567,-618679.6697646232,1237841.6028843133,1237363.3395292463,0.07316561730534049,0.060785519393042275,19188.768917649355,6497.661268023871,3583.087925131607,4474.208586543053,inf,inf,910950412.9886935,1026719096.116485,False,False,False,inf,inf,inf,inf,inf,,
V1,2.25,5.25,240000000.0,132408.0,10587.0,10587.0,0.08102229472539424,9323009814665.0,4099020591.7722583,4.15017340361415,2540880000000.0,24000000.0,240000000.0,73113.0,0.1765897311853332,0.7107791503705387,17.915440181424298,1.0506116387735391,17.910670606129976,1.083155804978775,-1381413.1970297662,-1380346.1447233337,2762828.3940595323,2760696.2894466673,0.09561599065092441,0.06621069630857968,145723.93727218048,17669.435723610462,9645.306391202777,10474.66979761565,inf,inf,439626735.84920156,453998439.3049333,False,False,False,inf,inf,inf,inf,inf,,
V1,5.25,10.5,170000000.0,126119.0,9484.0,9484.0,0.07676083698728978,5981768173096.0,5315604473.05738,8.231891305239893,1612280000000.0,17000000.0,170000000.0,69579.0,0.28168913930960027,0.745404050637452,17.54239798979576,0.8417721960594647,17.493060024362336,1.0652783913307198,-1286732.019881993,-1284430.3717969728,2573466.039763986,2568864.7435939456,0.08688884229856514,0.07757759833128464,76218.69871813156,15244.455202647669,4051.504544491583,8494.46496717959,inf,inf,254906148.61489877,310532397.77319336,False,False,False,inf,inf,inf,inf,inf,,
V1,10.75,31.0,120000000.0,75501.0,4010.0,4010.0,0.053999284777685064,2114651621135.0,4923566630.302741,20.519224113889813,481200000000.0,12000000.0,120000000.0,40349.0,0.5789183385354152,0.8836906439045135,16.64341840658798,1.0963765423674379,16.407514955770797,1.300783179952902,-724923.5735643985,-724459.998200711,1449849.147128797,1448923.996401422,0.10561771381202417,0.08286865947789801,14449.387614784282,6067.049378064335,2544.265885975875,3787.5729161288477,inf,inf,204385073.99427673,237825928.37910935,False,False,False,inf,inf,inf,inf,inf,,
V1,31.0,41.0,75000000.0,893.0,60.0,60.0,0.06942889137737962,20940230005.0,77677697.55426028,36.40490499337163,4500000000.0,7500000.0,75000000.0,552.0,-0.05337690240725056,0.7016801106960466,17.020056655414795,0.7071822417929363,17.053929061280353,0.7807036871950528,-9846.955066111757,-9811.999996199585,19695.910132223515,19627.99999239917,0.1398337555770255,0.10964695222625143,,136.92857473625259,35.59194969090819,53.6934164701284,inf,inf,105768142.05434904,113417494.85750598,False,False,False,inf,inf,inf,inf,inf,,
V2,0.0,0.12,17000000000.0,38135.0,1875.0,1875.0,0.04916743149337879,144285239633160.0,1380137009.846323,0.08170666666666666,31875000000000.0,1700000000.0,17000000000.0,19668.0,0.5115650231996699,0.8696850604884204,21.260624889094437,1.4318836807956086,21.440913544188415,1.2852593279274445,-451624.06355536147,-451541.9832011086,903250.1271107229,903087.9664022172,0.1206347761913531,0.11513168742265811,8750.594871745376,3069.418406297292,2392.3070320489132,1931.2907617099704,inf,inf,37860451340.073494,33706456559.934765,False,False,False,inf,inf,inf,inf,inf,,
V2,0.12,0.3,7500000000.0,53321.0,2616.0,2616.0,0.04936141482717878,86531672099267.0,1376420396.3053725,0.15128138401965277,19620000000000.0,750000000.0,7500000000.0,21404.0,0.27439222313799433,0.7620321923920372,11.660063719697025,5.9999999998864935,20.979692131051944,1.2617026152580233,-476966.86353344325,-476967.3375128122,953935.7270668865,953938.6750256245,0.10147914509952555,0.10103821310480082,24294.709799024688,4476.523446438682,17626.063191983834,2988.4058978516987,inf,inf,234624484209006.28,15689034303.040323,False,False,True,inf,inf,inf,inf,inf,,
V2,0.3,0.54,2000000000.0,25832.0,603.0,603.0,0.0233431402911118,6917016804410.0,304122727.3544684,0.4295372452804471,1206000000000.0,200000000.0,2000000000.0,9323.0,1.1594930888359904,1.190448597846344,-10.886029932445513,5.16741395714579,-10.88617207446226,5.144231612772916,-190063.0789624622,-190064.5031855362,380128.1579249244,380133.0063710724,0.14287246594443848,0.14287246594443848,693.8027775095248,642.7805418883428,632.2482210706312,616.0626526246407,14539728301.68607,12501521264.092596,8041868728.4408,7870013796.308268,True,True,False,12501521264.092596,6332417322247.835,272000909.2564521,13249434126657.836,576123636.6109204,0.4779387000013098,0.47212246117259254
V2,0.54,1.04,1700000000.0,108214.0,1852.0,1852.0,0.017271332729591367,23356625139590.0,2253376535.3909645,0.9651003759977133,3148400000000.0,170000000.0,1700000000.0,35238.0,0.8870515928850585,1.104743974175761,18.79516331187506,1.1315413705683621,18.445394057389812,1.312800708742176,-719278.4396664258,-718956.7789620992,1438558.8793328516,1437917.5579241985,0.0821231270664163,0.06112143091165956,5251.603526670508,3004.7259454631,1219.8779085343372,1710.810831756886,inf,17930050591.238693,2756910970.6527405,3058443515.1738815,False,True,False,17930050591.238693,30058053694974.06,2900903892.277892,53414678834564.06,5154280427.668857,0.5627302148173512,0.5628145253225761
V2,1.04,2.25,1100000000.0,222769.0,4246.0,4246.0,0.019787313315587,34632689351386.0,6630174654.718137,1.8744828829276783,4670600000000.0,110000000.0,1100000000.0,86050.0,0.9646860666406525,1.1493304960236057,17.312216035559327,1.501404205377488,17.27285573822327,1.5157294563400876,-1714401.8090854187,-1714146.1477047112,3428805.6181708374,3428296.2954094224,0.08408706454400017,0.07869452717107772,10469.582623324497,6566.88928408357,4166.958160088628,4232.504135490584,inf,8466211385.423346,2109788175.2637122,2124963344.6858094,False,True,False,8466211385.423346,31276933542507.523,5862807655.589691,65909622893893.52,12492982310.307827,0.4745427476175912,0.46928807789572796
V2,2.25,5.25,650000000.0,527711.0,7623.0,7623.0,0.014867986454707216,46103668317875.0,19829190526.890575,4.084922427971325,4954950000000.0,65000000.0,650000000.0,199512.0,0.9493098294936837,1.1766817424692102,17.99501855079023,1.0048378000982072,17.726775777220933,1.1565585427395664,-3872094.2264676727,-3869321.4319765517,7744190.4529353455,7738646.863953103,0.12210275313563423,0.10749558039605367,25259.936713579355,14230.113250668936,4517.343432946805,6669.905524112274,inf,4328931342.401005,973772023.7576988,1059890238.702989,False,True,False,4328931342.401005,28044493623122.86,11455958098.219336,74148161940997.86,31285148625.10991,0.3782223711147255,0.36617879734234726
V2,5.25,11.0,470000000.0,523847.0,8472.0,8472.0,0.01666326236477445,30822430148896.0,26824495968.260822,8.09241498578977,3981840000000.0,47000000.0,470000000.0,199507.0,1.2868791286405055,1.3343453558618645,-12.334107929044382,4.905662078893011,-12.334341840307996,4.850292175152144,-3760836.8269788977,-3760989.467816132,7521675.653957795,7521982.935632264,0.13189654368504805,0.1327025559750032,10867.086250596778,9687.340737938513,9905.754360929981,9219.356852435036,2108320648.2370744,1875732102.3300872,1511892944.5246747,1449800598.9641926,True,True,False,1875732102.3300872,11909362370940.498,9637550252.179968,42731792519836.5,36462046220.44079,0.27870027603948655,0.2643173176270374
V2,11.0,31.0,250000000.0,333581.0,4996.0,4996.0,0.015033829864410743,9858436341403.0,23371226417.861404,20.770639861238205,1249000000000.0,25000000.0,250000000.0,118567.0,1.381960869494811,1.3870781013756524,-12.96510539830545,4.7341434104864275,-12.965613617153085,4.755805424271279,-2152541.6870527887,-2152706.889074193,4305085.374105577,4305417.778148386,0.15983368053505612,0.15983368053505612,5133.463240714589,5070.759646733298,4678.25891560249,4821.828938858751,904517307.8348445,895864488.6174521,709941045.805872,720599224.0280513,True,True,False,895864488.6174521,3226738985132.791,6702143338.641047,13085175326535.791,30073369756.50245,0.24659501341103143,0.22285973912823362
V2,31.0,45.0,160000000.0,3278.0,43.0,43.0,0.013422818791946308,72709395200.0,266802772.79041097,35.71064757160647,6880000000.0,16000000.0,160000000.0,1308.0,0.7846712651092504,1.1138231202792872,17.182637860444,0.7009470720156489,17.08555646074293,0.8296917719037145,-23698.924170114133,-23627.24057857883,47399.848340228265,47258.48115715766,0.18834277784361028,0.11982209852461129,256.9362529907776,109.0326959982978,12.199641423549487,27.21635148147411,inf,1565689807.1974201,206608229.96192333,223778774.71759486,False,True,False,1565689807.1974201,60444661709.48907,215851801.18925408,133154056909.48907,482654573.97966504,0.4539453255305325,0.44721797497841226
