curve,local_date,weekday,reason,stored,expected,missing_minutes,median_gap_s
USD-FEDFUNDS-1D,2017-12-05,Tue,coarse_era,11,1440,1429,1230.0
USD-FEDFUNDS-1D,2017-12-06,Wed,coarse_era,91,1440,1349,540.0
USD-FEDFUNDS-1D,2017-12-07,Thu,coarse_era,97,1440,1343,480.0
USD-FEDFUNDS-1D,2017-12-08,Fri,coarse_era,70,1020,950,540.0
USD-FEDFUNDS-1D,2017-12-11,Mon,coarse_era,84,1440,1356,540.0
USD-FEDFUNDS-1D,2017-12-12,Tue,coarse_era,96,1440,1344,540.0
USD-FEDFUNDS-1D,2017-12-13,Wed,coarse_era,96,1440,1344,600.0
USD-FEDFUNDS-1D,2017-12-14,Thu,coarse_era,100,1440,1340,660.0
USD-FEDFUNDS-1D,2017-12-15,Fri,coarse_era,77,1020,943,540.0
USD-FEDFUNDS-1D,2017-12-17,Sun,coarse_era,16,480,464,660.0
USD-FEDFUNDS-1D,2017-12-18,Mon,coarse_era,87,1440,1353,720.0
USD-FEDFUNDS-1D,2017-12-19,Tue,coarse_era,91,1440,1349,540.0
USD-FEDFUNDS-1D,2017-12-20,Wed,coarse_era,69,1440,1371,600.0
USD-FEDFUNDS-1D,2017-12-21,Thu,coarse_era,99,1440,1341,480.0
USD-FEDFUNDS-1D,2017-12-22,Fri,coarse_era,76,1020,944,480.0
USD-FEDFUNDS-1D,2017-12-26,Tue,coarse_era,62,1440,1378,600.0
USD-FEDFUNDS-1D,2017-12-27,Wed,coarse_era,88,1440,1352,540.0
USD-FEDFUNDS-1D,2017-12-28,Thu,coarse_era,75,1440,1365,630.0
USD-FEDFUNDS-1D,2017-12-29,Fri,coarse_era,77,1020,943,450.0
USD-FEDFUNDS-1D,2018-01-02,Tue,coarse_era,80,1440,1360,720.0
USD-FEDFUNDS-1D,2018-01-03,Wed,coarse_era,78,1440,1362,840.0
USD-FEDFUNDS-1D,2018-01-04,Thu,coarse_era,78,1440,1362,480.0
USD-FEDFUNDS-1D,2018-01-05,Fri,coarse_era,75,1020,945,570.0
USD-FEDFUNDS-1D,2018-01-07,Sun,coarse_era,12,480,468,1620.0
USD-FEDFUNDS-1D,2018-01-08,Mon,coarse_era,126,1440,1314,480.0
USD-FEDFUNDS-1D,2018-01-09,Tue,coarse_era,74,1440,1366,660.0
USD-FEDFUNDS-1D,2018-01-10,Wed,coarse_era,95,1440,1345,720.0
USD-FEDFUNDS-1D,2018-01-11,Thu,coarse_era,124,1440,1316,480.0
USD-FEDFUNDS-1D,2018-01-12,Fri,coarse_era,64,1020,956,720.0
USD-FEDFUNDS-1D,2018-01-15,Mon,coarse_era,28,1440,1412,420.0
USD-FEDFUNDS-1D,2018-01-16,Tue,coarse_era,118,1440,1322,420.0
USD-FEDFUNDS-1D,2018-01-17,Wed,coarse_era,90,1440,1350,600.0
USD-FEDFUNDS-1D,2018-01-18,Thu,coarse_era,111,1440,1329,480.0
USD-FEDFUNDS-1D,2018-01-19,Fri,coarse_era,73,1020,947,630.0
USD-FEDFUNDS-1D,2018-01-21,Sun,coarse_era,18,480,462,720.0
USD-FEDFUNDS-1D,2018-01-22,Mon,coarse_era,94,1440,1346,720.0
USD-FEDFUNDS-1D,2018-01-23,Tue,coarse_era,27,1440,1413,480.0
USD-FEDFUNDS-1D,2018-01-24,Wed,coarse_era,108,1440,1332,480.0
USD-FEDFUNDS-1D,2018-01-25,Thu,coarse_era,109,1440,1331,540.0
USD-FEDFUNDS-1D,2018-01-26,Fri,coarse_era,79,1020,941,480.0
USD-FEDFUNDS-1D,2018-01-30,Tue,coarse_era,96,1440,1344,540.0
USD-FEDFUNDS-1D,2018-01-31,Wed,coarse_era,109,1440,1331,420.0
USD-FEDFUNDS-1D,2018-02-01,Thu,coarse_era,105,1440,1335,600.0
USD-FEDFUNDS-1D,2018-02-02,Fri,coarse_era,71,1020,949,570.0
USD-FEDFUNDS-1D,2018-02-04,Sun,coarse_era,21,480,459,570.0
USD-FEDFUNDS-1D,2018-02-05,Mon,coarse_era,102,1440,1338,540.0
USD-FEDFUNDS-1D,2018-02-06,Tue,coarse_era,108,1440,1332,540.0
USD-FEDFUNDS-1D,2018-02-07,Wed,coarse_era,77,1440,1363,690.0
USD-FEDFUNDS-1D,2018-02-08,Thu,coarse_era,123,1440,1317,450.0
USD-FEDFUNDS-1D,2018-02-09,Fri,coarse_era,81,1020,939,480.0
USD-FEDFUNDS-1D,2018-02-11,Sun,coarse_era,29,480,451,420.0
USD-FEDFUNDS-1D,2018-02-12,Mon,coarse_era,70,1440,1370,720.0
USD-FEDFUNDS-1D,2018-02-13,Tue,coarse_era,113,1440,1327,420.0
USD-FEDFUNDS-1D,2018-02-14,Wed,coarse_era,116,1440,1324,480.0
USD-FEDFUNDS-1D,2018-02-15,Thu,coarse_era,71,1440,1369,780.0
USD-FEDFUNDS-1D,2018-02-16,Fri,coarse_era,69,1020,951,480.0
USD-FEDFUNDS-1D,2018-02-19,Mon,coarse_era,18,1440,1422,1080.0
USD-FEDFUNDS-1D,2018-02-20,Tue,coarse_era,88,1440,1352,660.0
USD-FEDFUNDS-1D,2018-02-21,Wed,coarse_era,91,1440,1349,660.0
USD-FEDFUNDS-1D,2018-02-22,Thu,coarse_era,64,1440,1376,660.0
USD-FEDFUNDS-1D,2018-02-23,Fri,coarse_era,72,1020,948,720.0
USD-FEDFUNDS-1D,2018-02-25,Sun,coarse_era,11,480,469,630.0
USD-FEDFUNDS-1D,2018-02-26,Mon,coarse_era,98,1440,1342,660.0
USD-FEDFUNDS-1D,2018-02-27,Tue,coarse_era,77,1440,1363,540.0
USD-FEDFUNDS-1D,2018-02-28,Wed,coarse_era,118,1440,1322,480.0
USD-FEDFUNDS-1D,2018-03-01,Thu,coarse_era,102,1440,1338,540.0
USD-FEDFUNDS-1D,2018-03-02,Fri,coarse_era,69,1020,951,630.0
USD-FEDFUNDS-1D,2018-03-05,Mon,coarse_era,95,1440,1345,660.0
USD-FEDFUNDS-1D,2018-03-06,Tue,coarse_era,92,1440,1348,660.0
USD-FEDFUNDS-1D,2018-03-07,Wed,coarse_era,101,1440,1339,540.0
USD-FEDFUNDS-1D,2018-03-08,Thu,coarse_era,101,1440,1339,450.0
USD-FEDFUNDS-1D,2018-03-09,Fri,coarse_era,83,1020,937,570.0
USD-FEDFUNDS-1D,2018-03-11,Sun,coarse_era,27,420,393,600.0
USD-FEDFUNDS-1D,2018-03-12,Mon,coarse_era,100,1440,1340,540.0
USD-FEDFUNDS-1D,2018-03-13,Tue,coarse_era,125,1440,1315,450.0
USD-FEDFUNDS-1D,2018-03-14,Wed,coarse_era,81,1440,1359,570.0
USD-FEDFUNDS-1D,2018-03-15,Thu,coarse_era,111,1440,1329,540.0
USD-FEDFUNDS-1D,2018-03-16,Fri,coarse_era,76,1080,1004,600.0
USD-FEDFUNDS-1D,2018-03-18,Sun,coarse_era,19,420,401,570.0
USD-FEDFUNDS-1D,2018-03-19,Mon,coarse_era,76,1440,1364,540.0
USD-FEDFUNDS-1D,2018-03-20,Tue,coarse_era,94,1440,1346,420.0
USD-FEDFUNDS-1D,2018-03-21,Wed,coarse_era,82,1440,1358,600.0
USD-FEDFUNDS-1D,2018-03-22,Thu,coarse_era,84,1440,1356,780.0
USD-FEDFUNDS-1D,2018-03-23,Fri,coarse_era,83,1080,997,540.0
USD-FEDFUNDS-1D,2018-03-25,Sun,coarse_era,29,420,391,360.0
USD-FEDFUNDS-1D,2018-03-26,Mon,coarse_era,85,1440,1355,630.0
USD-FEDFUNDS-1D,2018-03-27,Tue,coarse_era,112,1440,1328,540.0
USD-FEDFUNDS-1D,2018-03-28,Wed,coarse_era,84,1440,1356,600.0
USD-FEDFUNDS-1D,2018-03-29,Thu,coarse_era,83,1440,1357,510.0
USD-FEDFUNDS-1D,2018-04-02,Mon,coarse_era,88,1440,1352,600.0
USD-FEDFUNDS-1D,2018-04-03,Tue,coarse_era,85,1440,1355,600.0
USD-FEDFUNDS-1D,2018-04-04,Wed,coarse_era,103,1440,1337,540.0
USD-FEDFUNDS-1D,2018-04-05,Thu,coarse_era,121,1440,1319,480.0
USD-FEDFUNDS-1D,2018-04-06,Fri,coarse_era,71,1080,1009,630.0
USD-FEDFUNDS-1D,2018-04-08,Sun,coarse_era,8,420,412,420.0
USD-FEDFUNDS-1D,2018-04-09,Mon,coarse_era,99,1440,1341,600.0
USD-FEDFUNDS-1D,2018-04-10,Tue,coarse_era,88,1440,1352,600.0
USD-FEDFUNDS-1D,2018-04-11,Wed,coarse_era,103,1440,1337,600.0
USD-FEDFUNDS-1D,2018-04-12,Thu,coarse_era,91,1440,1349,510.0
USD-FEDFUNDS-1D,2018-04-13,Fri,coarse_era,88,1080,992,540.0
USD-FEDFUNDS-1D,2018-04-15,Sun,coarse_era,20,420,400,1080.0
USD-FEDFUNDS-1D,2018-04-16,Mon,coarse_era,102,1440,1338,540.0
USD-FEDFUNDS-1D,2018-04-17,Tue,coarse_era,106,1440,1334,480.0
USD-FEDFUNDS-1D,2018-04-18,Wed,coarse_era,74,1440,1366,660.0
USD-FEDFUNDS-1D,2018-04-19,Thu,coarse_era,119,1440,1321,480.0
USD-FEDFUNDS-1D,2018-04-20,Fri,coarse_era,78,1080,1002,600.0
USD-FEDFUNDS-1D,2018-04-29,Sun,coarse_era,5,420,415,1350.0
USD-FEDFUNDS-1D,2018-04-30,Mon,coarse_era,74,1440,1366,780.0
USD-FEDFUNDS-1D,2018-05-01,Tue,coarse_era,83,1440,1357,600.0
USD-FEDFUNDS-1D,2018-05-02,Wed,coarse_era,87,1440,1353,480.0
USD-FEDFUNDS-1D,2018-05-03,Thu,coarse_era,68,1440,1372,780.0
USD-FEDFUNDS-1D,2018-05-04,Fri,coarse_era,83,1080,997,480.0
USD-FEDFUNDS-1D,2018-05-06,Sun,coarse_era,18,420,402,600.0
USD-FEDFUNDS-1D,2018-05-07,Mon,coarse_era,70,1440,1370,720.0
USD-FEDFUNDS-1D,2018-05-08,Tue,coarse_era,69,1440,1371,720.0
USD-FEDFUNDS-1D,2018-05-09,Wed,coarse_era,110,1440,1330,480.0
USD-FEDFUNDS-1D,2018-05-10,Thu,coarse_era,116,1440,1324,480.0
USD-FEDFUNDS-1D,2018-05-11,Fri,coarse_era,86,1080,994,300.0
USD-FEDFUNDS-1D,2018-05-13,Sun,coarse_era,2,420,418,3000.0
USD-FEDFUNDS-1D,2018-05-14,Mon,coarse_era,96,1440,1344,660.0
USD-FEDFUNDS-1D,2018-05-15,Tue,coarse_era,86,1440,1354,660.0
USD-FEDFUNDS-1D,2018-05-16,Wed,coarse_era,91,1440,1349,600.0
USD-FEDFUNDS-1D,2018-05-17,Thu,coarse_era,116,1440,1324,480.0
USD-FEDFUNDS-1D,2018-05-18,Fri,coarse_era,78,1080,1002,480.0
USD-FEDFUNDS-1D,2018-05-20,Sun,coarse_era,22,420,398,360.0
USD-FEDFUNDS-1D,2018-05-21,Mon,coarse_era,103,1440,1337,600.0
USD-FEDFUNDS-1D,2018-05-22,Tue,coarse_era,105,1440,1335,480.0
USD-FEDFUNDS-1D,2018-05-23,Wed,coarse_era,13,1440,1427,750.0
USD-FEDFUNDS-1D,2018-05-24,Thu,coarse_era,112,1440,1328,540.0
USD-FEDFUNDS-1D,2018-05-25,Fri,coarse_era,84,1080,996,480.0
USD-FEDFUNDS-1D,2018-05-28,Mon,coarse_era,2,1440,1438,300.0
USD-FEDFUNDS-1D,2018-05-29,Tue,coarse_era,105,1440,1335,540.0
USD-FEDFUNDS-1D,2018-05-30,Wed,coarse_era,111,1440,1329,480.0
USD-FEDFUNDS-1D,2018-05-31,Thu,coarse_era,113,1440,1327,540.0
USD-FEDFUNDS-1D,2018-06-01,Fri,coarse_era,77,1080,1003,480.0
USD-FEDFUNDS-1D,2018-06-03,Sun,coarse_era,25,420,395,600.0
USD-FEDFUNDS-1D,2018-06-04,Mon,coarse_era,99,1440,1341,660.0
USD-FEDFUNDS-1D,2018-06-05,Tue,coarse_era,125,1440,1315,480.0
USD-FEDFUNDS-1D,2018-06-06,Wed,coarse_era,96,1440,1344,540.0
USD-FEDFUNDS-1D,2018-06-07,Thu,coarse_era,82,1440,1358,600.0
USD-FEDFUNDS-1D,2018-06-08,Fri,coarse_era,72,1080,1008,540.0
USD-FEDFUNDS-1D,2018-06-10,Sun,coarse_era,16,420,404,660.0
USD-FEDFUNDS-1D,2018-06-11,Mon,coarse_era,111,1440,1329,540.0
USD-FEDFUNDS-1D,2018-06-12,Tue,coarse_era,70,1440,1370,840.0
USD-FEDFUNDS-1D,2018-06-13,Wed,coarse_era,91,1440,1349,660.0
USD-FEDFUNDS-1D,2018-06-14,Thu,coarse_era,116,1440,1324,540.0
USD-FEDFUNDS-1D,2018-06-15,Fri,coarse_era,86,1080,994,540.0
USD-FEDFUNDS-1D,2018-06-18,Mon,coarse_era,98,1440,1342,540.0
USD-FEDFUNDS-1D,2018-06-19,Tue,coarse_era,109,1440,1331,600.0
USD-FEDFUNDS-1D,2018-06-20,Wed,coarse_era,96,1440,1344,540.0
USD-FEDFUNDS-1D,2018-06-21,Thu,coarse_era,93,1440,1347,600.0
USD-FEDFUNDS-1D,2018-06-22,Fri,coarse_era,66,1080,1014,660.0
USD-FEDFUNDS-1D,2018-06-24,Sun,coarse_era,19,420,401,540.0
USD-FEDFUNDS-1D,2018-06-25,Mon,coarse_era,104,1440,1336,480.0
USD-FEDFUNDS-1D,2018-06-26,Tue,coarse_era,99,1440,1341,570.0
USD-FEDFUNDS-1D,2018-06-27,Wed,coarse_era,89,1440,1351,540.0
USD-FEDFUNDS-1D,2018-06-28,Thu,coarse_era,90,1440,1350,540.0
USD-FEDFUNDS-1D,2018-06-29,Fri,coarse_era,72,1080,1008,540.0
USD-FEDFUNDS-1D,2018-07-01,Sun,coarse_era,21,420,399,570.0
USD-FEDFUNDS-1D,2018-07-02,Mon,coarse_era,87,1440,1353,510.0
USD-FEDFUNDS-1D,2018-07-03,Tue,coarse_era,76,1440,1364,840.0
USD-FEDFUNDS-1D,2018-07-04,Wed,coarse_era,58,1440,1382,720.0
USD-FEDFUNDS-1D,2018-07-05,Thu,coarse_era,105,1440,1335,510.0
USD-FEDFUNDS-1D,2018-07-06,Fri,coarse_era,79,1080,1001,480.0
USD-FEDFUNDS-1D,2018-07-08,Sun,coarse_era,23,420,397,570.0
USD-FEDFUNDS-1D,2018-07-09,Mon,coarse_era,72,1440,1368,900.0
USD-FEDFUNDS-1D,2018-07-10,Tue,coarse_era,84,1440,1356,720.0
USD-FEDFUNDS-1D,2018-07-11,Wed,coarse_era,90,1440,1350,660.0
USD-FEDFUNDS-1D,2018-07-12,Thu,coarse_era,75,1440,1365,690.0
USD-FEDFUNDS-1D,2018-07-13,Fri,coarse_era,77,1080,1003,540.0
USD-FEDFUNDS-1D,2018-07-15,Sun,coarse_era,23,420,397,420.0
USD-FEDFUNDS-1D,2018-07-16,Mon,coarse_era,89,1440,1351,690.0
USD-FEDFUNDS-1D,2018-07-17,Tue,coarse_era,74,1440,1366,540.0
USD-FEDFUNDS-1D,2018-07-18,Wed,coarse_era,108,1440,1332,480.0
USD-FEDFUNDS-1D,2018-07-19,Thu,coarse_era,93,1440,1347,600.0
USD-FEDFUNDS-1D,2018-07-20,Fri,coarse_era,67,1080,1013,690.0
USD-FEDFUNDS-1D,2018-07-22,Sun,coarse_era,25,420,395,480.0
USD-FEDFUNDS-1D,2018-07-23,Mon,coarse_era,91,1440,1349,630.0
USD-FEDFUNDS-1D,2018-07-24,Tue,coarse_era,83,1440,1357,690.0
USD-FEDFUNDS-1D,2018-07-25,Wed,coarse_era,72,1440,1368,600.0
USD-FEDFUNDS-1D,2018-07-26,Thu,coarse_era,92,1440,1348,540.0
USD-FEDFUNDS-1D,2018-07-27,Fri,coarse_era,69,1080,1011,450.0
USD-FEDFUNDS-1D,2018-07-29,Sun,coarse_era,17,420,403,990.0
USD-FEDFUNDS-1D,2018-07-30,Mon,coarse_era,90,1440,1350,660.0
USD-FEDFUNDS-1D,2018-07-31,Tue,coarse_era,73,1440,1367,840.0
USD-FEDFUNDS-1D,2018-08-01,Wed,coarse_era,63,1440,1377,750.0
USD-FEDFUNDS-1D,2018-08-02,Thu,coarse_era,86,1440,1354,540.0
USD-FEDFUNDS-1D,2018-08-03,Fri,coarse_era,66,1080,1014,600.0
USD-FEDFUNDS-1D,2018-08-05,Sun,coarse_era,27,420,393,390.0
USD-FEDFUNDS-1D,2018-08-06,Mon,coarse_era,64,1440,1376,660.0
USD-FEDFUNDS-1D,2018-08-07,Tue,coarse_era,92,1440,1348,540.0
USD-FEDFUNDS-1D,2018-08-08,Wed,coarse_era,86,1440,1354,540.0
USD-FEDFUNDS-1D,2018-08-09,Thu,coarse_era,91,1440,1349,690.0
USD-FEDFUNDS-1D,2018-08-10,Fri,coarse_era,64,1080,1016,600.0
USD-FEDFUNDS-1D,2018-08-12,Sun,coarse_era,24,420,396,540.0
USD-FEDFUNDS-1D,2018-08-13,Mon,coarse_era,89,1440,1351,660.0
USD-FEDFUNDS-1D,2018-08-14,Tue,coarse_era,106,1440,1334,480.0
USD-FEDFUNDS-1D,2018-08-15,Wed,coarse_era,84,1440,1356,780.0
USD-FEDFUNDS-1D,2018-08-16,Thu,coarse_era,82,1440,1358,600.0
USD-FEDFUNDS-1D,2018-08-17,Fri,coarse_era,85,1080,995,540.0
USD-FEDFUNDS-1D,2018-08-19,Sun,interior_gaps,125,420,295,120.0
USD-FEDFUNDS-1D,2018-08-20,Mon,interior_gaps,410,1440,1030,120.0
USD-FEDFUNDS-1D,2018-08-22,Wed,interior_gaps,479,1440,961,120.0
USD-FEDFUNDS-1D,2018-08-23,Thu,interior_gaps,423,1440,1017,120.0
USD-FEDFUNDS-1D,2018-09-19,Wed,interior_gaps,240,1440,1200,60.0
USD-FEDFUNDS-1D,2018-11-18,Sun,interior_gaps,299,480,181,60.0
USD-FEDFUNDS-1D,2019-01-17,Thu,interior_gaps,299,1440,1141,60.0
USD-FEDFUNDS-1D,2019-02-12,Tue,interior_gaps,1346,1440,94,60.0
USD-FEDFUNDS-1D,2019-03-12,Tue,interior_gaps,1374,1440,66,60.0
USD-FEDFUNDS-1D,2019-03-18,Mon,interior_gaps,234,1440,1206,60.0
USD-FEDFUNDS-1D,2019-07-08,Mon,interior_gaps,792,1440,648,60.0
USD-FEDFUNDS-1D,2019-07-09,Tue,interior_gaps,301,1440,1139,60.0
USD-FEDFUNDS-1D,2019-07-16,Tue,interior_gaps,239,1440,1201,60.0
USD-FEDFUNDS-1D,2019-07-19,Fri,interior_gaps,1037,1080,43,60.0
USD-FEDFUNDS-1D,2019-11-13,Wed,interior_gaps,290,1440,1150,60.0
USD-FEDFUNDS-1D,2019-11-20,Wed,interior_gaps,1372,1440,68,60.0
USD-FEDFUNDS-1D,2020-01-12,Sun,interior_gaps,299,480,181,60.0
USD-FEDFUNDS-1D,2020-02-07,Fri,interior_gaps,988,1020,32,60.0
USD-FEDFUNDS-1D,2020-03-12,Thu,interior_gaps,239,1440,1201,60.0
USD-FEDFUNDS-1D,2020-05-11,Mon,interior_gaps,239,1440,1201,60.0
USD-FEDFUNDS-1D,2020-05-22,Fri,interior_gaps,1035,1080,45,60.0
USD-FEDFUNDS-1D,2020-09-08,Tue,interior_gaps,239,1440,1201,60.0
USD-FEDFUNDS-1D,2020-10-26,Mon,interior_gaps,1395,1440,45,60.0
USD-FEDFUNDS-1D,2021-01-06,Wed,interior_gaps,299,1440,1141,60.0
USD-FEDFUNDS-1D,2021-02-07,Sun,interior_gaps,399,480,81,60.0
USD-FEDFUNDS-1D,2021-02-08,Mon,interior_gaps,1379,1440,61,60.0
USD-FEDFUNDS-1D,2021-02-22,Mon,interior_gaps,1374,1440,66,60.0
USD-FEDFUNDS-1D,2021-02-23,Tue,interior_gaps,1345,1440,95,60.0
USD-FEDFUNDS-1D,2021-02-24,Wed,interior_gaps,1354,1440,86,60.0
USD-FEDFUNDS-1D,2021-02-26,Fri,interior_gaps,449,1020,571,120.0
USD-FEDFUNDS-1D,2021-03-07,Sun,interior_gaps,299,480,181,60.0
USD-FEDFUNDS-1D,2021-03-23,Tue,interior_gaps,1347,1440,93,60.0
USD-FEDFUNDS-1D,2021-03-24,Wed,interior_gaps,1357,1440,83,60.0
USD-FEDFUNDS-1D,2021-03-25,Thu,interior_gaps,1239,1440,201,60.0
USD-FEDFUNDS-1D,2021-03-26,Fri,interior_gaps,889,1080,191,60.0
USD-FEDFUNDS-1D,2021-05-06,Thu,interior_gaps,239,1440,1201,60.0
USD-FEDFUNDS-1D,2021-07-05,Mon,interior_gaps,239,1440,1201,60.0
USD-FEDFUNDS-1D,2021-11-02,Tue,interior_gaps,239,1440,1201,60.0
USD-FEDFUNDS-1D,2021-11-18,Thu,interior_gaps,1342,1440,98,60.0
USD-FEDFUNDS-1D,2021-11-19,Fri,interior_gaps,934,1020,86,60.0
USD-FEDFUNDS-1D,2022-03-02,Wed,interior_gaps,299,1440,1141,60.0
USD-FEDFUNDS-1D,2022-03-21,Mon,interior_gaps,1335,1440,105,60.0
USD-FEDFUNDS-1D,2022-03-23,Wed,interior_gaps,1279,1440,161,60.0
USD-FEDFUNDS-1D,2022-03-24,Thu,interior_gaps,1337,1440,103,60.0
USD-FEDFUNDS-1D,2022-03-27,Sun,interior_gaps,73,420,347,60.0
USD-FEDFUNDS-1D,2022-03-28,Mon,interior_gaps,1242,1440,198,60.0
USD-FEDFUNDS-1D,2022-03-29,Tue,interior_gaps,1248,1440,192,60.0
USD-FEDFUNDS-1D,2022-03-30,Wed,interior_gaps,1253,1440,187,60.0
USD-FEDFUNDS-1D,2022-03-31,Thu,interior_gaps,1262,1440,178,60.0
USD-FEDFUNDS-1D,2022-04-27,Wed,interior_gaps,1375,1440,65,60.0
USD-FEDFUNDS-1D,2022-05-01,Sun,interior_gaps,239,420,181,60.0
USD-FEDFUNDS-1D,2022-05-12,Thu,interior_gaps,1381,1440,59,60.0
USD-FEDFUNDS-1D,2022-06-30,Thu,interior_gaps,180,1320,1140,60.0
USD-FEDFUNDS-1D,2022-08-29,Mon,interior_gaps,180,1320,1140,60.0
USD-FEDFUNDS-1D,2022-12-27,Tue,interior_gaps,240,1320,1080,60.0
USD-FEDFUNDS-1D,2023-02-06,Mon,interior_gaps,982,1320,338,60.0
USD-FEDFUNDS-1D,2023-02-07,Tue,interior_gaps,966,1320,354,60.0
USD-FEDFUNDS-1D,2023-02-08,Wed,interior_gaps,987,1320,333,60.0
USD-FEDFUNDS-1D,2023-02-09,Thu,interior_gaps,994,1320,326,60.0
USD-FEDFUNDS-1D,2023-02-10,Fri,interior_gaps,789,960,171,60.0
USD-FEDFUNDS-1D,2023-04-23,Sun,interior_gaps,313,360,47,60.0
USD-FEDFUNDS-1D,2023-04-24,Mon,interior_gaps,1119,1320,201,60.0
USD-FEDFUNDS-1D,2023-04-25,Tue,interior_gaps,1143,1320,177,60.0
USD-FEDFUNDS-1D,2023-04-26,Wed,interior_gaps,152,1320,1168,60.0
USD-FEDFUNDS-1D,2023-04-27,Thu,interior_gaps,1134,1320,186,60.0
USD-FEDFUNDS-1D,2023-04-28,Fri,interior_gaps,884,1020,136,60.0
USD-FEDFUNDS-1D,2023-04-30,Sun,interior_gaps,190,360,170,60.0
USD-FEDFUNDS-1D,2023-05-02,Tue,interior_gaps,1023,1320,297,60.0
USD-FEDFUNDS-1D,2023-05-03,Wed,interior_gaps,1106,1320,214,60.0
USD-FEDFUNDS-1D,2023-05-04,Thu,interior_gaps,1116,1320,204,60.0
USD-FEDFUNDS-1D,2023-05-05,Fri,interior_gaps,843,1020,177,60.0
USD-FEDFUNDS-1D,2023-05-07,Sun,interior_gaps,335,360,25,60.0
USD-FEDFUNDS-1D,2023-05-08,Mon,interior_gaps,1223,1320,97,60.0
USD-FEDFUNDS-1D,2023-05-09,Tue,interior_gaps,1224,1320,96,60.0
USD-FEDFUNDS-1D,2023-05-10,Wed,interior_gaps,1221,1320,99,60.0
USD-FEDFUNDS-1D,2023-05-12,Fri,interior_gaps,934,1020,86,60.0
USD-FEDFUNDS-1D,2023-05-29,Mon,interior_gaps,1262,1320,58,60.0
USD-FEDFUNDS-1D,2023-05-30,Tue,interior_gaps,1207,1320,113,60.0
USD-FEDFUNDS-1D,2023-06-01,Thu,interior_gaps,1204,1320,116,60.0
USD-FEDFUNDS-1D,2023-06-02,Fri,interior_gaps,911,1020,109,60.0
USD-FEDFUNDS-1D,2023-06-25,Sun,interior_gaps,180,360,180,60.0
USD-FEDFUNDS-1D,2023-07-11,Tue,interior_gaps,1277,1320,43,60.0
USD-FEDFUNDS-1D,2023-07-12,Wed,interior_gaps,1270,1320,50,60.0
USD-FEDFUNDS-1D,2023-07-13,Thu,interior_gaps,1277,1320,43,60.0
USD-FEDFUNDS-1D,2023-07-14,Fri,interior_gaps,988,1020,32,60.0
USD-FEDFUNDS-1D,2023-07-19,Wed,interior_gaps,1280,1320,40,60.0
USD-FEDFUNDS-1D,2023-08-24,Thu,interior_gaps,180,1320,1140,60.0
USD-FEDFUNDS-1D,2023-10-22,Sun,interior_gaps,338,360,22,60.0
USD-FEDFUNDS-1D,2023-10-23,Mon,interior_gaps,180,1320,1140,60.0
USD-FEDFUNDS-1D,2023-10-29,Sun,interior_gaps,321,360,39,60.0
USD-FEDFUNDS-1D,2023-10-30,Mon,interior_gaps,1248,1320,72,60.0
USD-FEDFUNDS-1D,2023-10-31,Tue,interior_gaps,1256,1320,64,60.0
USD-FEDFUNDS-1D,2023-11-01,Wed,interior_gaps,1247,1320,73,60.0
USD-FEDFUNDS-1D,2023-11-03,Fri,interior_gaps,976,1020,44,60.0
USD-FEDFUNDS-1D,2023-11-26,Sun,interior_gaps,386,420,34,60.0
USD-FEDFUNDS-1D,2023-11-28,Tue,interior_gaps,1221,1320,99,60.0
USD-FEDFUNDS-1D,2023-11-29,Wed,interior_gaps,1223,1320,97,60.0
USD-FEDFUNDS-1D,2023-11-30,Thu,interior_gaps,1214,1320,106,60.0
USD-FEDFUNDS-1D,2023-12-01,Fri,interior_gaps,913,960,47,60.0
USD-FEDFUNDS-1D,2023-12-24,Sun,interior_gaps,359,420,61,60.0
USD-FEDFUNDS-1D,2023-12-25,Mon,interior_gaps,1237,1320,83,60.0
USD-FEDFUNDS-1D,2023-12-26,Tue,interior_gaps,1223,1320,97,60.0
USD-FEDFUNDS-1D,2023-12-28,Thu,interior_gaps,1228,1320,92,60.0
USD-FEDFUNDS-1D,2023-12-29,Fri,interior_gaps,914,960,46,60.0
USD-FEDFUNDS-1D,2024-01-28,Sun,interior_gaps,405,420,15,60.0
USD-FEDFUNDS-1D,2024-01-29,Mon,interior_gaps,1227,1320,93,60.0
USD-FEDFUNDS-1D,2024-01-30,Tue,interior_gaps,1229,1320,91,60.0
USD-FEDFUNDS-1D,2024-02-01,Thu,interior_gaps,1233,1320,87,60.0
USD-FEDFUNDS-1D,2024-02-02,Fri,interior_gaps,898,960,62,60.0
USD-FEDFUNDS-1D,2024-02-20,Tue,interior_gaps,240,1320,1080,60.0
USD-FEDFUNDS-1D,2024-03-28,Thu,interior_gaps,1065,1320,255,60.0
USD-FEDFUNDS-1D,2024-03-29,Fri,interior_gaps,768,1020,252,60.0
USD-FEDFUNDS-1D,2024-04-05,Fri,interior_gaps,975,1020,45,60.0
USD-FEDFUNDS-1D,2024-04-11,Thu,interior_gaps,1123,1320,197,60.0
USD-FEDFUNDS-1D,2024-04-12,Fri,interior_gaps,822,1020,198,60.0
USD-FEDFUNDS-1D,2024-04-14,Sun,interior_gaps,341,360,19,60.0
USD-FEDFUNDS-1D,2024-04-16,Tue,interior_gaps,1140,1320,180,60.0
USD-FEDFUNDS-1D,2024-04-17,Wed,interior_gaps,1150,1320,170,60.0
USD-FEDFUNDS-1D,2024-04-18,Thu,interior_gaps,1068,1320,252,60.0
USD-FEDFUNDS-1D,2024-04-19,Fri,interior_gaps,955,1020,65,60.0
USD-FEDFUNDS-1D,2024-05-03,Fri,interior_gaps,974,1020,46,60.0
USD-FEDFUNDS-1D,2024-06-05,Wed,interior_gaps,1279,1320,41,60.0
USD-FEDFUNDS-1D,2024-06-06,Thu,interior_gaps,1270,1320,50,60.0
USD-FEDFUNDS-1D,2024-06-07,Fri,interior_gaps,965,1020,55,60.0
USD-FEDFUNDS-1D,2024-06-10,Mon,interior_gaps,1213,1320,107,60.0
USD-FEDFUNDS-1D,2024-06-11,Tue,interior_gaps,1214,1320,106,60.0
USD-FEDFUNDS-1D,2024-06-12,Wed,interior_gaps,1239,1320,81,60.0
USD-FEDFUNDS-1D,2024-06-13,Thu,interior_gaps,1241,1320,79,60.0
USD-FEDFUNDS-1D,2024-06-14,Fri,interior_gaps,940,1020,80,60.0
USD-FEDFUNDS-1D,2024-06-16,Sun,interior_gaps,321,360,39,60.0
USD-FEDFUNDS-1D,2024-06-19,Wed,interior_gaps,180,1320,1140,60.0
USD-FEDFUNDS-1D,2024-07-28,Sun,interior_gaps,328,360,32,60.0
USD-FEDFUNDS-1D,2024-07-30,Tue,interior_gaps,1199,1320,121,60.0
USD-FEDFUNDS-1D,2024-07-31,Wed,interior_gaps,1208,1320,112,60.0
USD-FEDFUNDS-1D,2024-08-01,Thu,interior_gaps,1208,1320,112,60.0
USD-FEDFUNDS-1D,2024-08-18,Sun,interior_gaps,180,360,180,60.0
USD-FEDFUNDS-1D,2024-08-23,Fri,interior_gaps,988,1020,32,60.0
USD-FEDFUNDS-1D,2024-09-09,Mon,interior_gaps,1271,1320,49,60.0
USD-FEDFUNDS-1D,2024-09-10,Tue,interior_gaps,1273,1320,47,60.0
USD-FEDFUNDS-1D,2024-09-11,Wed,interior_gaps,1277,1320,43,60.0
USD-FEDFUNDS-1D,2024-09-13,Fri,interior_gaps,974,1020,46,60.0
USD-FEDFUNDS-1D,2024-10-17,Thu,interior_gaps,180,1320,1140,60.0
USD-FEDFUNDS-1D,2024-12-16,Mon,interior_gaps,239,1320,1081,60.0
USD-FEDFUNDS-1D,2025-03-24,Mon,interior_gaps,1240,1320,80,60.0
USD-FEDFUNDS-1D,2025-03-27,Thu,interior_gaps,1149,1320,171,60.0
USD-FEDFUNDS-1D,2025-04-15,Tue,interior_gaps,180,1320,1140,60.0
USD-FEDFUNDS-1D,2025-04-21,Mon,interior_gaps,1229,1320,91,60.0
USD-FEDFUNDS-1D,2025-04-22,Tue,interior_gaps,1239,1320,81,60.0
USD-FEDFUNDS-1D,2025-04-23,Wed,interior_gaps,1234,1320,86,60.0
USD-FEDFUNDS-1D,2025-04-24,Thu,interior_gaps,1241,1320,79,60.0
USD-FEDFUNDS-1D,2025-04-25,Fri,interior_gaps,936,1020,84,60.0
USD-FEDFUNDS-1D,2025-05-06,Tue,interior_gaps,1244,1320,76,60.0
USD-FEDFUNDS-1D,2025-05-07,Wed,interior_gaps,1254,1320,66,60.0
USD-FEDFUNDS-1D,2025-05-08,Thu,interior_gaps,1254,1320,66,60.0
USD-FEDFUNDS-1D,2025-05-09,Fri,interior_gaps,951,1020,69,60.0
USD-FEDFUNDS-1D,2025-05-12,Mon,interior_gaps,1277,1320,43,60.0
USD-FEDFUNDS-1D,2025-08-13,Wed,interior_gaps,175,1320,1145,60.0
USD-FEDFUNDS-1D,2025-10-12,Sun,interior_gaps,178,360,182,60.0
USD-FEDFUNDS-1D,2025-12-05,Fri,interior_gaps,866,960,94,60.0
USD-FEDFUNDS-1D,2025-12-11,Thu,interior_gaps,236,1320,1084,60.0
USD-FEDFUNDS-1D,2026-01-11,Sun,interior_gaps,400,420,20,60.0
USD-FEDFUNDS-1D,2026-01-16,Fri,interior_gaps,703,960,257,60.0
USD-FEDFUNDS-1D,2026-01-21,Wed,interior_gaps,1225,1320,95,60.0
USD-FEDFUNDS-1D,2026-02-09,Mon,interior_gaps,240,1320,1080,60.0
USD-FEDFUNDS-1D,2026-03-23,Mon,interior_gaps,1259,1320,61,60.0
USD-FEDFUNDS-1D,2026-04-02,Thu,interior_gaps,1280,1320,40,60.0
USD-FEDFUNDS-1D,2026-04-03,Fri,interior_gaps,934,1020,86,60.0
USD-FEDFUNDS-1D,2026-04-10,Fri,interior_gaps,952,1020,68,60.0
USD-FEDFUNDS-1D,2026-04-16,Thu,interior_gaps,1238,1320,82,60.0
USD-FEDFUNDS-1D,2026-06-08,Mon,interior_gaps,180,1320,1140,60.0
USD-FEDFUNDS-1D,2026-06-11,Thu,interior_gaps,1155,1320,165,60.0
USD-FEDFUNDS-1D,2026-06-12,Fri,interior_gaps,881,1020,139,60.0
USD-FEDFUNDS-1D,2026-06-24,Wed,interior_gaps,1251,1320,69,60.0
USD-FEDFUNDS-1D,2026-06-25,Thu,interior_gaps,1053,1320,267,60.0
USD-FEDFUNDS-1D,2026-06-26,Fri,interior_gaps,817,1020,203,60.0
USD-FEDFUNDS-1D,2026-07-09,Thu,interior_gaps,1114,1320,206,60.0
USD-FEDFUNDS-1D,2026-07-10,Fri,interior_gaps,799,1020,221,60.0
USD-FEDFUNDS-1D,2026-07-15,Wed,interior_gaps,1240,1320,80,60.0
USD-FEDFUNDS-1D,2026-07-16,Thu,interior_gaps,1176,1320,144,60.0
USD-FEDFUNDS-1D,2026-07-17,Fri,interior_gaps,851,1020,169,60.0
USD-FEDFUNDS-1D,2026-07-22,Wed,interior_gaps,1260,1320,60,60.0
USD-FEDFUNDS-1D,2026-08-02,Sun,interior_gaps,180,360,180,60.0
USD-FEDFUNDS-1D,2017-12-10,Sun,truncated_end,1,480,479,
USD-FEDFUNDS-1D,2017-12-24,Sun,truncated_end,1,480,479,
USD-FEDFUNDS-1D,2017-12-25,Mon,truncated_end,1,1440,1439,
USD-FEDFUNDS-1D,2018-01-01,Mon,truncated_end,206,1440,1234,60.0
USD-FEDFUNDS-1D,2018-01-14,Sun,truncated_end,1,480,479,
USD-FEDFUNDS-1D,2018-01-28,Sun,truncated_end,17,480,463,60.0
USD-FEDFUNDS-1D,2018-01-29,Mon,truncated_end,212,1440,1228,120.0
USD-FEDFUNDS-1D,2018-02-18,Sun,truncated_end,1,480,479,
USD-FEDFUNDS-1D,2018-03-04,Sun,truncated_end,1,480,479,
USD-FEDFUNDS-1D,2018-04-01,Sun,truncated_end,1,420,419,
USD-FEDFUNDS-1D,2018-04-26,Thu,truncated_end,1,1440,1439,
USD-FEDFUNDS-1D,2018-05-27,Sun,truncated_end,1,420,419,
USD-FEDFUNDS-1D,2018-06-17,Sun,truncated_end,1,420,419,
USD-FEDFUNDS-1D,2018-08-21,Tue,truncated_end,385,1440,1055,120.0
USD-FEDFUNDS-1D,2018-08-24,Fri,truncated_end,366,1080,714,120.0
USD-FEDFUNDS-1D,2018-08-26,Sun,truncated_end,180,420,240,60.0
USD-FEDFUNDS-1D,2018-09-05,Wed,truncated_end,1200,1440,240,60.0
USD-FEDFUNDS-1D,2018-09-10,Mon,truncated_end,1200,1440,240,60.0
USD-FEDFUNDS-1D,2018-09-24,Mon,truncated_end,1200,1440,240,60.0
USD-FEDFUNDS-1D,2018-10-04,Thu,truncated_end,1200,1440,240,60.0
USD-FEDFUNDS-1D,2018-10-09,Tue,truncated_end,1200,1440,240,60.0
USD-FEDFUNDS-1D,2018-10-14,Sun,truncated_end,180,420,240,60.0
USD-FEDFUNDS-1D,2018-10-24,Wed,truncated_end,1200,1440,240,60.0
USD-FEDFUNDS-1D,2018-10-29,Mon,truncated_end,1200,1440,240,60.0
USD-FEDFUNDS-1D,2018-11-08,Thu,truncated_end,1140,1440,300,60.0
USD-FEDFUNDS-1D,2018-11-13,Tue,truncated_end,1140,1440,300,60.0
USD-FEDFUNDS-1D,2018-11-28,Wed,truncated_end,1140,1440,300,60.0
USD-FEDFUNDS-1D,2018-12-03,Mon,truncated_end,1140,1440,300,60.0
USD-FEDFUNDS-1D,2018-12-13,Thu,truncated_end,1140,1440,300,60.0
USD-FEDFUNDS-1D,2018-12-18,Tue,truncated_end,1140,1440,300,60.0
USD-FEDFUNDS-1D,2018-12-23,Sun,truncated_end,180,480,300,60.0
USD-FEDFUNDS-1D,2019-01-02,Wed,truncated_end,1140,1440,300,60.0
USD-FEDFUNDS-1D,2019-01-07,Mon,truncated_end,1140,1440,300,60.0
USD-FEDFUNDS-1D,2019-01-22,Tue,truncated_end,1140,1440,300,60.0
USD-FEDFUNDS-1D,2019-01-25,Fri,truncated_end,829,1020,191,60.0
USD-FEDFUNDS-1D,2019-01-27,Sun,truncated_end,180,480,300,60.0
USD-FEDFUNDS-1D,2019-02-06,Wed,truncated_end,1140,1440,300,60.0
USD-FEDFUNDS-1D,2019-02-11,Mon,truncated_end,1140,1440,300,60.0
USD-FEDFUNDS-1D,2019-02-21,Thu,truncated_end,1140,1440,300,60.0
USD-FEDFUNDS-1D,2019-02-26,Tue,truncated_end,1140,1440,300,60.0
USD-FEDFUNDS-1D,2019-03-03,Sun,truncated_end,180,480,300,60.0
USD-FEDFUNDS-1D,2019-03-13,Wed,truncated_end,1199,1440,241,60.0
USD-FEDFUNDS-1D,2019-03-28,Thu,truncated_end,1200,1440,240,60.0
USD-FEDFUNDS-1D,2019-04-02,Tue,truncated_end,1200,1440,240,60.0
USD-FEDFUNDS-1D,2019-04-07,Sun,truncated_end,180,420,240,60.0
USD-FEDFUNDS-1D,2019-04-17,Wed,truncated_end,1200,1440,240,60.0
USD-FEDFUNDS-1D,2019-04-19,Fri,truncated_end,499,1080,581,60.0
USD-FEDFUNDS-1D,2019-04-22,Mon,truncated_end,1200,1440,240,60.0
USD-FEDFUNDS-1D,2019-05-02,Thu,truncated_end,1200,1440,240,60.0
USD-FEDFUNDS-1D,2019-05-07,Tue,truncated_end,1142,1440,298,60.0
USD-FEDFUNDS-1D,2019-05-12,Sun,truncated_end,180,420,240,60.0
USD-FEDFUNDS-1D,2019-05-22,Wed,truncated_end,1197,1440,243,60.0
USD-FEDFUNDS-1D,2019-05-27,Mon,truncated_end,1199,1440,241,60.0
USD-FEDFUNDS-1D,2019-06-06,Thu,truncated_end,1200,1440,240,60.0
USD-FEDFUNDS-1D,2019-06-11,Tue,truncated_end,1200,1440,240,60.0
USD-FEDFUNDS-1D,2019-06-16,Sun,truncated_end,180,420,240,60.0
USD-FEDFUNDS-1D,2019-06-26,Wed,truncated_end,1200,1440,240,60.0
USD-FEDFUNDS-1D,2019-07-01,Mon,truncated_end,1199,1440,241,60.0
USD-FEDFUNDS-1D,2019-07-07,Sun,truncated_end,343,420,77,60.0
USD-FEDFUNDS-1D,2019-07-11,Thu,truncated_end,1200,1440,240,60.0
USD-FEDFUNDS-1D,2019-07-21,Sun,truncated_end,180,420,240,60.0
USD-FEDFUNDS-1D,2019-07-31,Wed,truncated_end,1200,1440,240,60.0
USD-FEDFUNDS-1D,2019-08-05,Mon,truncated_end,1200,1440,240,60.0
USD-FEDFUNDS-1D,2019-08-15,Thu,truncated_end,1197,1440,243,60.0
USD-FEDFUNDS-1D,2019-08-20,Tue,truncated_end,1200,1440,240,60.0
USD-FEDFUNDS-1D,2019-08-25,Sun,truncated_end,180,420,240,60.0
USD-FEDFUNDS-1D,2019-09-04,Wed,truncated_end,1199,1440,241,60.0
USD-FEDFUNDS-1D,2019-09-09,Mon,truncated_end,1200,1440,240,60.0
USD-FEDFUNDS-1D,2019-09-19,Thu,truncated_end,1198,1440,242,60.0
USD-FEDFUNDS-1D,2019-09-24,Tue,truncated_end,1200,1440,240,60.0
USD-FEDFUNDS-1D,2019-09-29,Sun,truncated_end,180,420,240,60.0
USD-FEDFUNDS-1D,2019-10-09,Wed,truncated_end,1200,1440,240,60.0
USD-FEDFUNDS-1D,2019-10-14,Mon,truncated_end,1200,1440,240,60.0
USD-FEDFUNDS-1D,2019-10-24,Thu,truncated_end,1200,1440,240,60.0
USD-FEDFUNDS-1D,2019-10-29,Tue,truncated_end,1200,1440,240,60.0
USD-FEDFUNDS-1D,2019-11-03,Sun,truncated_end,180,480,300,60.0
USD-FEDFUNDS-1D,2019-11-18,Mon,truncated_end,1140,1440,300,60.0
USD-FEDFUNDS-1D,2019-11-28,Thu,truncated_end,1140,1440,300,60.0
USD-FEDFUNDS-1D,2019-12-03,Tue,truncated_end,1140,1440,300,60.0
USD-FEDFUNDS-1D,2019-12-08,Sun,truncated_end,180,480,300,60.0
USD-FEDFUNDS-1D,2019-12-18,Wed,truncated_end,1140,1440,300,60.0
USD-FEDFUNDS-1D,2019-12-23,Mon,truncated_end,1140,1440,300,60.0
USD-FEDFUNDS-1D,2020-01-02,Thu,truncated_end,1140,1440,300,60.0
USD-FEDFUNDS-1D,2020-01-07,Tue,truncated_end,1140,1440,300,60.0
USD-FEDFUNDS-1D,2020-01-22,Wed,truncated_end,1140,1440,300,60.0
USD-FEDFUNDS-1D,2020-01-24,Fri,truncated_end,988,1020,32,60.0
USD-FEDFUNDS-1D,2020-01-27,Mon,truncated_end,1140,1440,300,60.0
USD-FEDFUNDS-1D,2020-02-06,Thu,truncated_end,1140,1440,300,60.0
USD-FEDFUNDS-1D,2020-02-11,Tue,truncated_end,1140,1440,300,60.0
USD-FEDFUNDS-1D,2020-02-16,Sun,truncated_end,180,480,300,60.0
USD-FEDFUNDS-1D,2020-02-26,Wed,truncated_end,1140,1440,300,60.0
USD-FEDFUNDS-1D,2020-03-02,Mon,truncated_end,1140,1440,300,60.0
USD-FEDFUNDS-1D,2020-03-17,Tue,truncated_end,1200,1440,240,60.0
USD-FEDFUNDS-1D,2020-03-22,Sun,truncated_end,180,420,240,60.0
USD-FEDFUNDS-1D,2020-04-01,Wed,truncated_end,1171,1440,269,60.0
USD-FEDFUNDS-1D,2020-04-06,Mon,truncated_end,1200,1440,240,60.0
USD-FEDFUNDS-1D,2020-04-16,Thu,truncated_end,1200,1440,240,60.0
USD-FEDFUNDS-1D,2020-04-21,Tue,truncated_end,1200,1440,240,60.0
USD-FEDFUNDS-1D,2020-04-26,Sun,truncated_end,180,420,240,60.0
USD-FEDFUNDS-1D,2020-05-06,Wed,truncated_end,1200,1440,240,60.0
USD-FEDFUNDS-1D,2020-05-21,Thu,truncated_end,1200,1440,240,60.0
USD-FEDFUNDS-1D,2020-05-26,Tue,truncated_end,1200,1440,240,60.0
USD-FEDFUNDS-1D,2020-05-31,Sun,truncated_end,180,420,240,60.0
USD-FEDFUNDS-1D,2020-06-10,Wed,truncated_end,1200,1440,240,60.0
USD-FEDFUNDS-1D,2020-06-15,Mon,truncated_end,1173,1440,267,60.0
USD-FEDFUNDS-1D,2020-06-25,Thu,truncated_end,1200,1440,240,60.0
USD-FEDFUNDS-1D,2020-06-30,Tue,truncated_end,1200,1440,240,60.0
USD-FEDFUNDS-1D,2020-07-05,Sun,truncated_end,180,420,240,60.0
USD-FEDFUNDS-1D,2020-07-15,Wed,truncated_end,1200,1440,240,60.0
USD-FEDFUNDS-1D,2020-07-20,Mon,truncated_end,1200,1440,240,60.0
USD-FEDFUNDS-1D,2020-07-30,Thu,truncated_end,1200,1440,240,60.0
USD-FEDFUNDS-1D,2020-08-04,Tue,truncated_end,1200,1440,240,60.0
USD-FEDFUNDS-1D,2020-08-09,Sun,truncated_end,180,420,240,60.0
USD-FEDFUNDS-1D,2020-08-19,Wed,truncated_end,1200,1440,240,60.0
USD-FEDFUNDS-1D,2020-08-24,Mon,truncated_end,1200,1440,240,60.0
USD-FEDFUNDS-1D,2020-09-03,Thu,truncated_end,1200,1440,240,60.0
USD-FEDFUNDS-1D,2020-09-13,Sun,truncated_end,180,420,240,60.0
USD-FEDFUNDS-1D,2020-09-23,Wed,truncated_end,1200,1440,240,60.0
USD-FEDFUNDS-1D,2020-09-28,Mon,truncated_end,1200,1440,240,60.0
USD-FEDFUNDS-1D,2020-10-08,Thu,truncated_end,1200,1440,240,60.0
USD-FEDFUNDS-1D,2020-10-13,Tue,truncated_end,1200,1440,240,60.0
USD-FEDFUNDS-1D,2020-10-18,Sun,truncated_end,180,420,240,60.0
USD-FEDFUNDS-1D,2020-10-28,Wed,truncated_end,1200,1440,240,60.0
USD-FEDFUNDS-1D,2020-11-02,Mon,truncated_end,1140,1440,300,60.0
USD-FEDFUNDS-1D,2020-11-12,Thu,truncated_end,1140,1440,300,60.0
USD-FEDFUNDS-1D,2020-11-17,Tue,truncated_end,1140,1440,300,60.0
USD-FEDFUNDS-1D,2020-11-22,Sun,truncated_end,180,480,300,60.0
USD-FEDFUNDS-1D,2020-12-02,Wed,truncated_end,1140,1440,300,60.0
USD-FEDFUNDS-1D,2020-12-07,Mon,truncated_end,1140,1440,300,60.0
USD-FEDFUNDS-1D,2020-12-17,Thu,truncated_end,1140,1440,300,60.0
USD-FEDFUNDS-1D,2020-12-22,Tue,truncated_end,1140,1440,300,60.0
USD-FEDFUNDS-1D,2020-12-27,Sun,truncated_end,180,480,300,60.0
USD-FEDFUNDS-1D,2021-01-11,Mon,truncated_end,1140,1440,300,60.0
USD-FEDFUNDS-1D,2021-01-21,Thu,truncated_end,1140,1440,300,60.0
USD-FEDFUNDS-1D,2021-01-26,Tue,truncated_end,1140,1440,300,60.0
USD-FEDFUNDS-1D,2021-01-31,Sun,truncated_end,180,480,300,60.0
USD-FEDFUNDS-1D,2021-02-10,Wed,truncated_end,1140,1440,300,60.0
USD-FEDFUNDS-1D,2021-02-15,Mon,truncated_end,1140,1440,300,60.0
USD-FEDFUNDS-1D,2021-02-25,Thu,truncated_end,1038,1440,402,60.0
USD-FEDFUNDS-1D,2021-03-02,Tue,truncated_end,1134,1440,306,60.0
USD-FEDFUNDS-1D,2021-03-17,Wed,truncated_end,1200,1440,240,60.0
USD-FEDFUNDS-1D,2021-03-21,Sun,truncated_end,177,420,243,120.0
USD-FEDFUNDS-1D,2021-03-22,Mon,truncated_end,1015,1440,425,60.0
USD-FEDFUNDS-1D,2021-04-01,Thu,truncated_end,1200,1440,240,60.0
USD-FEDFUNDS-1D,2021-04-06,Tue,truncated_end,1200,1440,240,60.0
USD-FEDFUNDS-1D,2021-04-11,Sun,truncated_end,180,420,240,60.0
USD-FEDFUNDS-1D,2021-04-21,Wed,truncated_end,1200,1440,240,60.0
USD-FEDFUNDS-1D,2021-04-26,Mon,truncated_end,1200,1440,240,60.0
USD-FEDFUNDS-1D,2021-05-11,Tue,truncated_end,1200,1440,240,60.0
USD-FEDFUNDS-1D,2021-05-16,Sun,truncated_end,180,420,240,60.0
USD-FEDFUNDS-1D,2021-05-26,Wed,truncated_end,1200,1440,240,60.0
USD-FEDFUNDS-1D,2021-05-31,Mon,truncated_end,1200,1440,240,60.0
USD-FEDFUNDS-1D,2021-06-10,Thu,truncated_end,1200,1440,240,60.0
USD-FEDFUNDS-1D,2021-06-15,Tue,truncated_end,1200,1440,240,60.0
USD-FEDFUNDS-1D,2021-06-20,Sun,truncated_end,180,420,240,60.0
USD-FEDFUNDS-1D,2021-06-30,Wed,truncated_end,1200,1440,240,60.0
USD-FEDFUNDS-1D,2021-07-15,Thu,truncated_end,1200,1440,240,60.0
USD-FEDFUNDS-1D,2021-07-20,Tue,truncated_end,1200,1440,240,60.0
USD-FEDFUNDS-1D,2021-07-25,Sun,truncated_end,180,420,240,60.0
USD-FEDFUNDS-1D,2021-08-04,Wed,truncated_end,1200,1440,240,60.0
USD-FEDFUNDS-1D,2021-08-09,Mon,truncated_end,1198,1440,242,60.0
USD-FEDFUNDS-1D,2021-08-19,Thu,truncated_end,1200,1440,240,60.0
USD-FEDFUNDS-1D,2021-08-24,Tue,truncated_end,1200,1440,240,60.0
USD-FEDFUNDS-1D,2021-08-29,Sun,truncated_end,180,420,240,60.0
USD-FEDFUNDS-1D,2021-09-08,Wed,truncated_end,1199,1440,241,60.0
USD-FEDFUNDS-1D,2021-09-13,Mon,truncated_end,1200,1440,240,60.0
USD-FEDFUNDS-1D,2021-09-23,Thu,truncated_end,1200,1440,240,60.0
USD-FEDFUNDS-1D,2021-09-28,Tue,truncated_end,1200,1440,240,60.0
USD-FEDFUNDS-1D,2021-10-03,Sun,truncated_end,180,420,240,60.0
USD-FEDFUNDS-1D,2021-10-13,Wed,truncated_end,1200,1440,240,60.0
USD-FEDFUNDS-1D,2021-10-18,Mon,truncated_end,1200,1440,240,60.0
USD-FEDFUNDS-1D,2021-10-28,Thu,truncated_end,1200,1440,240,60.0
USD-FEDFUNDS-1D,2021-11-07,Sun,truncated_end,180,480,300,60.0
USD-FEDFUNDS-1D,2021-11-17,Wed,truncated_end,1140,1440,300,60.0
USD-FEDFUNDS-1D,2021-11-22,Mon,truncated_end,1140,1440,300,60.0
USD-FEDFUNDS-1D,2021-12-02,Thu,truncated_end,1131,1440,309,60.0
USD-FEDFUNDS-1D,2021-12-07,Tue,truncated_end,1140,1440,300,60.0
USD-FEDFUNDS-1D,2021-12-12,Sun,truncated_end,180,480,300,60.0
USD-FEDFUNDS-1D,2021-12-22,Wed,truncated_end,1140,1440,300,60.0
USD-FEDFUNDS-1D,2021-12-27,Mon,truncated_end,1140,1440,300,60.0
USD-FEDFUNDS-1D,2022-01-06,Thu,truncated_end,1140,1440,300,60.0
USD-FEDFUNDS-1D,2022-01-11,Tue,truncated_end,1140,1440,300,60.0
USD-FEDFUNDS-1D,2022-01-16,Sun,truncated_end,180,480,300,60.0
USD-FEDFUNDS-1D,2022-01-26,Wed,truncated_end,1140,1440,300,60.0
USD-FEDFUNDS-1D,2022-01-31,Mon,truncated_end,1140,1440,300,60.0
USD-FEDFUNDS-1D,2022-02-10,Thu,truncated_end,1140,1440,300,60.0
USD-FEDFUNDS-1D,2022-02-15,Tue,truncated_end,1138,1440,302,60.0
USD-FEDFUNDS-1D,2022-02-20,Sun,truncated_end,180,480,300,60.0
USD-FEDFUNDS-1D,2022-03-07,Mon,truncated_end,1140,1440,300,60.0
USD-FEDFUNDS-1D,2022-03-17,Thu,truncated_end,1199,1440,241,60.0
USD-FEDFUNDS-1D,2022-03-22,Tue,truncated_end,1083,1440,357,60.0
USD-FEDFUNDS-1D,2022-04-06,Wed,truncated_end,1200,1440,240,60.0
USD-FEDFUNDS-1D,2022-04-11,Mon,truncated_end,1200,1440,240,60.0
USD-FEDFUNDS-1D,2022-04-21,Thu,truncated_end,1199,1440,241,60.0
USD-FEDFUNDS-1D,2022-04-26,Tue,truncated_end,1171,1440,269,60.0
USD-FEDFUNDS-1D,2022-05-11,Wed,truncated_end,1187,1440,253,60.0
USD-FEDFUNDS-1D,2022-05-16,Mon,truncated_end,1200,1440,240,60.0
USD-FEDFUNDS-1D,2022-05-26,Thu,truncated_end,1200,1440,240,60.0
USD-FEDFUNDS-1D,2022-05-31,Tue,truncated_end,1199,1440,241,60.0
USD-FEDFUNDS-1D,2022-06-05,Sun,truncated_end,180,420,240,60.0
USD-FEDFUNDS-1D,2022-06-15,Wed,truncated_end,1140,1320,180,60.0
USD-FEDFUNDS-1D,2022-06-20,Mon,truncated_end,1140,1320,180,60.0
USD-FEDFUNDS-1D,2022-07-05,Tue,truncated_end,1140,1320,180,60.0
USD-FEDFUNDS-1D,2022-07-10,Sun,truncated_end,180,360,180,60.0
USD-FEDFUNDS-1D,2022-07-20,Wed,truncated_end,1139,1320,181,60.0
USD-FEDFUNDS-1D,2022-07-25,Mon,truncated_end,1138,1320,182,60.0
USD-FEDFUNDS-1D,2022-08-04,Thu,truncated_end,1140,1320,180,60.0
USD-FEDFUNDS-1D,2022-08-09,Tue,truncated_end,1140,1320,180,60.0
USD-FEDFUNDS-1D,2022-08-14,Sun,truncated_end,180,360,180,60.0
USD-FEDFUNDS-1D,2022-08-24,Wed,truncated_end,1139,1320,181,60.0
USD-FEDFUNDS-1D,2022-09-08,Thu,truncated_end,1140,1320,180,60.0
USD-FEDFUNDS-1D,2022-09-13,Tue,truncated_end,1140,1320,180,60.0
USD-FEDFUNDS-1D,2022-09-18,Sun,truncated_end,180,360,180,60.0
USD-FEDFUNDS-1D,2022-09-28,Wed,truncated_end,1140,1320,180,60.0
USD-FEDFUNDS-1D,2022-10-03,Mon,truncated_end,1140,1320,180,60.0
USD-FEDFUNDS-1D,2022-10-13,Thu,truncated_end,1140,1320,180,60.0
USD-FEDFUNDS-1D,2022-10-18,Tue,truncated_end,1140,1320,180,60.0
USD-FEDFUNDS-1D,2022-10-23,Sun,truncated_end,180,360,180,60.0
USD-FEDFUNDS-1D,2022-11-02,Wed,truncated_end,1121,1320,199,60.0
USD-FEDFUNDS-1D,2022-11-07,Mon,truncated_end,1079,1320,241,60.0
USD-FEDFUNDS-1D,2022-11-17,Thu,truncated_end,1080,1320,240,60.0
USD-FEDFUNDS-1D,2022-11-22,Tue,truncated_end,1080,1320,240,60.0
USD-FEDFUNDS-1D,2022-11-27,Sun,truncated_end,180,420,240,60.0
USD-FEDFUNDS-1D,2022-12-07,Wed,truncated_end,1080,1320,240,60.0
USD-FEDFUNDS-1D,2022-12-12,Mon,truncated_end,1080,1320,240,60.0
USD-FEDFUNDS-1D,2022-12-22,Thu,truncated_end,1080,1320,240,60.0
USD-FEDFUNDS-1D,2023-01-01,Sun,truncated_end,180,420,240,60.0
USD-FEDFUNDS-1D,2023-01-11,Wed,truncated_end,1080,1320,240,60.0
USD-FEDFUNDS-1D,2023-01-16,Mon,truncated_end,1080,1320,240,60.0
USD-FEDFUNDS-1D,2023-01-26,Thu,truncated_end,1080,1320,240,60.0
USD-FEDFUNDS-1D,2023-01-31,Tue,truncated_end,1080,1320,240,60.0
USD-FEDFUNDS-1D,2023-02-05,Sun,truncated_end,127,420,293,60.0
USD-FEDFUNDS-1D,2023-02-15,Wed,truncated_end,1080,1320,240,60.0
USD-FEDFUNDS-1D,2023-02-20,Mon,truncated_end,1080,1320,240,60.0
USD-FEDFUNDS-1D,2023-03-02,Thu,truncated_end,1080,1320,240,60.0
USD-FEDFUNDS-1D,2023-03-07,Tue,truncated_end,1080,1320,240,60.0
USD-FEDFUNDS-1D,2023-03-12,Sun,truncated_end,180,360,180,60.0
USD-FEDFUNDS-1D,2023-03-22,Wed,truncated_end,1140,1320,180,60.0
USD-FEDFUNDS-1D,2023-03-27,Mon,truncated_end,1140,1320,180,60.0
USD-FEDFUNDS-1D,2023-04-06,Thu,truncated_end,1140,1320,180,60.0
USD-FEDFUNDS-1D,2023-04-11,Tue,truncated_end,1140,1320,180,60.0
USD-FEDFUNDS-1D,2023-04-16,Sun,truncated_end,180,360,180,60.0
USD-FEDFUNDS-1D,2023-05-01,Mon,truncated_end,462,1320,858,120.0
USD-FEDFUNDS-1D,2023-05-11,Thu,truncated_end,1048,1320,272,60.0
USD-FEDFUNDS-1D,2023-05-16,Tue,truncated_end,1140,1320,180,60.0
USD-FEDFUNDS-1D,2023-05-21,Sun,truncated_end,180,360,180,60.0
USD-FEDFUNDS-1D,2023-05-31,Wed,truncated_end,1039,1320,281,60.0
USD-FEDFUNDS-1D,2023-06-05,Mon,truncated_end,1140,1320,180,60.0
USD-FEDFUNDS-1D,2023-06-15,Thu,truncated_end,1140,1320,180,60.0
USD-FEDFUNDS-1D,2023-06-20,Tue,truncated_end,1140,1320,180,60.0
USD-FEDFUNDS-1D,2023-07-05,Wed,truncated_end,1140,1320,180,60.0
USD-FEDFUNDS-1D,2023-07-10,Mon,truncated_end,1121,1320,199,60.0
USD-FEDFUNDS-1D,2023-07-20,Thu,truncated_end,1114,1320,206,60.0
USD-FEDFUNDS-1D,2023-07-25,Tue,truncated_end,1140,1320,180,60.0
USD-FEDFUNDS-1D,2023-07-30,Sun,truncated_end,180,360,180,60.0
USD-FEDFUNDS-1D,2023-08-09,Wed,truncated_end,1140,1320,180,60.0
USD-FEDFUNDS-1D,2023-08-14,Mon,truncated_end,1139,1320,181,60.0
USD-FEDFUNDS-1D,2023-08-29,Tue,truncated_end,1140,1320,180,60.0
USD-FEDFUNDS-1D,2023-09-03,Sun,truncated_end,180,360,180,60.0
USD-FEDFUNDS-1D,2023-09-13,Wed,truncated_end,1140,1320,180,60.0
USD-FEDFUNDS-1D,2023-09-18,Mon,truncated_end,1134,1320,186,60.0
USD-FEDFUNDS-1D,2023-09-28,Thu,truncated_end,1140,1320,180,60.0
USD-FEDFUNDS-1D,2023-10-03,Tue,truncated_end,1140,1320,180,60.0
USD-FEDFUNDS-1D,2023-10-08,Sun,truncated_end,180,360,180,60.0
USD-FEDFUNDS-1D,2023-10-18,Wed,truncated_end,1140,1320,180,60.0
USD-FEDFUNDS-1D,2023-11-02,Thu,truncated_end,1071,1320,249,60.0
USD-FEDFUNDS-1D,2023-11-07,Tue,truncated_end,1080,1320,240,60.0
USD-FEDFUNDS-1D,2023-11-12,Sun,truncated_end,180,420,240,60.0
USD-FEDFUNDS-1D,2023-11-22,Wed,truncated_end,1075,1320,245,60.0
USD-FEDFUNDS-1D,2023-11-27,Mon,truncated_end,997,1320,323,60.0
USD-FEDFUNDS-1D,2023-12-07,Thu,truncated_end,1079,1320,241,60.0
USD-FEDFUNDS-1D,2023-12-12,Tue,truncated_end,1080,1320,240,60.0
USD-FEDFUNDS-1D,2023-12-17,Sun,truncated_end,180,420,240,60.0
USD-FEDFUNDS-1D,2023-12-27,Wed,truncated_end,1010,1320,310,60.0
USD-FEDFUNDS-1D,2024-01-01,Mon,truncated_end,1080,1320,240,60.0
USD-FEDFUNDS-1D,2024-01-11,Thu,truncated_end,1073,1320,247,60.0
USD-FEDFUNDS-1D,2024-01-16,Tue,truncated_end,1079,1320,241,60.0
USD-FEDFUNDS-1D,2024-01-21,Sun,truncated_end,180,420,240,60.0
USD-FEDFUNDS-1D,2024-01-31,Wed,truncated_end,1001,1320,319,60.0
USD-FEDFUNDS-1D,2024-02-05,Mon,truncated_end,1080,1320,240,60.0
USD-FEDFUNDS-1D,2024-02-15,Thu,truncated_end,1080,1320,240,60.0
USD-FEDFUNDS-1D,2024-02-25,Sun,truncated_end,180,420,240,60.0
USD-FEDFUNDS-1D,2024-03-06,Wed,truncated_end,1079,1320,241,60.0
USD-FEDFUNDS-1D,2024-03-11,Mon,truncated_end,1140,1320,180,60.0
USD-FEDFUNDS-1D,2024-03-21,Thu,truncated_end,1140,1320,180,60.0
USD-FEDFUNDS-1D,2024-03-26,Tue,truncated_end,1140,1320,180,60.0
USD-FEDFUNDS-1D,2024-03-31,Sun,truncated_end,180,360,180,60.0
USD-FEDFUNDS-1D,2024-04-10,Wed,truncated_end,1136,1320,184,60.0
USD-FEDFUNDS-1D,2024-04-15,Mon,truncated_end,1058,1320,262,60.0
USD-FEDFUNDS-1D,2024-04-25,Thu,truncated_end,1132,1320,188,60.0
USD-FEDFUNDS-1D,2024-04-30,Tue,truncated_end,1139,1320,181,60.0
USD-FEDFUNDS-1D,2024-05-05,Sun,truncated_end,180,360,180,60.0
USD-FEDFUNDS-1D,2024-05-15,Wed,truncated_end,1140,1320,180,60.0
USD-FEDFUNDS-1D,2024-05-20,Mon,truncated_end,1133,1320,187,60.0
USD-FEDFUNDS-1D,2024-05-30,Thu,truncated_end,1140,1320,180,60.0
USD-FEDFUNDS-1D,2024-06-04,Tue,truncated_end,1114,1320,206,60.0
USD-FEDFUNDS-1D,2024-06-09,Sun,truncated_end,180,360,180,60.0
USD-FEDFUNDS-1D,2024-06-24,Mon,truncated_end,1139,1320,181,60.0
USD-FEDFUNDS-1D,2024-07-04,Thu,truncated_end,1136,1320,184,60.0
USD-FEDFUNDS-1D,2024-07-09,Tue,truncated_end,1140,1320,180,60.0
USD-FEDFUNDS-1D,2024-07-14,Sun,truncated_end,180,360,180,60.0
USD-FEDFUNDS-1D,2024-07-24,Wed,truncated_end,1140,1320,180,60.0
USD-FEDFUNDS-1D,2024-07-29,Mon,truncated_end,1002,1320,318,60.0
USD-FEDFUNDS-1D,2024-08-08,Thu,truncated_end,1133,1320,187,60.0
USD-FEDFUNDS-1D,2024-08-13,Tue,truncated_end,1127,1320,193,60.0
USD-FEDFUNDS-1D,2024-08-28,Wed,truncated_end,1140,1320,180,60.0
USD-FEDFUNDS-1D,2024-09-02,Mon,truncated_end,1139,1320,181,60.0
USD-FEDFUNDS-1D,2024-09-12,Thu,truncated_end,1094,1320,226,60.0
USD-FEDFUNDS-1D,2024-09-17,Tue,truncated_end,1140,1320,180,60.0
USD-FEDFUNDS-1D,2024-09-22,Sun,truncated_end,180,360,180,60.0
USD-FEDFUNDS-1D,2024-10-02,Wed,truncated_end,1140,1320,180,60.0
USD-FEDFUNDS-1D,2024-10-07,Mon,truncated_end,1140,1320,180,60.0
USD-FEDFUNDS-1D,2024-10-22,Tue,truncated_end,1140,1320,180,60.0
USD-FEDFUNDS-1D,2024-10-27,Sun,truncated_end,180,360,180,60.0
USD-FEDFUNDS-1D,2024-11-06,Wed,truncated_end,1080,1320,240,60.0
USD-FEDFUNDS-1D,2024-11-11,Mon,truncated_end,1076,1320,244,60.0
USD-FEDFUNDS-1D,2024-11-21,Thu,truncated_end,1080,1320,240,60.0
USD-FEDFUNDS-1D,2024-11-26,Tue,truncated_end,1079,1320,241,60.0
USD-FEDFUNDS-1D,2024-12-01,Sun,truncated_end,180,420,240,60.0
USD-FEDFUNDS-1D,2024-12-11,Wed,truncated_end,1075,1320,245,60.0
USD-FEDFUNDS-1D,2024-12-26,Thu,truncated_end,1079,1320,241,60.0
USD-FEDFUNDS-1D,2024-12-31,Tue,truncated_end,1077,1320,243,60.0
USD-FEDFUNDS-1D,2025-01-05,Sun,truncated_end,180,420,240,60.0
USD-FEDFUNDS-1D,2025-01-15,Wed,truncated_end,1079,1320,241,60.0
USD-FEDFUNDS-1D,2025-01-20,Mon,truncated_end,1080,1320,240,60.0
USD-FEDFUNDS-1D,2025-01-30,Thu,truncated_end,1080,1320,240,60.0
USD-FEDFUNDS-1D,2025-02-04,Tue,truncated_end,1080,1320,240,60.0
USD-FEDFUNDS-1D,2025-02-09,Sun,truncated_end,180,420,240,60.0
USD-FEDFUNDS-1D,2025-02-19,Wed,truncated_end,1080,1320,240,60.0
USD-FEDFUNDS-1D,2025-02-24,Mon,truncated_end,1079,1320,241,60.0
USD-FEDFUNDS-1D,2025-03-06,Thu,truncated_end,1079,1320,241,60.0
USD-FEDFUNDS-1D,2025-03-11,Tue,truncated_end,1116,1320,204,60.0
USD-FEDFUNDS-1D,2025-03-16,Sun,truncated_end,180,360,180,60.0
USD-FEDFUNDS-1D,2025-03-26,Wed,truncated_end,1064,1320,256,60.0
USD-FEDFUNDS-1D,2025-03-31,Mon,truncated_end,1140,1320,180,60.0
USD-FEDFUNDS-1D,2025-04-10,Thu,truncated_end,1140,1320,180,60.0
USD-FEDFUNDS-1D,2025-04-20,Sun,truncated_end,116,360,244,60.0
USD-FEDFUNDS-1D,2025-04-30,Wed,truncated_end,1120,1320,200,60.0
USD-FEDFUNDS-1D,2025-05-05,Mon,truncated_end,1072,1320,248,60.0
USD-FEDFUNDS-1D,2025-05-15,Thu,truncated_end,1123,1320,197,60.0
USD-FEDFUNDS-1D,2025-05-20,Tue,truncated_end,1111,1320,209,60.0
USD-FEDFUNDS-1D,2025-05-25,Sun,truncated_end,178,360,182,60.0
USD-FEDFUNDS-1D,2025-06-04,Wed,truncated_end,1123,1320,197,60.0
USD-FEDFUNDS-1D,2025-06-09,Mon,truncated_end,1119,1320,201,60.0
USD-FEDFUNDS-1D,2025-06-19,Thu,truncated_end,1122,1320,198,60.0
USD-FEDFUNDS-1D,2025-06-24,Tue,truncated_end,1119,1320,201,60.0
USD-FEDFUNDS-1D,2025-06-29,Sun,truncated_end,176,360,184,60.0
USD-FEDFUNDS-1D,2025-07-09,Wed,truncated_end,1116,1320,204,60.0
USD-FEDFUNDS-1D,2025-07-14,Mon,truncated_end,1128,1320,192,60.0
USD-FEDFUNDS-1D,2025-07-24,Thu,truncated_end,1124,1320,196,60.0
USD-FEDFUNDS-1D,2025-07-29,Tue,truncated_end,1125,1320,195,60.0
USD-FEDFUNDS-1D,2025-08-03,Sun,truncated_end,177,360,183,60.0
USD-FEDFUNDS-1D,2025-08-18,Mon,truncated_end,1126,1320,194,60.0
USD-FEDFUNDS-1D,2025-08-28,Thu,truncated_end,1130,1320,190,60.0
USD-FEDFUNDS-1D,2025-09-02,Tue,truncated_end,1121,1320,199,60.0
USD-FEDFUNDS-1D,2025-09-07,Sun,truncated_end,175,360,185,60.0
USD-FEDFUNDS-1D,2025-09-17,Wed,truncated_end,1120,1320,200,60.0
USD-FEDFUNDS-1D,2025-09-22,Mon,truncated_end,1120,1320,200,60.0
USD-FEDFUNDS-1D,2025-10-02,Thu,truncated_end,1117,1320,203,60.0
USD-FEDFUNDS-1D,2025-10-07,Tue,truncated_end,1135,1320,185,60.0
USD-FEDFUNDS-1D,2025-10-22,Wed,truncated_end,1116,1320,204,60.0
USD-FEDFUNDS-1D,2025-10-27,Mon,truncated_end,1126,1320,194,60.0
USD-FEDFUNDS-1D,2025-11-06,Thu,truncated_end,1062,1320,258,60.0
USD-FEDFUNDS-1D,2025-11-11,Tue,truncated_end,1063,1320,257,60.0
USD-FEDFUNDS-1D,2025-11-16,Sun,truncated_end,179,420,241,60.0
USD-FEDFUNDS-1D,2025-11-26,Wed,truncated_end,1060,1320,260,60.0
USD-FEDFUNDS-1D,2025-12-01,Mon,truncated_end,1070,1320,250,60.0
USD-FEDFUNDS-1D,2025-12-16,Tue,truncated_end,1056,1320,264,60.0
USD-FEDFUNDS-1D,2025-12-21,Sun,truncated_end,180,420,240,60.0
USD-FEDFUNDS-1D,2025-12-31,Wed,truncated_end,1062,1320,258,60.0
USD-FEDFUNDS-1D,2026-01-05,Mon,truncated_end,1068,1320,252,60.0
USD-FEDFUNDS-1D,2026-01-15,Thu,truncated_end,1061,1320,259,60.0
USD-FEDFUNDS-1D,2026-01-20,Tue,truncated_end,1080,1320,240,60.0
USD-FEDFUNDS-1D,2026-01-25,Sun,truncated_end,180,420,240,60.0
USD-FEDFUNDS-1D,2026-02-04,Wed,truncated_end,1080,1320,240,60.0
USD-FEDFUNDS-1D,2026-02-19,Thu,truncated_end,1072,1320,248,60.0
USD-FEDFUNDS-1D,2026-02-24,Tue,truncated_end,1080,1320,240,60.0
USD-FEDFUNDS-1D,2026-03-01,Sun,truncated_end,180,420,240,60.0
USD-FEDFUNDS-1D,2026-03-11,Wed,truncated_end,1140,1320,180,60.0
USD-FEDFUNDS-1D,2026-03-16,Mon,truncated_end,1140,1320,180,60.0
USD-FEDFUNDS-1D,2026-03-26,Thu,truncated_end,1138,1320,182,60.0
USD-FEDFUNDS-1D,2026-03-31,Tue,truncated_end,1140,1320,180,60.0
USD-FEDFUNDS-1D,2026-04-05,Sun,truncated_end,180,360,180,60.0
USD-FEDFUNDS-1D,2026-04-15,Wed,truncated_end,1086,1320,234,60.0
USD-FEDFUNDS-1D,2026-04-20,Mon,truncated_end,1140,1320,180,60.0
USD-FEDFUNDS-1D,2026-04-30,Thu,truncated_end,1140,1320,180,60.0
USD-FEDFUNDS-1D,2026-05-05,Tue,truncated_end,1140,1320,180,60.0
USD-FEDFUNDS-1D,2026-05-10,Sun,truncated_end,180,360,180,60.0
USD-FEDFUNDS-1D,2026-05-20,Wed,truncated_end,1127,1320,193,60.0
USD-FEDFUNDS-1D,2026-05-25,Mon,truncated_end,1140,1320,180,60.0
USD-FEDFUNDS-1D,2026-06-04,Thu,truncated_end,1131,1320,189,60.0
USD-FEDFUNDS-1D,2026-06-18,Thu,truncated_end,1140,1320,180,60.0
USD-FEDFUNDS-1D,2026-06-23,Tue,truncated_end,1140,1320,180,60.0
USD-FEDFUNDS-1D,2026-06-28,Sun,truncated_end,180,360,180,60.0
USD-FEDFUNDS-1D,2026-07-08,Wed,truncated_end,1091,1320,229,60.0
USD-FEDFUNDS-1D,2026-07-13,Mon,truncated_end,1135,1320,185,60.0
USD-FEDFUNDS-1D,2026-07-23,Thu,truncated_end,1047,1320,273,60.0
USD-FEDFUNDS-1D,2026-07-28,Tue,truncated_end,1140,1320,180,60.0
USD-SOFR-1D,2021-09-14,Tue,interior_gaps,239,1440,1201,60.0
USD-SOFR-1D,2021-11-03,Wed,interior_gaps,239,1440,1201,60.0
USD-SOFR-1D,2021-11-19,Fri,interior_gaps,942,1020,78,60.0
USD-SOFR-1D,2021-11-30,Tue,interior_gaps,1389,1440,51,60.0
USD-SOFR-1D,2022-01-02,Sun,interior_gaps,299,480,181,60.0
USD-SOFR-1D,2022-02-13,Sun,interior_gaps,365,480,115,60.0
USD-SOFR-1D,2022-02-14,Mon,interior_gaps,1392,1440,48,60.0
USD-SOFR-1D,2022-02-15,Tue,interior_gaps,1396,1440,44,60.0
USD-SOFR-1D,2022-02-17,Thu,interior_gaps,1393,1440,47,60.0
USD-SOFR-1D,2022-03-03,Thu,interior_gaps,299,1440,1141,60.0
USD-SOFR-1D,2022-03-21,Mon,interior_gaps,1278,1440,162,60.0
USD-SOFR-1D,2022-03-22,Tue,interior_gaps,1307,1440,133,60.0
USD-SOFR-1D,2022-03-24,Thu,interior_gaps,1347,1440,93,60.0
USD-SOFR-1D,2022-03-27,Sun,interior_gaps,74,420,346,60.0
USD-SOFR-1D,2022-03-29,Tue,interior_gaps,1267,1440,173,60.0
USD-SOFR-1D,2022-03-30,Wed,interior_gaps,1212,1440,228,60.0
USD-SOFR-1D,2022-03-31,Thu,interior_gaps,1243,1440,197,60.0
USD-SOFR-1D,2022-04-26,Tue,interior_gaps,1361,1440,79,60.0
USD-SOFR-1D,2022-04-28,Thu,interior_gaps,1378,1440,62,60.0
USD-SOFR-1D,2022-04-29,Fri,interior_gaps,1041,1080,39,60.0
USD-SOFR-1D,2022-05-02,Mon,interior_gaps,239,1440,1201,60.0
USD-SOFR-1D,2022-05-11,Wed,interior_gaps,1378,1440,62,60.0
USD-SOFR-1D,2022-05-13,Fri,interior_gaps,1028,1080,52,60.0
USD-SOFR-1D,2022-06-30,Thu,interior_gaps,180,1320,1140,60.0
USD-SOFR-1D,2022-08-29,Mon,interior_gaps,180,1320,1140,60.0
USD-SOFR-1D,2022-12-27,Tue,interior_gaps,240,1320,1080,60.0
USD-SOFR-1D,2023-02-06,Mon,interior_gaps,1140,1320,180,60.0
USD-SOFR-1D,2023-02-07,Tue,interior_gaps,1132,1320,188,60.0
USD-SOFR-1D,2023-02-08,Wed,interior_gaps,1120,1320,200,60.0
USD-SOFR-1D,2023-02-09,Thu,interior_gaps,1134,1320,186,60.0
USD-SOFR-1D,2023-02-10,Fri,interior_gaps,868,960,92,60.0
USD-SOFR-1D,2023-04-23,Sun,interior_gaps,327,360,33,60.0
USD-SOFR-1D,2023-04-24,Mon,interior_gaps,1171,1320,149,60.0
USD-SOFR-1D,2023-04-25,Tue,interior_gaps,1159,1320,161,60.0
USD-SOFR-1D,2023-04-26,Wed,interior_gaps,151,1320,1169,60.0
USD-SOFR-1D,2023-04-27,Thu,interior_gaps,1167,1320,153,60.0
USD-SOFR-1D,2023-04-28,Fri,interior_gaps,899,1020,121,60.0
USD-SOFR-1D,2023-04-30,Sun,interior_gaps,330,360,30,60.0
USD-SOFR-1D,2023-05-02,Tue,interior_gaps,1177,1320,143,60.0
USD-SOFR-1D,2023-05-03,Wed,interior_gaps,1189,1320,131,60.0
USD-SOFR-1D,2023-05-04,Thu,interior_gaps,1200,1320,120,60.0
USD-SOFR-1D,2023-05-05,Fri,interior_gaps,930,1020,90,60.0
USD-SOFR-1D,2023-05-07,Sun,interior_gaps,347,360,13,60.0
USD-SOFR-1D,2023-05-08,Mon,interior_gaps,1225,1320,95,60.0
USD-SOFR-1D,2023-05-09,Tue,interior_gaps,1233,1320,87,60.0
USD-SOFR-1D,2023-05-10,Wed,interior_gaps,1234,1320,86,60.0
USD-SOFR-1D,2023-05-12,Fri,interior_gaps,961,1020,59,60.0
USD-SOFR-1D,2023-06-25,Sun,interior_gaps,180,360,180,60.0
USD-SOFR-1D,2023-08-24,Thu,interior_gaps,180,1320,1140,60.0
USD-SOFR-1D,2023-10-22,Sun,interior_gaps,344,360,16,60.0
USD-SOFR-1D,2023-10-23,Mon,interior_gaps,180,1320,1140,60.0
USD-SOFR-1D,2024-02-20,Tue,interior_gaps,240,1320,1080,60.0
USD-SOFR-1D,2024-03-28,Thu,interior_gaps,1115,1320,205,60.0
USD-SOFR-1D,2024-03-29,Fri,interior_gaps,807,1020,213,60.0
USD-SOFR-1D,2024-04-05,Fri,interior_gaps,986,1020,34,60.0
USD-SOFR-1D,2024-04-11,Thu,interior_gaps,1193,1320,127,60.0
USD-SOFR-1D,2024-04-12,Fri,interior_gaps,880,1020,140,60.0
USD-SOFR-1D,2024-04-14,Sun,interior_gaps,337,360,23,60.0
USD-SOFR-1D,2024-04-16,Tue,interior_gaps,1244,1320,76,60.0
USD-SOFR-1D,2024-04-17,Wed,interior_gaps,1241,1320,79,60.0
USD-SOFR-1D,2024-04-18,Thu,interior_gaps,1170,1320,150,60.0
USD-SOFR-1D,2024-05-03,Fri,interior_gaps,978,1020,42,60.0
USD-SOFR-1D,2024-06-16,Sun,interior_gaps,318,360,42,60.0
USD-SOFR-1D,2024-06-19,Wed,interior_gaps,180,1320,1140,60.0
USD-SOFR-1D,2024-07-30,Tue,interior_gaps,1263,1320,57,60.0
USD-SOFR-1D,2024-07-31,Wed,interior_gaps,1276,1320,44,60.0
USD-SOFR-1D,2025-03-10,Mon,interior_gaps,1259,1320,61,60.0
USD-SOFR-1D,2025-03-11,Tue,interior_gaps,1222,1320,98,60.0
USD-SOFR-1D,2025-03-12,Wed,interior_gaps,1247,1320,73,60.0
USD-SOFR-1D,2025-03-14,Fri,interior_gaps,957,1020,63,60.0
USD-SOFR-1D,2025-03-24,Mon,interior_gaps,1235,1320,85,60.0
USD-SOFR-1D,2025-03-25,Tue,interior_gaps,1254,1320,66,60.0
USD-SOFR-1D,2025-03-26,Wed,interior_gaps,1257,1320,63,60.0
USD-SOFR-1D,2025-03-27,Thu,interior_gaps,1189,1320,131,60.0
USD-SOFR-1D,2025-04-20,Sun,interior_gaps,247,360,113,60.0
USD-SOFR-1D,2025-04-21,Mon,interior_gaps,1186,1320,134,60.0
USD-SOFR-1D,2025-04-23,Wed,interior_gaps,1182,1320,138,60.0
USD-SOFR-1D,2025-04-24,Thu,interior_gaps,1199,1320,121,60.0
USD-SOFR-1D,2025-04-25,Fri,interior_gaps,912,1020,108,60.0
USD-SOFR-1D,2025-05-05,Mon,interior_gaps,1183,1320,137,60.0
USD-SOFR-1D,2025-05-06,Tue,interior_gaps,1201,1320,119,60.0
USD-SOFR-1D,2025-05-08,Thu,interior_gaps,1201,1320,119,60.0
USD-SOFR-1D,2025-05-09,Fri,interior_gaps,911,1020,109,60.0
USD-SOFR-1D,2025-06-12,Thu,interior_gaps,1271,1320,49,60.0
USD-SOFR-1D,2025-10-26,Sun,interior_gaps,349,360,11,60.0
USD-SOFR-1D,2025-12-05,Fri,interior_gaps,871,960,89,60.0
USD-SOFR-1D,2026-01-11,Sun,interior_gaps,401,420,19,60.0
USD-SOFR-1D,2026-01-16,Fri,interior_gaps,703,960,257,60.0
USD-SOFR-1D,2026-01-21,Wed,interior_gaps,1228,1320,92,60.0
USD-SOFR-1D,2026-03-22,Sun,interior_gaps,334,360,26,60.0
USD-SOFR-1D,2026-03-24,Tue,interior_gaps,1243,1320,77,60.0
USD-SOFR-1D,2026-04-03,Fri,interior_gaps,876,1020,144,60.0
USD-SOFR-1D,2026-04-09,Thu,interior_gaps,1253,1320,67,60.0
USD-SOFR-1D,2026-04-10,Fri,interior_gaps,928,1020,92,60.0
USD-SOFR-1D,2026-04-15,Wed,interior_gaps,1234,1320,86,60.0
USD-SOFR-1D,2026-04-16,Thu,interior_gaps,1199,1320,121,60.0
USD-SOFR-1D,2026-05-20,Wed,interior_gaps,1280,1320,40,60.0
USD-SOFR-1D,2026-05-21,Thu,interior_gaps,1257,1320,63,60.0
USD-SOFR-1D,2026-06-10,Wed,interior_gaps,1255,1320,65,60.0
USD-SOFR-1D,2026-06-11,Thu,interior_gaps,1102,1320,218,60.0
USD-SOFR-1D,2026-06-12,Fri,interior_gaps,828,1020,192,60.0
USD-SOFR-1D,2026-06-24,Wed,interior_gaps,1220,1320,100,60.0
USD-SOFR-1D,2026-06-25,Thu,interior_gaps,988,1320,332,60.0
USD-SOFR-1D,2026-06-26,Fri,interior_gaps,775,1020,245,60.0
USD-SOFR-1D,2026-07-03,Fri,interior_gaps,972,1020,48,60.0
USD-SOFR-1D,2026-07-08,Wed,interior_gaps,1209,1320,111,60.0
USD-SOFR-1D,2026-07-10,Fri,interior_gaps,742,1020,278,60.0
USD-SOFR-1D,2026-07-15,Wed,interior_gaps,1194,1320,126,60.0
USD-SOFR-1D,2026-07-16,Thu,interior_gaps,1144,1320,176,60.0
USD-SOFR-1D,2026-07-17,Fri,interior_gaps,829,1020,191,60.0
USD-SOFR-1D,2026-07-22,Wed,interior_gaps,1226,1320,94,60.0
USD-SOFR-1D,2026-07-23,Thu,interior_gaps,1164,1320,156,60.0
USD-SOFR-1D,2026-08-09,Sun,interior_gaps,180,360,180,60.0
USD-SOFR-1D,2021-09-19,Sun,truncated_end,180,420,240,60.0
USD-SOFR-1D,2021-09-29,Wed,truncated_end,1200,1440,240,60.0
USD-SOFR-1D,2021-10-04,Mon,truncated_end,1200,1440,240,60.0
USD-SOFR-1D,2021-10-14,Thu,truncated_end,1200,1440,240,60.0
USD-SOFR-1D,2021-10-19,Tue,truncated_end,1200,1440,240,60.0
USD-SOFR-1D,2021-10-24,Sun,truncated_end,180,420,240,60.0
USD-SOFR-1D,2021-11-08,Mon,truncated_end,1140,1440,300,60.0
USD-SOFR-1D,2021-11-18,Thu,truncated_end,1064,1440,376,60.0
USD-SOFR-1D,2021-11-23,Tue,truncated_end,1140,1440,300,60.0
USD-SOFR-1D,2021-11-28,Sun,truncated_end,180,480,300,60.0
USD-SOFR-1D,2021-12-08,Wed,truncated_end,1138,1440,302,60.0
USD-SOFR-1D,2021-12-13,Mon,truncated_end,1140,1440,300,60.0
USD-SOFR-1D,2021-12-23,Thu,truncated_end,1140,1440,300,60.0
USD-SOFR-1D,2021-12-28,Tue,truncated_end,1138,1440,302,60.0
USD-SOFR-1D,2022-01-12,Wed,truncated_end,1140,1440,300,60.0
USD-SOFR-1D,2022-01-17,Mon,truncated_end,1139,1440,301,60.0
USD-SOFR-1D,2022-01-27,Thu,truncated_end,1140,1440,300,60.0
USD-SOFR-1D,2022-02-01,Tue,truncated_end,1140,1440,300,60.0
USD-SOFR-1D,2022-02-06,Sun,truncated_end,180,480,300,60.0
USD-SOFR-1D,2022-02-16,Wed,truncated_end,1112,1440,328,60.0
USD-SOFR-1D,2022-02-21,Mon,truncated_end,1140,1440,300,60.0
USD-SOFR-1D,2022-03-08,Tue,truncated_end,1140,1440,300,60.0
USD-SOFR-1D,2022-03-13,Sun,truncated_end,180,420,240,60.0
USD-SOFR-1D,2022-03-23,Wed,truncated_end,1116,1440,324,60.0
USD-SOFR-1D,2022-03-28,Mon,truncated_end,1036,1440,404,60.0
USD-SOFR-1D,2022-04-07,Thu,truncated_end,1200,1440,240,60.0
USD-SOFR-1D,2022-04-12,Tue,truncated_end,1200,1440,240,60.0
USD-SOFR-1D,2022-04-17,Sun,truncated_end,180,420,240,60.0
USD-SOFR-1D,2022-04-27,Wed,truncated_end,1162,1440,278,60.0
USD-SOFR-1D,2022-05-12,Thu,truncated_end,1142,1440,298,60.0
USD-SOFR-1D,2022-05-17,Tue,truncated_end,1191,1440,249,60.0
USD-SOFR-1D,2022-05-22,Sun,truncated_end,180,420,240,60.0
USD-SOFR-1D,2022-06-01,Wed,truncated_end,1199,1440,241,60.0
USD-SOFR-1D,2022-06-05,Sun,truncated_end,360,420,60,60.0
USD-SOFR-1D,2022-06-06,Mon,truncated_end,1140,1320,180,60.0
USD-SOFR-1D,2022-06-16,Thu,truncated_end,1140,1320,180,60.0
USD-SOFR-1D,2022-06-21,Tue,truncated_end,1140,1320,180,60.0
USD-SOFR-1D,2022-06-26,Sun,truncated_end,180,360,180,60.0
USD-SOFR-1D,2022-07-05,Tue,truncated_end,1140,1320,180,60.0
USD-SOFR-1D,2022-07-10,Sun,truncated_end,180,360,180,60.0
USD-SOFR-1D,2022-07-20,Wed,truncated_end,1140,1320,180,60.0
USD-SOFR-1D,2022-07-25,Mon,truncated_end,1140,1320,180,60.0
USD-SOFR-1D,2022-08-04,Thu,truncated_end,1140,1320,180,60.0
USD-SOFR-1D,2022-08-09,Tue,truncated_end,1140,1320,180,60.0
USD-SOFR-1D,2022-08-14,Sun,truncated_end,180,360,180,60.0
USD-SOFR-1D,2022-08-24,Wed,truncated_end,1140,1320,180,60.0
USD-SOFR-1D,2022-09-08,Thu,truncated_end,1140,1320,180,60.0
USD-SOFR-1D,2022-09-13,Tue,truncated_end,1140,1320,180,60.0
USD-SOFR-1D,2022-09-18,Sun,truncated_end,180,360,180,60.0
USD-SOFR-1D,2022-09-28,Wed,truncated_end,1140,1320,180,60.0
USD-SOFR-1D,2022-10-03,Mon,truncated_end,1140,1320,180,60.0
USD-SOFR-1D,2022-10-13,Thu,truncated_end,1140,1320,180,60.0
USD-SOFR-1D,2022-10-18,Tue,truncated_end,1140,1320,180,60.0
USD-SOFR-1D,2022-10-23,Sun,truncated_end,180,360,180,60.0
USD-SOFR-1D,2022-11-02,Wed,truncated_end,1140,1320,180,60.0
USD-SOFR-1D,2022-11-07,Mon,truncated_end,1080,1320,240,60.0
USD-SOFR-1D,2022-11-17,Thu,truncated_end,1080,1320,240,60.0
USD-SOFR-1D,2022-11-22,Tue,truncated_end,1080,1320,240,60.0
USD-SOFR-1D,2022-11-27,Sun,truncated_end,180,420,240,60.0
USD-SOFR-1D,2022-12-07,Wed,truncated_end,1080,1320,240,60.0
USD-SOFR-1D,2022-12-12,Mon,truncated_end,1080,1320,240,60.0
USD-SOFR-1D,2022-12-22,Thu,truncated_end,1080,1320,240,60.0
USD-SOFR-1D,2023-01-01,Sun,truncated_end,180,420,240,60.0
USD-SOFR-1D,2023-01-11,Wed,truncated_end,1080,1320,240,60.0
USD-SOFR-1D,2023-01-16,Mon,truncated_end,1080,1320,240,60.0
USD-SOFR-1D,2023-01-26,Thu,truncated_end,1079,1320,241,60.0
USD-SOFR-1D,2023-01-31,Tue,truncated_end,1080,1320,240,60.0
USD-SOFR-1D,2023-02-05,Sun,truncated_end,157,420,263,60.0
USD-SOFR-1D,2023-02-15,Wed,truncated_end,1080,1320,240,60.0
USD-SOFR-1D,2023-02-20,Mon,truncated_end,1080,1320,240,60.0
USD-SOFR-1D,2023-03-02,Thu,truncated_end,1080,1320,240,60.0
USD-SOFR-1D,2023-03-07,Tue,truncated_end,1080,1320,240,60.0
USD-SOFR-1D,2023-03-12,Sun,truncated_end,180,360,180,60.0
USD-SOFR-1D,2023-03-22,Wed,truncated_end,1140,1320,180,60.0
USD-SOFR-1D,2023-03-27,Mon,truncated_end,1140,1320,180,60.0
USD-SOFR-1D,2023-04-06,Thu,truncated_end,1140,1320,180,60.0
USD-SOFR-1D,2023-04-11,Tue,truncated_end,1140,1320,180,60.0
USD-SOFR-1D,2023-04-16,Sun,truncated_end,180,360,180,60.0
USD-SOFR-1D,2023-05-01,Mon,truncated_end,1049,1320,271,60.0
USD-SOFR-1D,2023-05-11,Thu,truncated_end,1070,1320,250,60.0
USD-SOFR-1D,2023-05-16,Tue,truncated_end,1140,1320,180,60.0
USD-SOFR-1D,2023-05-21,Sun,truncated_end,180,360,180,60.0
USD-SOFR-1D,2023-05-31,Wed,truncated_end,1138,1320,182,60.0
USD-SOFR-1D,2023-06-05,Mon,truncated_end,1140,1320,180,60.0
USD-SOFR-1D,2023-06-15,Thu,truncated_end,1140,1320,180,60.0
USD-SOFR-1D,2023-06-20,Tue,truncated_end,1140,1320,180,60.0
USD-SOFR-1D,2023-07-05,Wed,truncated_end,1140,1320,180,60.0
USD-SOFR-1D,2023-07-10,Mon,truncated_end,1140,1320,180,60.0
USD-SOFR-1D,2023-07-20,Thu,truncated_end,1140,1320,180,60.0
USD-SOFR-1D,2023-07-25,Tue,truncated_end,1140,1320,180,60.0
USD-SOFR-1D,2023-07-30,Sun,truncated_end,180,360,180,60.0
USD-SOFR-1D,2023-08-09,Wed,truncated_end,1140,1320,180,60.0
USD-SOFR-1D,2023-08-14,Mon,truncated_end,1139,1320,181,60.0
USD-SOFR-1D,2023-08-29,Tue,truncated_end,1140,1320,180,60.0
USD-SOFR-1D,2023-09-03,Sun,truncated_end,180,360,180,60.0
USD-SOFR-1D,2023-09-13,Wed,truncated_end,1140,1320,180,60.0
USD-SOFR-1D,2023-09-18,Mon,truncated_end,1140,1320,180,60.0
USD-SOFR-1D,2023-09-28,Thu,truncated_end,1140,1320,180,60.0
USD-SOFR-1D,2023-10-03,Tue,truncated_end,1140,1320,180,60.0
USD-SOFR-1D,2023-10-08,Sun,truncated_end,180,360,180,60.0
USD-SOFR-1D,2023-10-18,Wed,truncated_end,1140,1320,180,60.0
USD-SOFR-1D,2023-11-02,Thu,truncated_end,1118,1320,202,60.0
USD-SOFR-1D,2023-11-07,Tue,truncated_end,1080,1320,240,60.0
USD-SOFR-1D,2023-11-12,Sun,truncated_end,180,420,240,60.0
USD-SOFR-1D,2023-11-22,Wed,truncated_end,1079,1320,241,60.0
USD-SOFR-1D,2023-11-27,Mon,truncated_end,1068,1320,252,60.0
USD-SOFR-1D,2023-12-07,Thu,truncated_end,1079,1320,241,60.0
USD-SOFR-1D,2023-12-12,Tue,truncated_end,1080,1320,240,60.0
USD-SOFR-1D,2023-12-17,Sun,truncated_end,180,420,240,60.0
USD-SOFR-1D,2023-12-27,Wed,truncated_end,1065,1320,255,60.0
USD-SOFR-1D,2024-01-01,Mon,truncated_end,1080,1320,240,60.0
USD-SOFR-1D,2024-01-11,Thu,truncated_end,1080,1320,240,60.0
USD-SOFR-1D,2024-01-16,Tue,truncated_end,1080,1320,240,60.0
USD-SOFR-1D,2024-01-21,Sun,truncated_end,180,420,240,60.0
USD-SOFR-1D,2024-01-31,Wed,truncated_end,1075,1320,245,60.0
USD-SOFR-1D,2024-02-05,Mon,truncated_end,1080,1320,240,60.0
USD-SOFR-1D,2024-02-15,Thu,truncated_end,1080,1320,240,60.0
USD-SOFR-1D,2024-02-25,Sun,truncated_end,180,420,240,60.0
USD-SOFR-1D,2024-03-06,Wed,truncated_end,1079,1320,241,60.0
USD-SOFR-1D,2024-03-11,Mon,truncated_end,1140,1320,180,60.0
USD-SOFR-1D,2024-03-21,Thu,truncated_end,1140,1320,180,60.0
USD-SOFR-1D,2024-03-26,Tue,truncated_end,1140,1320,180,60.0
USD-SOFR-1D,2024-03-31,Sun,truncated_end,180,360,180,60.0
USD-SOFR-1D,2024-04-10,Wed,truncated_end,1139,1320,181,60.0
USD-SOFR-1D,2024-04-15,Mon,truncated_end,1086,1320,234,60.0
USD-SOFR-1D,2024-04-25,Thu,truncated_end,1138,1320,182,60.0
USD-SOFR-1D,2024-04-30,Tue,truncated_end,1140,1320,180,60.0
USD-SOFR-1D,2024-05-05,Sun,truncated_end,180,360,180,60.0
USD-SOFR-1D,2024-05-15,Wed,truncated_end,1140,1320,180,60.0
USD-SOFR-1D,2024-05-20,Mon,truncated_end,1139,1320,181,60.0
USD-SOFR-1D,2024-05-30,Thu,truncated_end,1140,1320,180,60.0
USD-SOFR-1D,2024-06-04,Tue,truncated_end,1134,1320,186,60.0
USD-SOFR-1D,2024-06-09,Sun,truncated_end,180,360,180,60.0
USD-SOFR-1D,2024-06-24,Mon,truncated_end,1139,1320,181,60.0
USD-SOFR-1D,2024-07-04,Thu,truncated_end,1139,1320,181,60.0
USD-SOFR-1D,2024-07-09,Tue,truncated_end,1140,1320,180,60.0
USD-SOFR-1D,2024-07-14,Sun,truncated_end,180,360,180,60.0
USD-SOFR-1D,2024-07-24,Wed,truncated_end,1140,1320,180,60.0
USD-SOFR-1D,2024-07-29,Mon,truncated_end,1103,1320,217,60.0
USD-SOFR-1D,2024-08-18,Sun,truncated_end,180,360,180,60.0
USD-SOFR-1D,2024-08-20,Tue,truncated_end,1140,1320,180,60.0
USD-SOFR-1D,2024-08-25,Sun,truncated_end,180,360,180,60.0
USD-SOFR-1D,2024-09-04,Wed,truncated_end,1140,1320,180,60.0
USD-SOFR-1D,2024-09-09,Mon,truncated_end,1131,1320,189,60.0
USD-SOFR-1D,2024-09-19,Thu,truncated_end,1140,1320,180,60.0
USD-SOFR-1D,2024-09-24,Tue,truncated_end,1140,1320,180,60.0
USD-SOFR-1D,2024-09-29,Sun,truncated_end,180,360,180,60.0
USD-SOFR-1D,2024-10-09,Wed,truncated_end,1114,1320,206,60.0
USD-SOFR-1D,2024-10-14,Mon,truncated_end,1140,1320,180,60.0
USD-SOFR-1D,2024-10-24,Thu,truncated_end,1139,1320,181,60.0
USD-SOFR-1D,2024-10-29,Tue,truncated_end,1137,1320,183,60.0
USD-SOFR-1D,2024-11-03,Sun,truncated_end,180,420,240,60.0
USD-SOFR-1D,2024-11-13,Wed,truncated_end,1079,1320,241,60.0
USD-SOFR-1D,2024-11-18,Mon,truncated_end,1080,1320,240,60.0
USD-SOFR-1D,2024-11-28,Thu,truncated_end,1080,1320,240,60.0
USD-SOFR-1D,2024-12-03,Tue,truncated_end,1080,1320,240,60.0
USD-SOFR-1D,2024-12-08,Sun,truncated_end,180,420,240,60.0
USD-SOFR-1D,2024-12-18,Wed,truncated_end,1079,1320,241,60.0
USD-SOFR-1D,2024-12-23,Mon,truncated_end,1080,1320,240,60.0
USD-SOFR-1D,2025-01-02,Thu,truncated_end,1080,1320,240,60.0
USD-SOFR-1D,2025-01-07,Tue,truncated_end,1079,1320,241,60.0
USD-SOFR-1D,2025-01-12,Sun,truncated_end,180,420,240,60.0
USD-SOFR-1D,2025-01-22,Wed,truncated_end,1074,1320,246,60.0
USD-SOFR-1D,2025-01-27,Mon,truncated_end,1080,1320,240,60.0
USD-SOFR-1D,2025-02-06,Thu,truncated_end,1080,1320,240,60.0
USD-SOFR-1D,2025-02-11,Tue,truncated_end,1080,1320,240,60.0
USD-SOFR-1D,2025-02-16,Sun,truncated_end,180,420,240,60.0
USD-SOFR-1D,2025-02-26,Wed,truncated_end,1080,1320,240,60.0
USD-SOFR-1D,2025-03-03,Mon,truncated_end,1080,1320,240,60.0
USD-SOFR-1D,2025-03-13,Thu,truncated_end,1071,1320,249,60.0
USD-SOFR-1D,2025-03-18,Tue,truncated_end,1140,1320,180,60.0
USD-SOFR-1D,2025-03-23,Sun,truncated_end,168,360,192,60.0
USD-SOFR-1D,2025-04-02,Wed,truncated_end,1140,1320,180,60.0
USD-SOFR-1D,2025-04-07,Mon,truncated_end,1140,1320,180,60.0
USD-SOFR-1D,2025-04-17,Thu,truncated_end,1139,1320,181,60.0
USD-SOFR-1D,2025-04-22,Tue,truncated_end,996,1320,324,60.0
USD-SOFR-1D,2025-04-27,Sun,truncated_end,176,360,184,60.0
USD-SOFR-1D,2025-05-07,Wed,truncated_end,1031,1320,289,60.0
USD-SOFR-1D,2025-05-12,Mon,truncated_end,1097,1320,223,60.0
USD-SOFR-1D,2025-05-22,Thu,truncated_end,1098,1320,222,60.0
USD-SOFR-1D,2025-05-27,Tue,truncated_end,1125,1320,195,60.0
USD-SOFR-1D,2025-06-01,Sun,truncated_end,178,360,182,60.0
USD-SOFR-1D,2025-06-11,Wed,truncated_end,1105,1320,215,60.0
USD-SOFR-1D,2025-06-16,Mon,truncated_end,1124,1320,196,60.0
USD-SOFR-1D,2025-06-26,Thu,truncated_end,1117,1320,203,60.0
USD-SOFR-1D,2025-07-01,Tue,truncated_end,1120,1320,200,60.0
USD-SOFR-1D,2025-07-06,Sun,truncated_end,177,360,183,60.0
USD-SOFR-1D,2025-07-16,Wed,truncated_end,1129,1320,191,60.0
USD-SOFR-1D,2025-07-21,Mon,truncated_end,1121,1320,199,60.0
USD-SOFR-1D,2025-07-31,Thu,truncated_end,1124,1320,196,60.0
USD-SOFR-1D,2025-08-05,Tue,truncated_end,1119,1320,201,60.0
USD-SOFR-1D,2025-08-10,Sun,truncated_end,176,360,184,60.0
USD-SOFR-1D,2025-08-20,Wed,truncated_end,1119,1320,201,60.0
USD-SOFR-1D,2025-08-25,Mon,truncated_end,1134,1320,186,60.0
USD-SOFR-1D,2025-09-04,Thu,truncated_end,1125,1320,195,60.0
USD-SOFR-1D,2025-09-09,Tue,truncated_end,1131,1320,189,60.0
USD-SOFR-1D,2025-09-14,Sun,truncated_end,177,360,183,60.0
USD-SOFR-1D,2025-09-24,Wed,truncated_end,1121,1320,199,60.0
USD-SOFR-1D,2025-09-29,Mon,truncated_end,1117,1320,203,60.0
USD-SOFR-1D,2025-10-09,Thu,truncated_end,1133,1320,187,60.0
USD-SOFR-1D,2025-10-14,Tue,truncated_end,1123,1320,197,60.0
USD-SOFR-1D,2025-10-19,Sun,truncated_end,177,360,183,60.0
USD-SOFR-1D,2025-10-29,Wed,truncated_end,1123,1320,197,60.0
USD-SOFR-1D,2025-11-03,Mon,truncated_end,1058,1320,262,60.0
USD-SOFR-1D,2025-11-13,Thu,truncated_end,1064,1320,256,60.0
USD-SOFR-1D,2025-11-18,Tue,truncated_end,1074,1320,246,60.0
USD-SOFR-1D,2025-11-23,Sun,truncated_end,177,420,243,60.0
USD-SOFR-1D,2025-12-03,Wed,truncated_end,1070,1320,250,60.0
USD-SOFR-1D,2025-12-08,Mon,truncated_end,1061,1320,259,60.0
USD-SOFR-1D,2025-12-18,Thu,truncated_end,1067,1320,253,60.0
USD-SOFR-1D,2025-12-23,Tue,truncated_end,1072,1320,248,60.0
USD-SOFR-1D,2025-12-28,Sun,truncated_end,175,420,245,60.0
USD-SOFR-1D,2026-01-07,Wed,truncated_end,1073,1320,247,60.0
USD-SOFR-1D,2026-01-12,Mon,truncated_end,1070,1320,250,60.0
USD-SOFR-1D,2026-01-20,Tue,truncated_end,1193,1320,127,60.0
USD-SOFR-1D,2026-01-22,Thu,truncated_end,1080,1320,240,60.0
USD-SOFR-1D,2026-01-27,Tue,truncated_end,1080,1320,240,60.0
USD-SOFR-1D,2026-02-01,Sun,truncated_end,180,420,240,60.0
USD-SOFR-1D,2026-02-11,Wed,truncated_end,1080,1320,240,60.0
USD-SOFR-1D,2026-02-16,Mon,truncated_end,1080,1320,240,60.0
USD-SOFR-1D,2026-02-26,Thu,truncated_end,1080,1320,240,60.0
USD-SOFR-1D,2026-03-03,Tue,truncated_end,1080,1320,240,60.0
USD-SOFR-1D,2026-03-08,Sun,truncated_end,180,360,180,60.0
USD-SOFR-1D,2026-03-18,Wed,truncated_end,1140,1320,180,60.0
USD-SOFR-1D,2026-03-23,Mon,truncated_end,1084,1320,236,60.0
USD-SOFR-1D,2026-04-02,Thu,truncated_end,1085,1320,235,60.0
USD-SOFR-1D,2026-04-07,Tue,truncated_end,1137,1320,183,60.0
USD-SOFR-1D,2026-04-12,Sun,truncated_end,180,360,180,60.0
USD-SOFR-1D,2026-04-22,Wed,truncated_end,1140,1320,180,60.0
USD-SOFR-1D,2026-04-27,Mon,truncated_end,1140,1320,180,60.0
USD-SOFR-1D,2026-05-07,Thu,truncated_end,1140,1320,180,60.0
USD-SOFR-1D,2026-05-12,Tue,truncated_end,1140,1320,180,60.0
USD-SOFR-1D,2026-05-17,Sun,truncated_end,180,360,180,60.0
USD-SOFR-1D,2026-05-27,Wed,truncated_end,1091,1320,229,60.0
USD-SOFR-1D,2026-06-01,Mon,truncated_end,1111,1320,209,60.0
USD-SOFR-1D,2026-06-14,Sun,truncated_end,180,360,180,60.0
USD-SOFR-1D,2026-06-29,Mon,truncated_end,1140,1320,180,60.0
USD-SOFR-1D,2026-07-09,Thu,truncated_end,898,1320,422,60.0
USD-SOFR-1D,2026-07-14,Tue,truncated_end,1140,1320,180,60.0
USD-SOFR-1D,2026-07-19,Sun,truncated_end,180,360,180,60.0
USD-SOFR-1D,2026-07-29,Wed,truncated_end,1139,1320,181,60.0
USD-SOFR-1D,2026-08-03,Mon,truncated_end,1140,1320,180,60.0
USD-SOFR-1D,2026-08-10,Mon,truncated_end,1088,1320,232,60.0
